type	seqid	name	start1	stop	strand	mismatch
primer	PQ304632.1	reverse_primer_6	5416	5434	-	1
primer	PQ304613.1	reverse_primer_6	5420	5438	-	1
primer	PQ304612.1	reverse_primer_6	5420	5438	-	1
primer	PQ310236.1	reverse_primer_6	5420	5438	-	1
primer	PQ310234.1	reverse_primer_6	5420	5438	-	1
primer	PQ310131.1	reverse_primer_6	5424	5442	-	1
primer	PQ310130.1	reverse_primer_6	5424	5442	-	1
primer	PQ310129.1	reverse_primer_6	5424	5442	-	1
primer	PQ310128.1	reverse_primer_6	5424	5442	-	1
primer	PQ310127.1	reverse_primer_6	5424	5442	-	1
primer	PQ310126.1	reverse_primer_6	5424	5442	-	1
primer	PQ310124.1	reverse_primer_6	5424	5442	-	1
primer	PQ308689.1	reverse_primer_6	5420	5438	-	1
primer	PQ308687.1	reverse_primer_6	5420	5438	-	1
primer	PQ308686.1	reverse_primer_6	5420	5438	-	1
primer	PQ308685.1	reverse_primer_6	5420	5438	-	1
primer	PQ308684.1	reverse_primer_6	5424	5442	-	1
primer	OP805361.1	reverse_primer_6	5424	5442	-	1
primer	OP805360.1	reverse_primer_6	5424	5442	-	1
primer	PQ373146.1	reverse_primer_6	5420	5438	-	1
primer	PQ373145.1	reverse_primer_6	5420	5438	-	1
primer	PQ373144.1	reverse_primer_6	5420	5438	-	1
primer	PQ373143.1	reverse_primer_6	5420	5438	-	1
primer	PQ373141.1	reverse_primer_6	5420	5438	-	1
primer	PQ373137.1	reverse_primer_6	5420	5438	-	1
primer	PQ373136.1	reverse_primer_6	5420	5438	-	1
primer	PQ373135.1	reverse_primer_6	5420	5438	-	1
primer	PQ373134.1	reverse_primer_6	5420	5438	-	1
primer	PQ373130.1	reverse_primer_6	5420	5438	-	1
primer	PQ373125.1	reverse_primer_6	5420	5438	-	1
primer	PQ373119.1	reverse_primer_6	5423	5441	-	1
primer	PQ641315.1	reverse_primer_6	5447	5465	-	1
primer	PQ215526.1	reverse_primer_6	5411	5429	-	1
primer	PQ215524.1	reverse_primer_6	5411	5429	-	1
primer	PQ208329.1	reverse_primer_6	5411	5429	-	1
primer	PQ208328.1	reverse_primer_6	5411	5429	-	1
primer	PQ208327.1	reverse_primer_6	5411	5429	-	1
primer	PQ208323.1	reverse_primer_6	5411	5429	-	1
primer	PQ208322.1	reverse_primer_6	5411	5429	-	1
primer	PQ208321.1	reverse_primer_6	5411	5429	-	1
primer	PQ208320.1	reverse_primer_6	5411	5429	-	1
primer	PQ208319.1	reverse_primer_6	5411	5429	-	1
primer	PQ208316.1	reverse_primer_6	5411	5429	-	1
primer	PQ195907.1	reverse_primer_6	5411	5429	-	1
primer	PQ195906.1	reverse_primer_6	5415	5433	-	1
primer	PQ195897.1	reverse_primer_6	5411	5429	-	1
primer	PQ195896.1	reverse_primer_6	5411	5429	-	1
primer	PQ482380.1	reverse_primer_6	5420	5438	-	1
primer	PQ482379.1	reverse_primer_6	5420	5438	-	1
primer	PV784280.1	reverse_primer_6	5424	5442	-	1
primer	PV784278.1	reverse_primer_6	5420	5438	-	1
primer	PV750898.1	reverse_primer_6	5421	5439	-	1
primer	PV750886.1	reverse_primer_6	5420	5438	-	1
primer	OR793084.1	reverse_primer_6	5420	5438	-	1
primer	OR793083.1	reverse_primer_6	5420	5438	-	1
primer	KY947549.1	reverse_primer_6	5414	5432	-	1
primer	KY947548.1	reverse_primer_6	5411	5429	-	1
primer	MW009072.1	reverse_primer_6	5450	5468	-	1
primer	MW009068.1	reverse_primer_6	5450	5468	-	1
primer	LC597126.1	reverse_primer_6	5402	5420	-	1
primer	LC597113.1	reverse_primer_6	5402	5420	-	1
primer	LC597112.1	reverse_primer_6	5424	5442	-	1
primer	LC597111.1	reverse_primer_6	5405	5423	-	1
primer	OR700742.1	reverse_primer_6	5411	5429	-	1
primer	OR713748.1	reverse_primer_6	5411	5429	-	1
primer	PQ196568.1	reverse_primer_6	5415	5433	-	1
primer	PQ196566.1	reverse_primer_6	5411	5429	-	1
primer	PQ196565.1	reverse_primer_6	5411	5429	-	1
primer	PQ196564.1	reverse_primer_6	5415	5433	-	1
primer	PQ196557.1	reverse_primer_6	5411	5429	-	1
primer	PQ196556.1	reverse_primer_6	5411	5429	-	1
primer	PQ196551.1	reverse_primer_6	5415	5433	-	1
primer	PQ196549.1	reverse_primer_6	5415	5433	-	1
primer	PQ196547.1	reverse_primer_6	5411	5429	-	1
primer	PQ196546.1	reverse_primer_6	5415	5433	-	1
primer	PQ196543.1	reverse_primer_6	5415	5433	-	1
primer	PQ196541.1	reverse_primer_6	5411	5429	-	1
primer	PQ196539.1	reverse_primer_6	5411	5429	-	1
primer	PQ196538.1	reverse_primer_6	5411	5429	-	1
primer	PQ196537.1	reverse_primer_6	5415	5433	-	1
primer	PQ196536.1	reverse_primer_6	5415	5433	-	1
primer	PQ196534.1	reverse_primer_6	5411	5429	-	1
primer	PQ196533.1	reverse_primer_6	5415	5433	-	1
primer	PQ196532.1	reverse_primer_6	5415	5433	-	1
primer	PQ196530.1	reverse_primer_6	5411	5429	-	1
primer	PQ196526.1	reverse_primer_6	5415	5433	-	1
primer	PQ196525.1	reverse_primer_6	5415	5433	-	1
primer	PQ196523.1	reverse_primer_6	5415	5433	-	1
primer	PQ196512.1	reverse_primer_6	5415	5433	-	1
primer	MK754443.1	reverse_primer_6	5411	5429	-	1
primer	MK753010.1	reverse_primer_6	5411	5429	-	1
primer	MK753009.1	reverse_primer_6	5411	5429	-	1
primer	MK753008.1	reverse_primer_6	5410	5428	-	1
primer	MK752947.1	reverse_primer_6	5411	5429	-	1
primer	MK752946.1	reverse_primer_6	5411	5429	-	1
primer	MK764014.1	reverse_primer_6	5410	5428	-	1
primer	MK762745.1	reverse_primer_6	5411	5429	-	1
primer	MK762560.1	reverse_primer_6	5408	5426	-	1
primer	MT158861.1	reverse_primer_6	5420	5438	-	1
primer	MT158860.1	reverse_primer_6	5420	5438	-	1
primer	MT233268.1	reverse_primer_6	5420	5438	-	1
primer	MZ265142.1	reverse_primer_6	5451	5469	-	1
primer	MZ268407.1	reverse_primer_6	5408	5426	-	1
primer	MZ291632.1	reverse_primer_6	5420	5438	-	1
primer	MZ291623.1	reverse_primer_6	5424	5442	-	1
primer	OP609646.1	reverse_primer_6	5415	5433	-	1
primer	OP609645.1	reverse_primer_6	5415	5433	-	1
primer	OP609644.1	reverse_primer_6	5415	5433	-	1
primer	OP691295.1	reverse_primer_6	5415	5433	-	1
primer	OP691294.1	reverse_primer_6	5415	5433	-	1
primer	PP267298.1	reverse_primer_6	5424	5442	-	1
primer	PP267285.1	reverse_primer_6	5424	5442	-	1
primer	PP267284.1	reverse_primer_6	5424	5442	-	1
primer	PP267279.1	reverse_primer_6	5424	5442	-	1
primer	PV588797.1	reverse_primer_6	5420	5438	-	1
primer	PV588796.1	reverse_primer_6	5420	5438	-	1
primer	PV588658.1	reverse_primer_6	5420	5438	-	1
primer	PV588657.1	reverse_primer_6	5420	5438	-	1
primer	PV588656.1	reverse_primer_6	5420	5438	-	1
primer	PV588655.1	reverse_primer_6	5420	5438	-	1
primer	PV655189.1	reverse_primer_6	5420	5438	-	1
primer	PV765570.1	reverse_primer_6	5420	5438	-	1
primer	PV765568.1	reverse_primer_6	5420	5438	-	1
primer	PV765565.1	reverse_primer_6	5420	5438	-	1
primer	PV902474.1	reverse_primer_6	5420	5438	-	1
primer	PZ059672.1	reverse_primer_6	5424	5442	-	1
primer	PZ059671.1	reverse_primer_6	5424	5442	-	1
primer	PZ059670.1	reverse_primer_6	5424	5442	-	1
primer	PZ059669.1	reverse_primer_6	5424	5442	-	1
primer	PZ059668.1	reverse_primer_6	5424	5442	-	1
primer	PZ059667.1	reverse_primer_6	5424	5442	-	1
primer	HM596590.4	reverse_primer_6	5412	5430	-	1
primer	KY210920.3	reverse_primer_6	5412	5430	-	1
primer	LC369258.1	reverse_primer_6	5367	5385	-	1
primer	LC369257.1	reverse_primer_6	5419	5437	-	1
primer	LC369256.1	reverse_primer_6	5414	5432	-	1
primer	LC369255.1	reverse_primer_6	5414	5432	-	1
primer	LC369254.1	reverse_primer_6	5424	5442	-	1
primer	LC369253.1	reverse_primer_6	5409	5427	-	1
primer	LC369252.1	reverse_primer_6	5409	5427	-	1
primer	LC369251.1	reverse_primer_6	5409	5427	-	1
primer	LC369249.1	reverse_primer_6	5412	5430	-	1
primer	LC369248.1	reverse_primer_6	5410	5428	-	1
primer	LC369247.1	reverse_primer_6	5410	5428	-	1
primer	LC369246.1	reverse_primer_6	5410	5428	-	1
primer	LC369245.1	reverse_primer_6	5419	5437	-	1
primer	LC369244.1	reverse_primer_6	5424	5442	-	1
primer	LC369243.1	reverse_primer_6	5412	5430	-	1
primer	LC369242.1	reverse_primer_6	5419	5437	-	1
primer	LC369241.1	reverse_primer_6	5418	5436	-	1
primer	LC369240.1	reverse_primer_6	5412	5430	-	1
primer	LC369239.1	reverse_primer_6	5410	5428	-	1
primer	LC369238.1	reverse_primer_6	5418	5436	-	1
primer	LC369237.1	reverse_primer_6	5419	5437	-	1
primer	LC369236.1	reverse_primer_6	5424	5442	-	1
primer	LC369235.1	reverse_primer_6	5416	5434	-	1
primer	LC369234.1	reverse_primer_6	5416	5434	-	1
primer	LC369233.1	reverse_primer_6	5414	5432	-	1
primer	LC369232.1	reverse_primer_6	5414	5432	-	1
primer	LC369231.1	reverse_primer_6	5414	5432	-	1
primer	LC369230.1	reverse_primer_6	5414	5432	-	1
primer	LC369229.1	reverse_primer_6	5414	5432	-	1
primer	LC369228.1	reverse_primer_6	5414	5432	-	1
primer	LC369227.1	reverse_primer_6	5414	5432	-	1
primer	LC369225.1	reverse_primer_6	5412	5430	-	1
primer	LC369224.1	reverse_primer_6	5412	5430	-	1
primer	LC369222.1	reverse_primer_6	5412	5430	-	1
primer	LC369221.1	reverse_primer_6	5410	5428	-	1
primer	LC369220.1	reverse_primer_6	5410	5428	-	1
primer	LC369219.1	reverse_primer_6	5424	5442	-	1
primer	LC369218.1	reverse_primer_6	5416	5434	-	1
primer	LC369217.1	reverse_primer_6	5409	5427	-	1
primer	LC369216.1	reverse_primer_6	5409	5427	-	1
primer	LC369215.1	reverse_primer_6	5419	5437	-	1
primer	LC369214.1	reverse_primer_6	5424	5442	-	1
primer	LC769703.1	reverse_primer_6	5405	5423	-	1
primer	LC919492.1	reverse_primer_6	5408	5426	-	1
primer	LC918524.1	reverse_primer_6	5409	5427	-	1
primer	LC918523.1	reverse_primer_6	5407	5425	-	1
primer	LC918522.1	reverse_primer_6	5409	5427	-	1
primer	LC918521.1	reverse_primer_6	5403	5421	-	1
primer	LC918520.1	reverse_primer_6	5413	5431	-	1
primer	LC918519.1	reverse_primer_6	5421	5439	-	1
primer	LC918518.1	reverse_primer_6	5420	5438	-	1
primer	LC918517.1	reverse_primer_6	5414	5432	-	1
primer	LC918516.1	reverse_primer_6	5412	5430	-	1
primer	LC918515.1	reverse_primer_6	5414	5432	-	1
primer	LC918514.1	reverse_primer_6	5414	5432	-	1
primer	LC918513.1	reverse_primer_6	5407	5425	-	1
primer	LC918512.1	reverse_primer_6	5414	5432	-	1
primer	LC918511.1	reverse_primer_6	5424	5442	-	1
primer	LC918510.1	reverse_primer_6	5424	5442	-	1
primer	LC918509.1	reverse_primer_6	5414	5432	-	1
primer	LC918508.1	reverse_primer_6	5400	5418	-	1
primer	LC918507.1	reverse_primer_6	5410	5428	-	1
primer	LC868438.1	reverse_primer_6	5403	5421	-	1
primer	LC868437.1	reverse_primer_6	5412	5430	-	1
primer	LC868436.1	reverse_primer_6	5410	5428	-	1
primer	LC868435.1	reverse_primer_6	5398	5416	-	1
primer	LC868434.1	reverse_primer_6	5410	5428	-	1
primer	LC868433.1	reverse_primer_6	5405	5423	-	1
primer	LC868432.1	reverse_primer_6	5403	5421	-	1
primer	LC868431.1	reverse_primer_6	5410	5428	-	1
primer	LC868430.1	reverse_primer_6	5410	5428	-	1
primer	LC868429.1	reverse_primer_6	5410	5428	-	1
primer	LC868428.1	reverse_primer_6	5410	5428	-	1
primer	LC868427.1	reverse_primer_6	5412	5430	-	1
primer	LC868426.1	reverse_primer_6	5409	5427	-	1
primer	MG692610.1	reverse_primer_6	5424	5442	-	1
primer	MG892908.3	reverse_primer_6	5415	5433	-	1
primer	MH218689.1	reverse_primer_6	5424	5442	-	1
primer	MH218651.1	reverse_primer_6	5415	5433	-	1
primer	MH218605.1	reverse_primer_6	5415	5433	-	1
primer	MH218591.1	reverse_primer_6	5412	5430	-	1
primer	MK282258.1	reverse_primer_6	5424	5442	-	1
primer	MK282257.1	reverse_primer_6	5424	5442	-	1
primer	MK282256.1	reverse_primer_6	5424	5442	-	1
primer	MK789432.1	reverse_primer_6	5424	5442	-	1
primer	MN853414.1	reverse_primer_6	5424	5442	-	1
primer	MT729791.1	reverse_primer_6	5424	5442	-	1
primer	MT720841.1	reverse_primer_6	5412	5430	-	1
primer	MZ268408.1	reverse_primer_6	5412	5430	-	1
primer	MZ291631.1	reverse_primer_6	5424	5442	-	1
primer	OL943802.1	reverse_primer_6	5415	5433	-	1
primer	OP712199.1	reverse_primer_6	5424	5442	-	1
primer	OP689689.1	reverse_primer_6	5424	5442	-	1
primer	OP686903.1	reverse_primer_6	5415	5433	-	1
primer	OR062612.1	reverse_primer_6	5424	5442	-	1
primer	PP381824.1	reverse_primer_6	5424	5442	-	1
primer	PP587393.1	reverse_primer_6	5424	5442	-	1
primer	PP587392.1	reverse_primer_6	5424	5442	-	1
primer	PQ373142.1	reverse_primer_6	5424	5442	-	1
primer	PQ373140.1	reverse_primer_6	5424	5442	-	1
primer	PQ373139.1	reverse_primer_6	5424	5442	-	1
primer	PQ373138.1	reverse_primer_6	5424	5442	-	1
primer	PQ373133.1	reverse_primer_6	5424	5442	-	1
primer	PQ373132.1	reverse_primer_6	5424	5442	-	1
primer	PQ373131.1	reverse_primer_6	5424	5442	-	1
primer	PQ373127.1	reverse_primer_6	5424	5442	-	1
primer	PQ373126.1	reverse_primer_6	5424	5442	-	1
primer	PQ373124.1	reverse_primer_6	5424	5442	-	1
primer	PQ373123.1	reverse_primer_6	5424	5442	-	1
primer	PQ373122.1	reverse_primer_6	5424	5442	-	1
primer	PQ373121.1	reverse_primer_6	5424	5442	-	1
primer	PQ373120.1	reverse_primer_6	5424	5442	-	1
primer	PQ310522.1	reverse_primer_6	5424	5442	-	1
primer	PQ310521.1	reverse_primer_6	5424	5442	-	1
primer	PQ310520.1	reverse_primer_6	5424	5442	-	1
primer	PQ310519.1	reverse_primer_6	5424	5442	-	1
primer	PQ310518.1	reverse_primer_6	5424	5442	-	1
primer	PQ310235.1	reverse_primer_6	5424	5442	-	1
primer	PQ304614.1	reverse_primer_6	5424	5442	-	1
primer	PQ304611.1	reverse_primer_6	5424	5442	-	1
primer	PQ304610.1	reverse_primer_6	5424	5442	-	1
primer	PQ273196.1	reverse_primer_6	5424	5442	-	1
primer	PQ215575.1	reverse_primer_6	5415	5433	-	1
primer	PQ215546.1	reverse_primer_6	5415	5433	-	1
primer	PQ215545.1	reverse_primer_6	5415	5433	-	1
primer	PQ215544.1	reverse_primer_6	5415	5433	-	1
primer	PQ215543.1	reverse_primer_6	5415	5433	-	1
primer	PQ215528.1	reverse_primer_6	5415	5433	-	1
primer	PQ215525.1	reverse_primer_6	5415	5433	-	1
primer	PV635313.1	reverse_primer_6	5424	5442	-	1
primer	PV765571.1	reverse_primer_6	5424	5442	-	1
primer	PV765567.1	reverse_primer_6	5424	5442	-	1
primer	PV750894.1	reverse_primer_6	5424	5442	-	1
primer	PV750891.1	reverse_primer_6	5424	5442	-	1
primer	PV750882.1	reverse_primer_6	5424	5442	-	1
primer	PV750877.1	reverse_primer_6	5424	5442	-	1
primer	PV784347.1	reverse_primer_6	5424	5442	-	1
primer	PV784345.1	reverse_primer_6	5424	5442	-	1
primer	PV784344.1	reverse_primer_6	5424	5442	-	1
primer	PV784338.1	reverse_primer_6	5424	5442	-	1
primer	PV784331.1	reverse_primer_6	5424	5442	-	1
primer	PV784324.1	reverse_primer_6	5424	5442	-	1
primer	PV784323.1	reverse_primer_6	5424	5442	-	1
primer	PV784318.1	reverse_primer_6	5424	5442	-	1
primer	PV784304.1	reverse_primer_6	5424	5442	-	1
primer	PV784303.1	reverse_primer_6	5424	5442	-	1
primer	PV784302.1	reverse_primer_6	5424	5442	-	1
primer	PV784298.1	reverse_primer_6	5424	5442	-	1
primer	PV784297.1	reverse_primer_6	5424	5442	-	1
primer	PV784296.1	reverse_primer_6	5424	5442	-	1
primer	PV784287.1	reverse_primer_6	5424	5442	-	1
primer	PV784285.1	reverse_primer_6	5424	5442	-	1
primer	PV784279.1	reverse_primer_6	5424	5442	-	1
primer	PV784277.1	reverse_primer_6	5424	5442	-	1
primer	PV784275.1	reverse_primer_6	5424	5442	-	1
primer	PV784273.1	reverse_primer_6	5424	5442	-	1
primer	PV784272.1	reverse_primer_6	5424	5442	-	1
primer	PZ234772.1	reverse_primer_6	5424	5442	-	1
primer	KC962462.3	reverse_primer_6	5415	5433	-	2
primer	MN493873.1	reverse_primer_6	5413	5431	-	2
primer	MN525275.1	reverse_primer_6	5411	5429	-	2
primer	PP564834.1	reverse_primer_6	5415	5433	-	2
primer	PP564833.1	reverse_primer_6	5415	5433	-	2
primer	PP564832.1	reverse_primer_6	5415	5433	-	2
primer	PP564831.1	reverse_primer_6	5415	5433	-	2
primer	PP564830.1	reverse_primer_6	5415	5433	-	2
primer	PP564829.1	reverse_primer_6	5415	5433	-	2
primer	PP658561.1	reverse_primer_6	5414	5432	-	2
primer	PP658560.1	reverse_primer_6	5411	5429	-	2
primer	PP658559.1	reverse_primer_6	5414	5432	-	2
primer	PP658551.1	reverse_primer_6	5415	5433	-	2
primer	PV920370.1	reverse_primer_6	5422	5440	-	2
primer	MH260504.1	reverse_primer_6	5415	5433	-	2
primer	MH260502.1	reverse_primer_6	5415	5433	-	2
primer	MH260492.1	reverse_primer_6	5415	5433	-	2
primer	MH260490.1	reverse_primer_6	5415	5433	-	2
primer	MH260488.1	reverse_primer_6	5415	5433	-	2
primer	MH260485.1	reverse_primer_6	5415	5433	-	2
primer	MH260484.1	reverse_primer_6	5415	5433	-	2
primer	MH260483.1	reverse_primer_6	5415	5433	-	2
primer	MK928499.1	reverse_primer_6	5415	5433	-	2
primer	MK928498.1	reverse_primer_6	5415	5433	-	2
primer	MK928497.1	reverse_primer_6	5415	5433	-	2
primer	MK928496.1	reverse_primer_6	5415	5433	-	2
primer	MT362912.1	reverse_primer_6	5411	5429	-	2
primer	OK376252.1	reverse_primer_6	5414	5432	-	2
primer	OR084264.1	reverse_primer_6	5415	5433	-	2
primer	OR084263.1	reverse_primer_6	5415	5433	-	2
primer	OR084262.1	reverse_primer_6	5415	5433	-	2
primer	OR084260.1	reverse_primer_6	5412	5430	-	2
primer	OR084259.1	reverse_primer_6	5415	5433	-	2
primer	OR084258.1	reverse_primer_6	5415	5433	-	2
primer	OR084257.1	reverse_primer_6	5415	5433	-	2
primer	OR084256.1	reverse_primer_6	5415	5433	-	2
primer	OP205582.1	reverse_primer_6	5415	5433	-	2
primer	OP205580.1	reverse_primer_6	5415	5433	-	2
primer	OP205579.1	reverse_primer_6	5411	5429	-	2
primer	OP205566.1	reverse_primer_6	5411	5429	-	2
primer	OP205541.1	reverse_primer_6	5411	5429	-	2
primer	OP205527.1	reverse_primer_6	5411	5429	-	2
primer	PQ373128.1	reverse_primer_6	5420	5438	-	2
primer	PQ507179.1	reverse_primer_6	5415	5433	-	2
primer	PQ507178.1	reverse_primer_6	5415	5433	-	2
primer	PQ507173.1	reverse_primer_6	5409	5427	-	2
primer	PQ219041.1	reverse_primer_6	5415	5433	-	2
primer	PQ214837.1	reverse_primer_6	5415	5433	-	2
primer	PQ214835.1	reverse_primer_6	5415	5433	-	2
primer	PQ214832.1	reverse_primer_6	5409	5427	-	2
primer	PQ208326.1	reverse_primer_6	5411	5429	-	2
primer	PQ208317.1	reverse_primer_6	5411	5429	-	2
primer	PQ208315.1	reverse_primer_6	5411	5429	-	2
primer	PQ207947.1	reverse_primer_6	5415	5433	-	2
primer	PQ207946.1	reverse_primer_6	5415	5433	-	2
primer	PQ207945.1	reverse_primer_6	5430	5448	-	2
primer	PQ207944.1	reverse_primer_6	5426	5444	-	2
primer	PQ207937.1	reverse_primer_6	5415	5433	-	2
primer	PQ207934.1	reverse_primer_6	5411	5429	-	2
primer	PQ207933.1	reverse_primer_6	5415	5433	-	2
primer	PQ207928.1	reverse_primer_6	5415	5433	-	2
primer	PQ207927.1	reverse_primer_6	5415	5433	-	2
primer	PQ207926.1	reverse_primer_6	5415	5433	-	2
primer	PQ207925.1	reverse_primer_6	5415	5433	-	2
primer	PQ207921.1	reverse_primer_6	5415	5433	-	2
primer	PQ195952.1	reverse_primer_6	5411	5429	-	2
primer	PQ195951.1	reverse_primer_6	5411	5429	-	2
primer	PQ195950.1	reverse_primer_6	5411	5429	-	2
primer	PQ195949.1	reverse_primer_6	5411	5429	-	2
primer	PQ195948.1	reverse_primer_6	5411	5429	-	2
primer	PQ195947.1	reverse_primer_6	5411	5429	-	2
primer	PQ195946.1	reverse_primer_6	5411	5429	-	2
primer	PQ195945.1	reverse_primer_6	5415	5433	-	2
primer	PQ195944.1	reverse_primer_6	5411	5429	-	2
primer	PQ195943.1	reverse_primer_6	5411	5429	-	2
primer	PQ195942.1	reverse_primer_6	5411	5429	-	2
primer	PQ195940.1	reverse_primer_6	5415	5433	-	2
primer	PQ195939.1	reverse_primer_6	5411	5429	-	2
primer	PQ195938.1	reverse_primer_6	5411	5429	-	2
primer	PQ195937.1	reverse_primer_6	5411	5429	-	2
primer	PQ195936.1	reverse_primer_6	5411	5429	-	2
primer	PQ195935.1	reverse_primer_6	5411	5429	-	2
primer	PQ195934.1	reverse_primer_6	5411	5429	-	2
primer	PQ195933.1	reverse_primer_6	5411	5429	-	2
primer	PQ195932.1	reverse_primer_6	5415	5433	-	2
primer	PQ195931.1	reverse_primer_6	5411	5429	-	2
primer	PQ195930.1	reverse_primer_6	5411	5429	-	2
primer	PQ195929.1	reverse_primer_6	5411	5429	-	2
primer	PQ195928.1	reverse_primer_6	5411	5429	-	2
primer	PQ195927.1	reverse_primer_6	5411	5429	-	2
primer	PQ195926.1	reverse_primer_6	5411	5429	-	2
primer	PQ195925.1	reverse_primer_6	5411	5429	-	2
primer	PQ195924.1	reverse_primer_6	5415	5433	-	2
primer	PQ195923.1	reverse_primer_6	5411	5429	-	2
primer	PQ195922.1	reverse_primer_6	5415	5433	-	2
primer	PQ195921.1	reverse_primer_6	5415	5433	-	2
primer	PQ195920.1	reverse_primer_6	5411	5429	-	2
primer	PQ195919.1	reverse_primer_6	5415	5433	-	2
primer	PQ195917.1	reverse_primer_6	5411	5429	-	2
primer	PQ195916.1	reverse_primer_6	5411	5429	-	2
primer	PQ195915.1	reverse_primer_6	5411	5429	-	2
primer	PQ195914.1	reverse_primer_6	5415	5433	-	2
primer	PQ195913.1	reverse_primer_6	5415	5433	-	2
primer	PQ195912.1	reverse_primer_6	5411	5429	-	2
primer	PQ195911.1	reverse_primer_6	5411	5429	-	2
primer	PQ195910.1	reverse_primer_6	5415	5433	-	2
primer	PQ195909.1	reverse_primer_6	5411	5429	-	2
primer	PQ195908.1	reverse_primer_6	5411	5429	-	2
primer	PQ195903.1	reverse_primer_6	5415	5433	-	2
primer	PQ195902.1	reverse_primer_6	5411	5429	-	2
primer	PQ195901.1	reverse_primer_6	5411	5429	-	2
primer	PQ195900.1	reverse_primer_6	5415	5433	-	2
primer	PQ195899.1	reverse_primer_6	5415	5433	-	2
primer	PQ195895.1	reverse_primer_6	5415	5433	-	2
primer	PQ195894.1	reverse_primer_6	5411	5429	-	2
primer	PQ195892.1	reverse_primer_6	5415	5433	-	2
primer	PQ195890.1	reverse_primer_6	5415	5433	-	2
primer	PQ195889.1	reverse_primer_6	5411	5429	-	2
primer	PQ195888.1	reverse_primer_6	5415	5433	-	2
primer	PQ195887.1	reverse_primer_6	5415	5433	-	2
primer	PQ195886.1	reverse_primer_6	5415	5433	-	2
primer	PQ195885.1	reverse_primer_6	5411	5429	-	2
primer	PQ195883.1	reverse_primer_6	5415	5433	-	2
primer	PQ195882.1	reverse_primer_6	5415	5433	-	2
primer	PQ195881.1	reverse_primer_6	5411	5429	-	2
primer	PQ195879.1	reverse_primer_6	5415	5433	-	2
primer	PQ273192.1	reverse_primer_6	5415	5433	-	2
primer	PQ482378.1	reverse_primer_6	5420	5438	-	2
primer	PQ475911.1	reverse_primer_6	5411	5429	-	2
primer	OR793100.1	reverse_primer_6	5411	5429	-	2
primer	OR793099.1	reverse_primer_6	5411	5429	-	2
primer	OR793098.1	reverse_primer_6	5420	5438	-	2
primer	OR793094.1	reverse_primer_6	5411	5429	-	2
primer	OR793093.1	reverse_primer_6	5411	5429	-	2
primer	OR793092.1	reverse_primer_6	5411	5429	-	2
primer	OR793091.1	reverse_primer_6	5411	5429	-	2
primer	OR793090.1	reverse_primer_6	5411	5429	-	2
primer	OR793089.1	reverse_primer_6	5411	5429	-	2
primer	OR793088.1	reverse_primer_6	5411	5429	-	2
primer	OR793087.1	reverse_primer_6	5411	5429	-	2
primer	OR793086.1	reverse_primer_6	5411	5429	-	2
primer	OR793082.1	reverse_primer_6	5411	5429	-	2
primer	PX631122.1	reverse_primer_6	5409	5427	-	2
primer	KY947550.1	reverse_primer_6	5415	5433	-	2
primer	KY947547.1	reverse_primer_6	5414	5432	-	2
primer	KY947546.1	reverse_primer_6	5414	5432	-	2
primer	KY865307.1	reverse_primer_6	5413	5431	-	2
primer	KY865306.1	reverse_primer_6	5415	5433	-	2
primer	MN588307.1	reverse_primer_6	5415	5433	-	2
primer	MN588306.1	reverse_primer_6	5415	5433	-	2
primer	MN588305.1	reverse_primer_6	5415	5433	-	2
primer	MN588304.1	reverse_primer_6	5415	5433	-	2
primer	MN588303.1	reverse_primer_6	5415	5433	-	2
primer	MN588302.1	reverse_primer_6	5415	5433	-	2
primer	MN588301.1	reverse_primer_6	5415	5433	-	2
primer	MN588300.1	reverse_primer_6	5415	5433	-	2
primer	MN588299.1	reverse_primer_6	5415	5433	-	2
primer	MT735394.1	reverse_primer_6	5411	5429	-	2
primer	LC597120.1	reverse_primer_6	5415	5433	-	2
primer	OL721917.1	reverse_primer_6	5415	5433	-	2
primer	OL826943.1	reverse_primer_6	5415	5433	-	2
primer	OL826942.1	reverse_primer_6	5415	5433	-	2
primer	OL826941.1	reverse_primer_6	5415	5433	-	2
primer	OL826940.1	reverse_primer_6	5415	5433	-	2
primer	MZ478140.1	reverse_primer_6	5419	5437	-	2
primer	OR065090.1	reverse_primer_6	5411	5429	-	2
primer	OR051927.1	reverse_primer_6	5411	5429	-	2
primer	OR051787.1	reverse_primer_6	5411	5429	-	2
primer	OR700746.1	reverse_primer_6	5411	5429	-	2
primer	OR700741.1	reverse_primer_6	5411	5429	-	2
primer	PV275066.1	reverse_primer_6	5429	5447	-	2
primer	PV275065.1	reverse_primer_6	5429	5447	-	2
primer	PV275064.1	reverse_primer_6	5429	5447	-	2
primer	PV275059.1	reverse_primer_6	5411	5429	-	2
primer	PV275057.1	reverse_primer_6	5411	5429	-	2
primer	PV275055.1	reverse_primer_6	5411	5429	-	2
primer	PV297973.1	reverse_primer_6	5411	5429	-	2
primer	PQ196562.1	reverse_primer_6	5415	5433	-	2
primer	PQ196561.1	reverse_primer_6	5415	5433	-	2
primer	PQ196529.1	reverse_primer_6	5411	5429	-	2
primer	PQ196528.1	reverse_primer_6	5411	5429	-	2
primer	PQ196520.1	reverse_primer_6	5415	5433	-	2
primer	PQ196518.1	reverse_primer_6	5415	5433	-	2
primer	PQ196517.1	reverse_primer_6	5415	5433	-	2
primer	PQ196516.1	reverse_primer_6	5411	5429	-	2
primer	PQ196514.1	reverse_primer_6	5411	5429	-	2
primer	PQ196508.1	reverse_primer_6	5411	5429	-	2
primer	MG002634.1	reverse_primer_6	5410	5428	-	2
primer	MG002632.1	reverse_primer_6	5410	5428	-	2
primer	MG214988.1	reverse_primer_6	5415	5433	-	2
primer	MK729086.1	reverse_primer_6	5415	5433	-	2
primer	MK756035.1	reverse_primer_6	5413	5431	-	2
primer	MK756034.1	reverse_primer_6	5415	5433	-	2
primer	MK754447.1	reverse_primer_6	5415	5433	-	2
primer	MK754445.1	reverse_primer_6	5411	5429	-	2
primer	MK754442.1	reverse_primer_6	5414	5432	-	2
primer	MK753036.1	reverse_primer_6	5415	5433	-	2
primer	MK753035.1	reverse_primer_6	5413	5431	-	2
primer	MK753033.1	reverse_primer_6	5411	5429	-	2
primer	MK753016.1	reverse_primer_6	5414	5432	-	2
primer	MK753012.1	reverse_primer_6	5414	5432	-	2
primer	MK753007.1	reverse_primer_6	5412	5430	-	2
primer	MK752942.1	reverse_primer_6	5414	5432	-	2
primer	MK752941.1	reverse_primer_6	5412	5430	-	2
primer	MK752939.1	reverse_primer_6	5414	5432	-	2
primer	MK752937.1	reverse_primer_6	5414	5432	-	2
primer	MK752934.1	reverse_primer_6	5411	5429	-	2
primer	MH041322.1	reverse_primer_6	5411	5429	-	2
primer	MH041321.1	reverse_primer_6	5411	5429	-	2
primer	MK764041.1	reverse_primer_6	5415	5433	-	2
primer	MK764039.1	reverse_primer_6	5414	5432	-	2
primer	MK764022.1	reverse_primer_6	5412	5430	-	2
primer	MK764021.1	reverse_primer_6	5415	5433	-	2
primer	MK764015.1	reverse_primer_6	5414	5432	-	2
primer	MK764013.1	reverse_primer_6	5414	5432	-	2
primer	MK762746.1	reverse_primer_6	5414	5432	-	2
primer	MK762637.1	reverse_primer_6	5413	5431	-	2
primer	MK762636.1	reverse_primer_6	5415	5433	-	2
primer	MK762633.1	reverse_primer_6	5415	5433	-	2
primer	MK762632.1	reverse_primer_6	5412	5430	-	2
primer	MK762629.1	reverse_primer_6	5414	5432	-	2
primer	MK762627.1	reverse_primer_6	5414	5432	-	2
primer	MK762626.1	reverse_primer_6	5415	5433	-	2
primer	MK762568.1	reverse_primer_6	5411	5429	-	2
primer	MK762566.1	reverse_primer_6	5411	5429	-	2
primer	MK762564.1	reverse_primer_6	5411	5429	-	2
primer	MK762558.1	reverse_primer_6	5411	5429	-	2
primer	MK773587.1	reverse_primer_6	5415	5433	-	2
primer	MK773585.1	reverse_primer_6	5412	5430	-	2
primer	MK775032.1	reverse_primer_6	5414	5432	-	2
primer	MK775029.1	reverse_primer_6	5414	5432	-	2
primer	MK614137.1	reverse_primer_6	5411	5429	-	2
primer	MK614136.1	reverse_primer_6	5411	5429	-	2
primer	MK614135.1	reverse_primer_6	5411	5429	-	2
primer	MK614134.1	reverse_primer_6	5411	5429	-	2
primer	MK614133.1	reverse_primer_6	5411	5429	-	2
primer	MK614132.1	reverse_primer_6	5411	5429	-	2
primer	MK614131.1	reverse_primer_6	5411	5429	-	2
primer	MK614130.1	reverse_primer_6	5411	5429	-	2
primer	MK614129.1	reverse_primer_6	5411	5429	-	2
primer	MK614128.1	reverse_primer_6	5411	5429	-	2
primer	MK614127.1	reverse_primer_6	5411	5429	-	2
primer	MK614126.1	reverse_primer_6	5411	5429	-	2
primer	MK614125.1	reverse_primer_6	5411	5429	-	2
primer	MK614124.1	reverse_primer_6	5411	5429	-	2
primer	MN308020.1	reverse_primer_6	5414	5432	-	2
primer	MN308019.1	reverse_primer_6	5414	5432	-	2
primer	MN308018.1	reverse_primer_6	5414	5432	-	2
primer	MN308017.1	reverse_primer_6	5414	5432	-	2
primer	MN308015.1	reverse_primer_6	5414	5432	-	2
primer	MN308014.1	reverse_primer_6	5414	5432	-	2
primer	MN308012.1	reverse_primer_6	5414	5432	-	2
primer	MN308010.1	reverse_primer_6	5414	5432	-	2
primer	MN308008.1	reverse_primer_6	5414	5432	-	2
primer	MN308003.1	reverse_primer_6	5414	5432	-	2
primer	MN308002.1	reverse_primer_6	5414	5432	-	2
primer	MN308001.1	reverse_primer_6	5414	5432	-	2
primer	MN307999.1	reverse_primer_6	5414	5432	-	2
primer	MN307998.1	reverse_primer_6	5414	5432	-	2
primer	MN307997.1	reverse_primer_6	5414	5432	-	2
primer	MN307996.1	reverse_primer_6	5414	5432	-	2
primer	MN307995.1	reverse_primer_6	5414	5432	-	2
primer	MN307993.1	reverse_primer_6	5414	5432	-	2
primer	MN394542.1	reverse_primer_6	5411	5429	-	2
primer	MT158862.1	reverse_primer_6	5415	5433	-	2
primer	MT158859.1	reverse_primer_6	5411	5429	-	2
primer	MT158858.1	reverse_primer_6	5411	5429	-	2
primer	MT158857.1	reverse_primer_6	5411	5429	-	2
primer	MT158856.1	reverse_primer_6	5411	5429	-	2
primer	MT158855.1	reverse_primer_6	5411	5429	-	2
primer	MT158853.1	reverse_primer_6	5411	5429	-	2
primer	MT158852.1	reverse_primer_6	5411	5429	-	2
primer	MT158851.1	reverse_primer_6	5411	5429	-	2
primer	MT242482.1	reverse_primer_6	5417	5435	-	2
primer	MT218311.1	reverse_primer_6	5414	5432	-	2
primer	MW661283.1	reverse_primer_6	5414	5432	-	2
primer	MW661280.1	reverse_primer_6	5414	5432	-	2
primer	MW661279.1	reverse_primer_6	5411	5429	-	2
primer	MW661277.1	reverse_primer_6	5414	5432	-	2
primer	MW661270.1	reverse_primer_6	5414	5432	-	2
primer	MW661269.1	reverse_primer_6	5413	5431	-	2
primer	MW661268.1	reverse_primer_6	5412	5430	-	2
primer	MW661267.1	reverse_primer_6	5415	5433	-	2
primer	MW661263.1	reverse_primer_6	5415	5433	-	2
primer	MW661261.1	reverse_primer_6	5411	5429	-	2
primer	MW661260.1	reverse_primer_6	5414	5432	-	2
primer	MW661259.1	reverse_primer_6	5414	5432	-	2
primer	MW661258.1	reverse_primer_6	5412	5430	-	2
primer	MW661254.1	reverse_primer_6	5414	5432	-	2
primer	MW661252.1	reverse_primer_6	5412	5430	-	2
primer	MW661251.1	reverse_primer_6	5414	5432	-	2
primer	MW661247.1	reverse_primer_6	5414	5432	-	2
primer	MZ233435.1	reverse_primer_6	5413	5431	-	2
primer	MZ265063.2	reverse_primer_6	5417	5435	-	2
primer	MZ291634.1	reverse_primer_6	5411	5429	-	2
primer	MZ291626.1	reverse_primer_6	5408	5426	-	2
primer	MZ292759.1	reverse_primer_6	5409	5427	-	2
primer	MW581012.1	reverse_primer_6	5415	5433	-	2
primer	MW581011.1	reverse_primer_6	5415	5433	-	2
primer	MW581010.1	reverse_primer_6	5415	5433	-	2
primer	MW581009.1	reverse_primer_6	5415	5433	-	2
primer	MW581008.1	reverse_primer_6	5415	5433	-	2
primer	MW581007.1	reverse_primer_6	5415	5433	-	2
primer	MW581006.1	reverse_primer_6	5415	5433	-	2
primer	MW581005.1	reverse_primer_6	5415	5433	-	2
primer	MW581004.1	reverse_primer_6	5415	5433	-	2
primer	OR397788.1	reverse_primer_6	5415	5433	-	2
primer	OR397787.1	reverse_primer_6	5415	5433	-	2
primer	OR397786.1	reverse_primer_6	5415	5433	-	2
primer	OR397785.1	reverse_primer_6	5415	5433	-	2
primer	OR397784.1	reverse_primer_6	5415	5433	-	2
primer	OR397783.1	reverse_primer_6	5415	5433	-	2
primer	OR397782.1	reverse_primer_6	5415	5433	-	2
primer	OR397781.1	reverse_primer_6	5415	5433	-	2
primer	OR397780.1	reverse_primer_6	5415	5433	-	2
primer	OR397779.1	reverse_primer_6	5415	5433	-	2
primer	OR397778.1	reverse_primer_6	5415	5433	-	2
primer	OR397777.1	reverse_primer_6	5415	5433	-	2
primer	OR397776.1	reverse_primer_6	5415	5433	-	2
primer	OR397775.1	reverse_primer_6	5415	5433	-	2
primer	OR397774.1	reverse_primer_6	5415	5433	-	2
primer	OR397773.1	reverse_primer_6	5415	5433	-	2
primer	OR397772.1	reverse_primer_6	5415	5433	-	2
primer	OR397771.1	reverse_primer_6	5415	5433	-	2
primer	OR397770.1	reverse_primer_6	5415	5433	-	2
primer	OR397769.1	reverse_primer_6	5415	5433	-	2
primer	OR397768.1	reverse_primer_6	5415	5433	-	2
primer	OR397767.1	reverse_primer_6	5415	5433	-	2
primer	OR397766.1	reverse_primer_6	5415	5433	-	2
primer	OR546393.1	reverse_primer_6	5411	5429	-	2
primer	PP381831.1	reverse_primer_6	5415	5433	-	2
primer	OR536496.1	reverse_primer_6	5415	5433	-	2
primer	OR536495.1	reverse_primer_6	5415	5433	-	2
primer	PP498989.1	reverse_primer_6	5411	5429	-	2
primer	PV746278.1	reverse_primer_6	5415	5433	-	2
primer	PV746277.1	reverse_primer_6	5415	5433	-	2
primer	PV746276.1	reverse_primer_6	5415	5433	-	2
primer	PV746275.1	reverse_primer_6	5415	5433	-	2
primer	PV806174.1	reverse_primer_6	5409	5427	-	2
primer	PV806173.1	reverse_primer_6	5409	5427	-	2
primer	PV806172.1	reverse_primer_6	5409	5427	-	2
primer	PV843276.1	reverse_primer_6	5415	5433	-	2
primer	KX586330.1	reverse_primer_6	5411	5429	-	2
primer	KY210980.3	reverse_primer_6	5411	5429	-	2
primer	KY496327.1	reverse_primer_6	5415	5433	-	2
primer	KY905331.1	reverse_primer_6	5416	5434	-	2
primer	LC342059.1	reverse_primer_6	5415	5433	-	2
primer	LC777250.1	reverse_primer_6	5415	5433	-	2
primer	LC769714.1	reverse_primer_6	5403	5421	-	2
primer	LC769708.1	reverse_primer_6	5415	5433	-	2
primer	LC769707.1	reverse_primer_6	5403	5421	-	2
primer	LC769705.1	reverse_primer_6	5406	5424	-	2
primer	LC769699.1	reverse_primer_6	5378	5396	-	2
primer	LC769698.1	reverse_primer_6	5407	5425	-	2
primer	LC769697.1	reverse_primer_6	5415	5433	-	2
primer	LC769696.1	reverse_primer_6	5402	5420	-	2
primer	LC769695.1	reverse_primer_6	5407	5425	-	2
primer	LC769694.1	reverse_primer_6	5415	5433	-	2
primer	LC769693.1	reverse_primer_6	5405	5423	-	2
primer	LC769692.1	reverse_primer_6	5394	5412	-	2
primer	LC769691.1	reverse_primer_6	5401	5419	-	2
primer	LC769688.1	reverse_primer_6	5404	5422	-	2
primer	LC769685.1	reverse_primer_6	5415	5433	-	2
primer	LC769684.1	reverse_primer_6	5401	5419	-	2
primer	LC769683.1	reverse_primer_6	5404	5422	-	2
primer	MG548737.1	reverse_primer_6	5415	5433	-	2
primer	MG049692.1	reverse_primer_6	5411	5429	-	2
primer	MG746045.1	reverse_primer_6	5415	5433	-	2
primer	MG746044.1	reverse_primer_6	5415	5433	-	2
primer	MG746043.1	reverse_primer_6	5415	5433	-	2
primer	MG746042.1	reverse_primer_6	5415	5433	-	2
primer	MG746041.1	reverse_primer_6	5415	5433	-	2
primer	MG746040.1	reverse_primer_6	5415	5433	-	2
primer	MG746039.1	reverse_primer_6	5415	5433	-	2
primer	MG746038.1	reverse_primer_6	5415	5433	-	2
primer	MG746037.1	reverse_primer_6	5415	5433	-	2
primer	MG746036.1	reverse_primer_6	5415	5433	-	2
primer	MG746035.1	reverse_primer_6	5415	5433	-	2
primer	MG746034.1	reverse_primer_6	5415	5433	-	2
primer	MG746033.1	reverse_primer_6	5415	5433	-	2
primer	MG746032.1	reverse_primer_6	5415	5433	-	2
primer	MG746031.1	reverse_primer_6	5415	5433	-	2
primer	MG746030.1	reverse_primer_6	5415	5433	-	2
primer	MG746029.1	reverse_primer_6	5415	5433	-	2
primer	MG746028.1	reverse_primer_6	5415	5433	-	2
primer	MG746027.1	reverse_primer_6	5415	5433	-	2
primer	MG746026.1	reverse_primer_6	5415	5433	-	2
primer	MG746025.1	reverse_primer_6	5415	5433	-	2
primer	MG746024.1	reverse_primer_6	5415	5433	-	2
primer	MG746023.1	reverse_primer_6	5415	5433	-	2
primer	MG746022.1	reverse_primer_6	5415	5433	-	2
primer	MG746021.1	reverse_primer_6	5415	5433	-	2
primer	MG746020.1	reverse_primer_6	5415	5433	-	2
primer	MG746019.1	reverse_primer_6	5415	5433	-	2
primer	MG746018.1	reverse_primer_6	5415	5433	-	2
primer	MG746017.1	reverse_primer_6	5415	5433	-	2
primer	MG746016.1	reverse_primer_6	5415	5433	-	2
primer	MG746015.1	reverse_primer_6	5415	5433	-	2
primer	MG746014.1	reverse_primer_6	5415	5433	-	2
primer	MG746013.1	reverse_primer_6	5415	5433	-	2
primer	MG746012.1	reverse_primer_6	5415	5433	-	2
primer	MG746011.1	reverse_primer_6	5415	5433	-	2
primer	MG746010.1	reverse_primer_6	5415	5433	-	2
primer	MG746009.1	reverse_primer_6	5415	5433	-	2
primer	MG746008.1	reverse_primer_6	5415	5433	-	2
primer	MG746007.1	reverse_primer_6	5415	5433	-	2
primer	MG746006.1	reverse_primer_6	5415	5433	-	2
primer	MG746005.1	reverse_primer_6	5415	5433	-	2
primer	MG746004.1	reverse_primer_6	5415	5433	-	2
primer	MG746003.1	reverse_primer_6	5415	5433	-	2
primer	MG746002.1	reverse_primer_6	5415	5433	-	2
primer	MG746001.1	reverse_primer_6	5415	5433	-	2
primer	MG746000.1	reverse_primer_6	5415	5433	-	2
primer	MG745999.1	reverse_primer_6	5415	5433	-	2
primer	MG745998.1	reverse_primer_6	5415	5433	-	2
primer	MG745997.1	reverse_primer_6	5415	5433	-	2
primer	MG745996.1	reverse_primer_6	5415	5433	-	2
primer	MG745995.1	reverse_primer_6	5415	5433	-	2
primer	MG745994.1	reverse_primer_6	5415	5433	-	2
primer	MG745993.1	reverse_primer_6	5415	5433	-	2
primer	MG745992.1	reverse_primer_6	5415	5433	-	2
primer	MG745991.1	reverse_primer_6	5415	5433	-	2
primer	MG745990.1	reverse_primer_6	5415	5433	-	2
primer	MG745989.1	reverse_primer_6	5415	5433	-	2
primer	MG745988.1	reverse_primer_6	5415	5433	-	2
primer	MG745987.1	reverse_primer_6	5415	5433	-	2
primer	MG745986.1	reverse_primer_6	5415	5433	-	2
primer	MG745985.1	reverse_primer_6	5415	5433	-	2
primer	MG892974.3	reverse_primer_6	5411	5429	-	2
primer	MG892929.3	reverse_primer_6	5415	5433	-	2
primer	MH321825.1	reverse_primer_6	5415	5433	-	2
primer	MH218737.1	reverse_primer_6	5415	5433	-	2
primer	MH218736.1	reverse_primer_6	5415	5433	-	2
primer	MH218735.1	reverse_primer_6	5415	5433	-	2
primer	MH218734.1	reverse_primer_6	5415	5433	-	2
primer	MH218733.1	reverse_primer_6	5415	5433	-	2
primer	MH218731.1	reverse_primer_6	5421	5439	-	2
primer	MH218718.1	reverse_primer_6	5415	5433	-	2
primer	MH218716.1	reverse_primer_6	5415	5433	-	2
primer	MH218715.1	reverse_primer_6	5415	5433	-	2
primer	MH218714.1	reverse_primer_6	5415	5433	-	2
primer	MH218711.1	reverse_primer_6	5415	5433	-	2
primer	MH218710.1	reverse_primer_6	5415	5433	-	2
primer	MH218709.1	reverse_primer_6	5415	5433	-	2
primer	MH218708.1	reverse_primer_6	5415	5433	-	2
primer	MH218707.1	reverse_primer_6	5415	5433	-	2
primer	MH218705.1	reverse_primer_6	5415	5433	-	2
primer	MH218702.1	reverse_primer_6	5415	5433	-	2
primer	MH218701.1	reverse_primer_6	5415	5433	-	2
primer	MH218700.1	reverse_primer_6	5415	5433	-	2
primer	MH218699.1	reverse_primer_6	5415	5433	-	2
primer	MH218697.1	reverse_primer_6	5415	5433	-	2
primer	MH218695.1	reverse_primer_6	5415	5433	-	2
primer	MH218694.1	reverse_primer_6	5415	5433	-	2
primer	MH218692.1	reverse_primer_6	5409	5427	-	2
primer	MH218691.1	reverse_primer_6	5415	5433	-	2
primer	MH218685.1	reverse_primer_6	5415	5433	-	2
primer	MH218684.1	reverse_primer_6	5415	5433	-	2
primer	MH218674.1	reverse_primer_6	5415	5433	-	2
primer	MH218670.1	reverse_primer_6	5415	5433	-	2
primer	MH218665.1	reverse_primer_6	5415	5433	-	2
primer	MH218663.1	reverse_primer_6	5415	5433	-	2
primer	MH218662.1	reverse_primer_6	5415	5433	-	2
primer	MH218661.1	reverse_primer_6	5409	5427	-	2
primer	MH218657.1	reverse_primer_6	5415	5433	-	2
primer	MH218655.1	reverse_primer_6	5415	5433	-	2
primer	MH218652.1	reverse_primer_6	5415	5433	-	2
primer	MH218641.1	reverse_primer_6	5409	5427	-	2
primer	MH218638.1	reverse_primer_6	5415	5433	-	2
primer	MH218636.1	reverse_primer_6	5415	5433	-	2
primer	MH218633.1	reverse_primer_6	5415	5433	-	2
primer	MH218632.1	reverse_primer_6	5415	5433	-	2
primer	MH218631.1	reverse_primer_6	5415	5433	-	2
primer	MH218629.1	reverse_primer_6	5415	5433	-	2
primer	MH218628.1	reverse_primer_6	5415	5433	-	2
primer	MH218627.1	reverse_primer_6	5415	5433	-	2
primer	MH218626.1	reverse_primer_6	5415	5433	-	2
primer	MH218625.1	reverse_primer_6	5415	5433	-	2
primer	MH218624.1	reverse_primer_6	5415	5433	-	2
primer	MH218619.1	reverse_primer_6	5415	5433	-	2
primer	MH218617.1	reverse_primer_6	5415	5433	-	2
primer	MH218616.1	reverse_primer_6	5415	5433	-	2
primer	MH218615.1	reverse_primer_6	5415	5433	-	2
primer	MH218613.1	reverse_primer_6	5415	5433	-	2
primer	MH218612.1	reverse_primer_6	5415	5433	-	2
primer	MH218611.1	reverse_primer_6	5415	5433	-	2
primer	MH218610.1	reverse_primer_6	5415	5433	-	2
primer	MH218609.1	reverse_primer_6	5415	5433	-	2
primer	MH218608.1	reverse_primer_6	5415	5433	-	2
primer	MH218607.1	reverse_primer_6	5415	5433	-	2
primer	MH218606.1	reverse_primer_6	5415	5433	-	2
primer	MH671553.1	reverse_primer_6	5415	5433	-	2
primer	MH413070.1	reverse_primer_6	5413	5431	-	2
primer	MH979229.1	reverse_primer_6	5415	5433	-	2
primer	MK483909.2	reverse_primer_6	5413	5431	-	2
primer	MK629457.1	reverse_primer_6	5415	5433	-	2
primer	MK934772.1	reverse_primer_6	5415	5433	-	2
primer	MK789435.1	reverse_primer_6	5415	5433	-	2
primer	MK773584.1	reverse_primer_6	5415	5433	-	2
primer	MK764040.1	reverse_primer_6	5412	5430	-	2
primer	MK764016.1	reverse_primer_6	5415	5433	-	2
primer	MK762638.1	reverse_primer_6	5415	5433	-	2
primer	MK762635.1	reverse_primer_6	5415	5433	-	2
primer	MK762624.1	reverse_primer_6	5415	5433	-	2
primer	MK762621.1	reverse_primer_6	5415	5433	-	2
primer	MK753032.1	reverse_primer_6	5415	5433	-	2
primer	MK752938.1	reverse_primer_6	5415	5433	-	2
primer	MK752936.1	reverse_primer_6	5415	5433	-	2
primer	MK752935.1	reverse_primer_6	5415	5433	-	2
primer	MN525276.1	reverse_primer_6	5415	5433	-	2
primer	MN400355.2	reverse_primer_6	5415	5433	-	2
primer	MT238671.1	reverse_primer_6	5415	5433	-	2
primer	MT032004.1	reverse_primer_6	5415	5433	-	2
primer	MT031821.1	reverse_primer_6	5415	5433	-	2
primer	MT031761.1	reverse_primer_6	5415	5433	-	2
primer	MT029316.1	reverse_primer_6	5415	5433	-	2
primer	MT028542.1	reverse_primer_6	5415	5433	-	2
primer	MT026582.1	reverse_primer_6	5415	5433	-	2
primer	MN897756.1	reverse_primer_6	5415	5433	-	2
primer	MN897755.1	reverse_primer_6	5415	5433	-	2
primer	MT738527.1	reverse_primer_6	5415	5433	-	2
primer	MT731332.1	reverse_primer_6	5409	5427	-	2
primer	MT726225.1	reverse_primer_6	5415	5433	-	2
primer	MT725762.1	reverse_primer_6	5415	5433	-	2
primer	MT724793.1	reverse_primer_6	5415	5433	-	2
primer	MT712157.1	reverse_primer_6	5415	5433	-	2
primer	MT712147.1	reverse_primer_6	5421	5439	-	2
primer	MT712130.1	reverse_primer_6	5421	5439	-	2
primer	MW661282.1	reverse_primer_6	5415	5433	-	2
primer	MW661281.1	reverse_primer_6	5415	5433	-	2
primer	MW661278.1	reverse_primer_6	5415	5433	-	2
primer	MW661273.1	reverse_primer_6	5415	5433	-	2
primer	MW661272.1	reverse_primer_6	5415	5433	-	2
primer	MW661271.1	reverse_primer_6	5415	5433	-	2
primer	MW661266.1	reverse_primer_6	5415	5433	-	2
primer	MW661264.1	reverse_primer_6	5415	5433	-	2
primer	MW661253.1	reverse_primer_6	5424	5442	-	2
primer	MW661246.1	reverse_primer_6	5412	5430	-	2
primer	MZ233536.1	reverse_primer_6	5415	5433	-	2
primer	NC_039477.1	reverse_primer_6	5415	5433	-	2
primer	OL943800.1	reverse_primer_6	5415	5433	-	2
primer	OL943799.1	reverse_primer_6	5415	5433	-	2
primer	OL913977.1	reverse_primer_6	5415	5433	-	2
primer	OL913976.1	reverse_primer_6	5415	5433	-	2
primer	OL898516.1	reverse_primer_6	5415	5433	-	2
primer	OL898515.1	reverse_primer_6	5415	5433	-	2
primer	OL898514.1	reverse_primer_6	5415	5433	-	2
primer	OL898512.1	reverse_primer_6	5415	5433	-	2
primer	OL898510.1	reverse_primer_6	5415	5433	-	2
primer	OL898509.1	reverse_primer_6	5415	5433	-	2
primer	OL898508.1	reverse_primer_6	5415	5433	-	2
primer	OL898507.1	reverse_primer_6	5415	5433	-	2
primer	OL898506.1	reverse_primer_6	5421	5439	-	2
primer	OK376264.1	reverse_primer_6	5415	5433	-	2
primer	OK376263.1	reverse_primer_6	5415	5433	-	2
primer	OK376262.1	reverse_primer_6	5415	5433	-	2
primer	OK376261.1	reverse_primer_6	5415	5433	-	2
primer	OK376260.1	reverse_primer_6	5415	5433	-	2
primer	OK376259.1	reverse_primer_6	5415	5433	-	2
primer	OK376258.1	reverse_primer_6	5415	5433	-	2
primer	OK376256.1	reverse_primer_6	5415	5433	-	2
primer	OK376255.1	reverse_primer_6	5415	5433	-	2
primer	OK376254.1	reverse_primer_6	5415	5433	-	2
primer	OK376253.1	reverse_primer_6	5415	5433	-	2
primer	ON329737.1	reverse_primer_6	5415	5433	-	2
primer	OP037983.1	reverse_primer_6	5415	5433	-	2
primer	OP037982.1	reverse_primer_6	5415	5433	-	2
primer	OP037981.1	reverse_primer_6	5415	5433	-	2
primer	OP037980.1	reverse_primer_6	5415	5433	-	2
primer	OP037979.1	reverse_primer_6	5415	5433	-	2
primer	OP037978.1	reverse_primer_6	5415	5433	-	2
primer	OP037977.1	reverse_primer_6	5415	5433	-	2
primer	OP037976.1	reverse_primer_6	5415	5433	-	2
primer	OP712198.1	reverse_primer_6	5415	5433	-	2
primer	OP690427.1	reverse_primer_6	5415	5433	-	2
primer	OP689558.1	reverse_primer_6	5415	5433	-	2
primer	OP689557.1	reverse_primer_6	5415	5433	-	2
primer	OP901694.1	reverse_primer_6	5415	5433	-	2
primer	OQ940082.1	reverse_primer_6	5415	5433	-	2
primer	OQ940081.1	reverse_primer_6	5415	5433	-	2
primer	OQ940080.1	reverse_primer_6	5415	5433	-	2
primer	OQ940079.1	reverse_primer_6	5415	5433	-	2
primer	OQ940078.1	reverse_primer_6	5415	5433	-	2
primer	OQ940077.1	reverse_primer_6	5415	5433	-	2
primer	OQ940076.1	reverse_primer_6	5415	5433	-	2
primer	OQ940075.1	reverse_primer_6	5415	5433	-	2
primer	OQ940074.1	reverse_primer_6	5415	5433	-	2
primer	OQ940073.1	reverse_primer_6	5415	5433	-	2
primer	OQ940072.1	reverse_primer_6	5415	5433	-	2
primer	OQ940071.1	reverse_primer_6	5415	5433	-	2
primer	OQ940070.1	reverse_primer_6	5415	5433	-	2
primer	OQ940069.1	reverse_primer_6	5415	5433	-	2
primer	OQ940068.1	reverse_primer_6	5415	5433	-	2
primer	OR536475.1	reverse_primer_6	5415	5433	-	2
primer	OR262325.1	reverse_primer_6	5415	5433	-	2
primer	OR844383.1	reverse_primer_6	5415	5433	-	2
primer	OR844382.1	reverse_primer_6	5415	5433	-	2
primer	OR844381.1	reverse_primer_6	5415	5433	-	2
primer	OR844380.1	reverse_primer_6	5415	5433	-	2
primer	OR844379.1	reverse_primer_6	5415	5433	-	2
primer	OR844378.1	reverse_primer_6	5415	5433	-	2
primer	OR844377.1	reverse_primer_6	5415	5433	-	2
primer	OR844376.1	reverse_primer_6	5415	5433	-	2
primer	OR844375.1	reverse_primer_6	5415	5433	-	2
primer	OR844374.1	reverse_primer_6	5415	5433	-	2
primer	OR844373.1	reverse_primer_6	5415	5433	-	2
primer	OR844372.1	reverse_primer_6	5415	5433	-	2
primer	OR844371.1	reverse_primer_6	5415	5433	-	2
primer	OR844370.1	reverse_primer_6	5415	5433	-	2
primer	PP661667.1	reverse_primer_6	5415	5433	-	2
primer	PP658553.1	reverse_primer_6	5415	5433	-	2
primer	PP658552.1	reverse_primer_6	5415	5433	-	2
primer	PP549885.1	reverse_primer_6	5415	5433	-	2
primer	PP549884.1	reverse_primer_6	5415	5433	-	2
primer	PP549883.1	reverse_primer_6	5415	5433	-	2
primer	PP549882.1	reverse_primer_6	5415	5433	-	2
primer	PP549881.1	reverse_primer_6	5415	5433	-	2
primer	PP549880.1	reverse_primer_6	5415	5433	-	2
primer	PP549879.1	reverse_primer_6	5415	5433	-	2
primer	PP549878.1	reverse_primer_6	5415	5433	-	2
primer	PP549877.1	reverse_primer_6	5415	5433	-	2
primer	PP549876.1	reverse_primer_6	5415	5433	-	2
primer	PP498988.1	reverse_primer_6	5417	5435	-	2
primer	PP498987.1	reverse_primer_6	5415	5433	-	2
primer	PP498986.1	reverse_primer_6	5415	5433	-	2
primer	PQ100949.1	reverse_primer_6	5409	5427	-	2
primer	PQ100948.1	reverse_primer_6	5409	5427	-	2
primer	PQ100947.1	reverse_primer_6	5409	5427	-	2
primer	PQ100946.1	reverse_primer_6	5409	5427	-	2
primer	PQ273195.1	reverse_primer_6	5415	5433	-	2
primer	PQ273194.1	reverse_primer_6	5415	5433	-	2
primer	PQ218468.1	reverse_primer_6	5415	5433	-	2
primer	PQ215579.1	reverse_primer_6	5415	5433	-	2
primer	PQ215578.1	reverse_primer_6	5415	5433	-	2
primer	PQ215542.1	reverse_primer_6	5415	5433	-	2
primer	PQ215541.1	reverse_primer_6	5415	5433	-	2
primer	PQ215540.1	reverse_primer_6	5415	5433	-	2
primer	PQ215539.1	reverse_primer_6	5415	5433	-	2
primer	PQ215538.1	reverse_primer_6	5415	5433	-	2
primer	PQ213437.1	reverse_primer_6	5415	5433	-	2
primer	PQ213436.1	reverse_primer_6	5415	5433	-	2
primer	PV275062.1	reverse_primer_6	5433	5451	-	2
primer	PV275060.1	reverse_primer_6	5415	5433	-	2
primer	PV275052.1	reverse_primer_6	5415	5433	-	2
primer	PV275046.1	reverse_primer_6	5415	5433	-	2
primer	PV275045.1	reverse_primer_6	5415	5433	-	2
primer	PV275044.1	reverse_primer_6	5415	5433	-	2
primer	PV275040.1	reverse_primer_6	5415	5433	-	2
primer	PX563327.1	reverse_primer_6	5415	5433	-	2
primer	PX285874.1	reverse_primer_6	5415	5433	-	2
primer	PX285872.1	reverse_primer_6	5415	5433	-	2
primer	PX631121.1	reverse_primer_6	5415	5433	-	2
primer	PZ240506.1	reverse_primer_6	5412	5430	-	2
primer	PZ240487.1	reverse_primer_6	5412	5430	-	2
