accession,BLAST_score,begin,end,length,p_type,p_subtype,rdrp_start,rdrp_end,genotype,genotype_subtype,vp1_start,vp1_end
MH218628.1,84.84501,0,7565,7559,GII.P31,None,3572.0,5101.0,GII.4,Sydney_2012,5085,6707
MH218629.1,85.10743,0,7565,7559,GII.P31,None,3572.0,5101.0,GII.4,Sydney_2012,5085,6707
MH218630.1,80.93477,0,7542,7542,GII.P21,None,3572.0,5101.0,GII.3,None,5085,6731
MH218631.1,84.8122,0,7565,7559,GII.P31,None,3572.0,5101.0,GII.4,Sydney_2012,5085,6707
MH218632.1,84.992615,0,7565,7559,GII.P31,None,3572.0,5101.0,GII.4,Sydney_2012,5085,6707
MH218633.1,85.152176,0,7566,7566,GII.P4,New_Orleans_2009,3572.0,5101.0,GII.4,Sydney_2012,5085,6707
MH218634.1,84.63179,0,7566,7560,GII.P31,None,3572.0,5101.0,GII.4,Sydney_2012,5085,6707
MH218635.1,84.63179,0,7565,7559,GII.P31,None,3572.0,5101.0,GII.4,Could not assign,5085,6707
MH218636.1,85.152176,0,7566,7566,GII.P4,New_Orleans_2009,3572.0,5101.0,GII.4,Sydney_2012,5085,6707
MH218637.1,84.63179,0,7565,7559,GII.P31,None,3572.0,5101.0,GII.4,Could not assign,5085,6707
MH218638.1,85.12383,0,7565,7559,GII.P31,None,3572.0,5101.0,GII.4,Sydney_2012,5085,6707
MH218639.1,87.39854,6,7559,7550,GII.P7,None,3500.0,5098.0,GII.6,None,5079,6722
MH218640.1,87.65137,6,7559,7550,GII.P7,None,3500.0,5098.0,GII.6,None,5079,6722
MH218641.1,87.09248,6,7559,7550,GII.P7,None,3500.0,5098.0,GII.6,None,5079,6722
MH218642.1,88.00956,6,7533,7524,GII.P7,None,3500.0,5098.0,GII.6,None,5079,6722
MH218643.1,87.491684,6,7559,7550,GII.P7,None,3500.0,5098.0,GII.6,None,5079,6722
MH218644.1,87.41184,6,7559,7550,GII.P7,None,3500.0,5098.0,GII.6,None,5079,6722
MH218645.1,87.85345,6,7530,7521,GII.P7,None,3500.0,5098.0,GII.6,None,5079,6722
MH218646.1,81.119705,0,7548,7548,GII.P21,None,3572.0,5101.0,GII.3,None,5085,6731
MH218650.1,87.23885,6,7559,7550,GII.P7,None,3500.0,5098.0,GII.6,None,5079,6722
MH218651.1,81.04918,0,7484,7484,GII.P21,None,3572.0,5101.0,GII.13,None,5085,6713
MH218652.1,84.96721,0,7560,7560,GII.P4,New_Orleans_2009,3572.0,5101.0,GII.4,Could not assign,5085,6707
MH218653.1,81.10289,0,7548,7548,GII.P21,None,3572.0,5101.0,GII.3,None,5085,6731
MH218654.1,81.2374,0,7548,7548,GII.P21,None,3572.0,5101.0,GII.3,None,5085,6731
MH218655.1,78.11222,0,7537,7537,GII.P2,None,3572.0,5101.0,GII.2,None,5085,6713
MH218657.1,85.87811,0,7497,7497,GII.P31,None,3572.0,5101.0,GII.2,None,5085,6713
MH218658.1,87.14479,6,7545,7542,GII.P7,None,3500.0,5098.0,GII.7,None,5079,6701
MH218660.1,80.91795,0,7548,7548,GII.P21,None,3572.0,5101.0,GII.3,None,5085,6731
MH218661.1,87.21245,6,7541,7538,GII.P7,None,3500.0,5098.0,GII.7,None,5079,6701
MH218662.1,84.992615,0,7565,7559,GII.P31,None,3572.0,5101.0,GII.4,Sydney_2012,5085,6707
MH218663.1,84.992615,0,7565,7559,GII.P31,None,3572.0,5101.0,GII.4,Sydney_2012,5085,6707
MH218665.1,84.34152,0,7560,7554,GII.P4,New_Orleans_2009,3572.0,5101.0,GII.4,Could not assign,5085,6707
MH218666.1,87.85345,6,7530,7521,GII.P7,None,3500.0,5098.0,GII.6,None,5079,6722
MH218667.1,87.54812,6,7530,7521,GII.P7,None,3500.0,5098.0,GII.6,None,5079,6722
MH218668.1,80.91795,0,7548,7548,GII.P21,None,3572.0,5101.0,GII.3,None,5085,6731
MH218669.1,84.14053,0,7570,7564,GII.P4,New_Orleans_2009,3572.0,5101.0,GII.4,Could not assign,5085,6707
MH218670.1,84.238144,0,7556,7550,GII.P4,New_Orleans_2009,3572.0,5101.0,GII.4,Could not assign,5085,6707
MH218671.1,80.93477,0,7548,7548,GII.P21,None,3572.0,5101.0,GII.3,None,5085,6731
MH218672.1,80.91795,0,7548,7548,GII.P21,None,3572.0,5101.0,GII.3,None,5085,6731
MH218673.1,87.85345,6,7530,7521,GII.P7,None,3500.0,5098.0,GII.6,None,5079,6722
MH218674.1,84.959816,0,7565,7559,GII.P31,None,3572.0,5101.0,GII.4,Sydney_2012,5085,6707
MH218675.1,80.93477,0,7548,7548,GII.P21,None,3572.0,5101.0,GII.3,None,5085,6731
MH218676.1,80.91795,0,7548,7548,GII.P21,None,3572.0,5101.0,GII.3,None,5085,6731
MH218677.1,80.91795,0,7548,7548,GII.P21,None,3572.0,5101.0,GII.3,None,5085,6731
MH218678.1,80.88433,0,7548,7548,GII.P21,None,3572.0,5101.0,GII.3,None,5085,6731
MH218679.1,80.91795,0,7548,7548,GII.P21,None,3572.0,5101.0,GII.3,None,5085,6731
MH218680.1,80.91795,0,7548,7548,GII.P21,None,3572.0,5101.0,GII.3,None,5085,6731
MH218681.1,80.91795,0,7548,7548,GII.P21,None,3572.0,5101.0,GII.3,None,5085,6731
MH218682.1,80.901146,0,7548,7548,GII.P21,None,3572.0,5101.0,GII.3,None,5085,6731
MH218683.1,80.901146,0,7548,7548,GII.P21,None,3572.0,5101.0,GII.3,None,5085,6731
MH218684.1,75.87683,0,7573,7567,GII.P16,None,3572.0,5101.0,GII.4,Sydney_2016,5085,6707
MH218685.1,75.79878,0,7565,7559,GII.P16,None,3572.0,5101.0,GII.4,Sydney_2016,5085,6707
MH218686.1,80.901146,0,7548,7548,GII.P21,None,3572.0,5101.0,GII.3,None,5085,6731
MH218687.1,87.47838,6,7555,7546,GII.P7,None,3500.0,5098.0,GII.6,None,5079,6722
MH218688.1,80.91795,0,7548,7548,GII.P21,None,3572.0,5101.0,GII.3,None,5085,6731
MH218689.1,75.646484,0,7556,7562,GII.P17,None,3581.0,5110.0,GII.17,None,5094,6716
MH218690.1,80.91795,0,7548,7548,GII.P21,None,3572.0,5101.0,GII.3,None,5085,6731
MH218691.1,84.440414,0,7556,7550,GII.P4,New_Orleans_2009,3572.0,5101.0,GII.4,Could not assign,5085,6707
MH218692.1,87.38159,6,7505,7502,GII.P7,None,3500.0,5098.0,GII.7,None,5079,6701
MH218693.1,80.88433,0,7548,7548,GII.P21,None,3572.0,5101.0,GII.3,None,5085,6731
MH218694.1,85.091034,0,7553,7547,GII.P31,None,3572.0,5101.0,GII.4,Sydney_2012,5085,6707
MH218695.1,84.59898,0,7580,7574,GII.P4,New_Orleans_2009,3572.0,5101.0,GII.4,Could not assign,5085,6707
MH218696.1,81.05794,0,7548,7548,GII.P21,None,3572.0,5101.0,GII.3,None,5085,6731
MH218697.1,85.81711,0,7545,7545,GII.P31,None,3572.0,5101.0,GII.2,None,5085,6713
MH218698.1,84.68099,0,7577,7571,GII.P4,New_Orleans_2009,3572.0,5101.0,GII.4,Could not assign,5085,6707
MH218699.1,85.10743,0,7566,7560,GII.P31,None,3572.0,5101.0,GII.4,Sydney_2012,5085,6707
MH218700.1,85.12383,0,7577,7571,GII.P31,None,3572.0,5101.0,GII.4,Sydney_2012,5085,6707
MH218701.1,84.992615,0,7552,7546,GII.P31,None,3572.0,5101.0,GII.4,Sydney_2012,5085,6707
MH218702.1,85.173035,0,7523,7517,GII.P31,None,3572.0,5101.0,GII.4,Sydney_2012,5085,6707
MH218703.1,84.68099,0,7558,7552,GII.P4,New_Orleans_2009,3572.0,5101.0,GII.4,Could not assign,5085,6707
MH218704.1,84.61539,0,7575,7569,GII.P4,New_Orleans_2009,3572.0,5101.0,GII.4,Could not assign,5085,6707
MH218705.1,85.05823,0,7569,7563,GII.P31,None,3572.0,5101.0,GII.4,Sydney_2012,5085,6707
MH218706.1,84.992615,0,7574,7568,GII.P31,None,3572.0,5101.0,GII.4,Sydney_2012,5085,6707
MH218707.1,85.041824,0,7523,7517,GII.P31,None,3572.0,5101.0,GII.4,Sydney_2012,5085,6707
MH218708.1,85.091034,0,7574,7568,GII.P31,None,3572.0,5101.0,GII.4,Sydney_2012,5085,6707
MH218709.1,85.07463,0,7523,7517,GII.P31,None,3572.0,5101.0,GII.4,Sydney_2012,5085,6707
MH218710.1,84.43497,0,7523,7517,GII.P4,New_Orleans_2009,3572.0,5101.0,GII.4,Could not assign,5085,6707
MH218711.1,85.140236,0,7557,7551,GII.P31,None,3572.0,5101.0,GII.4,Sydney_2012,5085,6707
MH218712.1,81.06927,0,7555,7555,GII.P21,None,3572.0,5101.0,GII.3,None,5085,6731
MH218713.1,84.66459,0,7523,7517,GII.P4,New_Orleans_2009,3572.0,5101.0,GII.4,Could not assign,5085,6707
MH218714.1,84.35296,0,7519,7513,GII.P4,New_Orleans_2009,3572.0,5101.0,GII.4,Could not assign,5085,6707
MH218715.1,85.140236,0,7572,7566,GII.P31,None,3572.0,5101.0,GII.4,Sydney_2012,5085,6707
MH218716.1,84.648186,0,7542,7536,GII.P4,New_Orleans_2009,3572.0,5101.0,GII.4,Could not assign,5085,6707
MH218717.1,81.05794,0,7548,7548,GII.P21,None,3572.0,5101.0,GII.3,None,5085,6731
MH218718.1,84.59898,0,7552,7546,GII.P4,New_Orleans_2009,3572.0,5101.0,GII.4,Could not assign,5085,6707
MH218719.1,87.43846,6,7559,7550,GII.P7,None,3500.0,5098.0,GII.6,None,5079,6722
MH218731.1,81.75027,0,7498,7498,GII.P33,None,3578.0,5107.0,GII.1,None,5091,6698
MH218732.1,81.06927,0,7548,7548,GII.P21,None,3572.0,5101.0,GII.3,None,5085,6731
MH218733.1,85.99279,0,7550,7550,GII.P31,None,3572.0,5101.0,GII.2,None,5085,6713
MH218734.1,77.90811,0,7536,7536,GII.P2,None,3572.0,5101.0,GII.2,None,5085,6713
MH218735.1,78.207436,0,7537,7537,GII.P2,None,3572.0,5101.0,GII.2,None,5085,6713
MH218736.1,78.17467,0,7537,7537,GII.P2,None,3572.0,5101.0,GII.2,None,5085,6713
MH218737.1,78.19401,0,7537,7537,GII.P2,None,3572.0,5101.0,GII.2,None,5085,6713
MH218738.1,81.2374,0,7563,7563,GII.P21,None,3572.0,5101.0,GII.3,None,5085,6731
MH321825.1,76.55917,0,7536,7536,GII.P16,None,3572.0,5101.0,GII.2,None,5085,6713
MH413070.1,85.33224,2,7566,7558,GII.P4,Hunter_2004,3570.0,5099.0,GII.4,Hunter_2004,5083,6705
MH671553.1,77.83412,0,7536,7536,GII.P2,None,3572.0,5101.0,GII.2,None,5085,6713
MH979229.1,76.48693,0,7546,7546,GII.P16,None,3572.0,5101.0,GII.2,None,5085,6713
MH979230.1,85.52941,0,7513,7516,GII.P31,None,3572.0,5104.0,GII.4,Sydney_2012,5088,6710
MK282256.1,75.74718,0,7595,7601,GII.P17,None,3581.0,5110.0,GII.17,None,5094,6710
MK282257.1,75.84518,0,7594,7600,GII.P17,None,3581.0,5110.0,GII.17,None,5094,6710
MK282258.1,75.79618,0,7593,7599,GII.P17,None,3581.0,5110.0,GII.17,None,5094,6710
MK483908.2,77.37905,0,7539,7539,GII.P16,None,3572.0,5101.0,GII.1,None,5085,6692
MK483909.2,75.86889,2,7592,7584,GII.P16,None,3570.0,5099.0,GII.4,Sydney_2016,5083,6705
MK629457.1,75.761566,0,7565,7559,GII.P16,None,3572.0,5101.0,GII.4,Sydney_2016,5085,6707
MK641589.1,87.03924,6,7532,7529,GII.P7,None,3566.0,5095.0,GII.14,None,5079,6689
MK752935.1,76.43406,0,7536,7536,GII.P16,None,3572.0,5101.0,GII.2,None,5085,6713
MK752936.1,75.712166,0,7562,7556,GII.P16,None,3572.0,5101.0,GII.4,Sydney_2016,5085,6707
MK752938.1,75.8439,0,7579,7573,GII.P16,None,3572.0,5101.0,GII.4,Sydney_2016,5085,6707
MK753015.1,77.82665,0,7536,7536,GII.P2,None,3572.0,5101.0,GII.2,None,5085,6713
MK753032.1,75.90977,0,7578,7572,GII.P16,None,3572.0,5101.0,GII.4,Sydney_2016,5085,6707
MK762621.1,75.761566,0,7571,7565,GII.P16,None,3572.0,5101.0,GII.4,Sydney_2016,5085,6707
MK762624.1,75.8439,0,7564,7558,GII.P16,None,3572.0,5101.0,GII.4,Sydney_2016,5085,6707
MK762635.1,76.41525,0,7568,7568,GII.P16,None,3572.0,5101.0,GII.4,Sydney_2016,5085,6707
MK762638.1,76.00857,0,7569,7563,GII.P16,None,3572.0,5101.0,GII.4,Sydney_2016,5085,6707
MK764016.1,75.77803,0,7561,7555,GII.P16,None,3572.0,5101.0,GII.4,Sydney_2016,5085,6707
MK764040.1,78.04678,0,7532,7529,GII.P2,None,3569.0,5098.0,GII.2,None,5082,6710
MK773584.1,75.72864,0,7565,7559,GII.P16,None,3572.0,5101.0,GII.4,Sydney_2016,5085,6707
MK789432.1,75.76351,0,7552,7558,GII.P17,None,3581.0,5110.0,GII.17,None,5094,6716
MK789435.1,84.97622,0,7575,7569,GII.P31,None,3572.0,5101.0,GII.4,Could not assign,5085,6707
MK934772.1,85.297516,0,7565,7559,GII.P31,None,3572.0,5101.0,GII.4,Sydney_2012,5085,6707
MN400355.2,85.2966,0,7556,7556,GII.P31,None,3500.0,5104.0,GII.4,Hong_Kong_2019,5085,6707
MN447470.1,76.397766,0,7552,7579,GII.P16,None,3566.0,5095.0,GII.16,None,5079,6701
MN447471.1,76.397766,0,7551,7578,GII.P16,None,3566.0,5095.0,GII.16,None,5079,6701
MN453358.1,69.873505,9,7536,7530,GII.P23,None,3563.0,5092.0,GII.23,None,5076,6707
MN453359.1,68.44744,9,7529,7523,GII.P24,None,3563.0,5092.0,GII.24,None,5076,6704
MN525276.1,75.72864,0,7582,7576,GII.P16,None,3572.0,5101.0,GII.4,Sydney_2016,5085,6707
MN853414.1,75.82884,0,7550,7556,GII.P17,None,3581.0,5110.0,GII.17,None,5094,6716
MN897754.1,85.000824,0,7582,7576,GII.P31,None,3572.0,5101.0,GII.4,Could not assign,5085,6707
MN897755.1,75.81097,0,7586,7580,GII.P16,None,3572.0,5101.0,GII.4,Sydney_2016,5085,6707
MN897756.1,75.86037,0,7569,7563,GII.P16,None,3572.0,5101.0,GII.4,Sydney_2016,5085,6707
MT026582.1,84.539314,0,7563,7557,GII.P4,New_Orleans_2009,3572.0,5101.0,GII.4,Could not assign,5085,6707
MT028542.1,84.730194,0,7566,7560,GII.P31,None,3572.0,5101.0,GII.4,Could not assign,5085,6707
MT029316.1,76.096085,0,7604,7604,GII.P16,None,3572.0,5101.0,GII.4,Sydney_2016,5085,6707
MT031761.1,75.942696,0,7566,7560,GII.P16,None,3572.0,5101.0,GII.4,Sydney_2016,5085,6707
MT031821.1,75.77803,0,7566,7560,GII.P16,None,3572.0,5101.0,GII.4,Sydney_2016,5085,6707
MT032004.1,75.92623,0,7570,7564,GII.P16,None,3572.0,5101.0,GII.4,Sydney_2016,5085,6707
MT232050.1,85.140236,0,7566,7560,GII.P31,None,3572.0,5101.0,GII.4,Sydney_2012,5085,6707
MT238671.1,75.81097,0,7585,7579,GII.P16,None,3572.0,5101.0,GII.4,Sydney_2016,5085,6707
MT712130.1,85.63249,0,7527,7533,GII.P33,None,3578.0,5107.0,GII.12,None,5091,6698
MT712147.1,85.63249,0,7527,7533,GII.P33,None,3578.0,5107.0,GII.12,None,5091,6698
MT712157.1,84.92701,0,7575,7569,GII.P31,None,3572.0,5101.0,GII.4,Could not assign,5085,6707
MT720841.1,76.32312,0,7509,7506,GII.P16,None,3569.0,5098.0,GII.13,None,5082,6710
MT724793.1,78.030426,0,7536,7536,GII.P2,None,3572.0,5101.0,GII.2,None,5085,6713
MT725762.1,84.37449,0,7572,7566,GII.P4,New_Orleans_2009,3572.0,5101.0,GII.4,Could not assign,5085,6707
MT726225.1,85.140236,0,7574,7568,GII.P31,None,3572.0,5101.0,GII.4,Sydney_2012,5085,6707
MT729788.1,83.94292,0,7570,7564,GII.P4,Could not assign,3572.0,5101.0,GII.4,Yerseke_2006a,5085,6707
MT729791.1,75.84518,0,7555,7561,GII.P17,None,3581.0,5110.0,GII.17,None,5094,6716
MT731279.1,87.72419,6,7570,7561,GII.P7,None,3566.0,5095.0,GII.6,None,5079,6722
MT731332.1,86.56969,6,7556,7553,GII.P7,None,3566.0,5095.0,GII.7,None,5079,6701
MT738527.1,76.666664,0,7550,7550,GII.P16,None,3572.0,5101.0,GII.2,None,5085,6713
MT755733.1,89.23594,0,7557,7557,GII.P12,None,3572.0,5101.0,GII.3,None,5085,6731
MW243610.2,92.599976,6,7570,7564,GII.P7,None,3566.0,5095.0,GII.6,None,5079,6731
MW305737.1,89.039635,6,7565,7556,GII.P6,None,3566.0,5095.0,GII.6,None,5079,6722
MW661246.1,76.47155,0,7628,7625,GII.P16,None,3569.0,5098.0,GII.2,None,5082,6710
MW661253.1,75.564644,0,7583,7589,GII.P17,None,3581.0,5110.0,GII.17,None,5094,6710
MW661264.1,75.78497,0,7624,7618,GII.P16,None,3572.0,5101.0,GII.4,Sydney_2016,5085,6707
MW661266.1,77.991196,0,7517,7511,GII.P16,None,3572.0,5101.0,GII.1,None,5085,6692
MW661271.1,77.991196,0,7524,7518,GII.P16,None,3572.0,5101.0,GII.1,None,5085,6692
MW661272.1,78.03121,0,7535,7529,GII.P16,None,3572.0,5101.0,GII.1,None,5085,6692
MW661273.1,76.46096,0,7533,7533,GII.P16,None,3572.0,5101.0,GII.2,None,5085,6713
MW661274.1,87.830475,6,7559,7550,GII.P7,None,3566.0,5095.0,GII.6,None,5079,6722
MW661275.1,87.830475,6,7593,7584,GII.P7,None,3566.0,5095.0,GII.6,None,5079,6722
MW661278.1,76.00857,0,7611,7605,GII.P16,None,3572.0,5101.0,GII.4,Sydney_2016,5085,6707
MW661281.1,85.1162,0,7606,7600,GII.P31,None,3572.0,5101.0,GII.4,Sydney_2012,5085,6707
MW661282.1,75.97563,0,7609,7603,GII.P16,None,3572.0,5101.0,GII.4,Sydney_2016,5085,6707
MW661284.1,92.29338,6,7579,7570,GII.P7,None,3566.0,5095.0,GII.6,None,5079,6731
MW981327.1,84.885445,0,7560,7554,GII.P31,None,3572.0,5101.0,GII.4,Could not assign,5085,6707
MZ233536.1,84.85248,0,7574,7568,GII.P4,New_Orleans_2009,3572.0,5101.0,GII.4,New_Orleans_2009,5085,6707
MZ268408.1,76.405045,0,7497,7494,GII.P16,None,3569.0,5098.0,GII.13,None,5082,6710
MZ291631.1,75.84518,0,7550,7556,GII.P17,None,3581.0,5110.0,GII.17,None,5094,6716
MZ312111.1,87.24809,6,7550,7544,GII.P7,None,3566.0,5095.0,GII.9,None,5079,6692
NC_039477.1,75.87683,0,7573,7567,GII.P16,None,3572.0,5101.0,GII.4,Sydney_2016,5085,6707
NC_040876.1,87.85345,6,7530,7521,GII.P7,None,3566.0,5095.0,GII.6,None,5079,6722
NC_044932.1,73.92179,9,7531,7525,GII.PNA2,None,3563.0,5092.0,GII.NA2,None,5076,6704
OK376253.1,76.67376,0,7536,7536,GII.P16,None,3572.0,5101.0,GII.2,None,5085,6713
OK376254.1,76.67376,0,7536,7536,GII.P16,None,3572.0,5101.0,GII.2,None,5085,6713
OK376255.1,76.67376,0,7536,7536,GII.P16,None,3572.0,5101.0,GII.2,None,5085,6713
OK376256.1,76.67376,0,7536,7536,GII.P16,None,3572.0,5101.0,GII.2,None,5085,6713
OK376258.1,76.67376,0,7536,7536,GII.P16,None,3572.0,5101.0,GII.2,None,5085,6713
OK376259.1,76.69013,0,7536,7536,GII.P16,None,3572.0,5101.0,GII.2,None,5085,6713
OK376260.1,76.67376,0,7536,7536,GII.P16,None,3572.0,5101.0,GII.2,None,5085,6713
OK376261.1,76.657394,0,7536,7536,GII.P16,None,3572.0,5101.0,GII.2,None,5085,6713
OK376262.1,76.67376,0,7536,7536,GII.P16,None,3572.0,5101.0,GII.2,None,5085,6713
OK376263.1,76.67376,0,7536,7536,GII.P16,None,3572.0,5101.0,GII.2,None,5085,6713
OK376264.1,76.67376,0,7536,7536,GII.P16,None,3572.0,5101.0,GII.2,None,5085,6713
OL451532.1,69.155556,-36,7548,7584,GII.P25,None,3608.0,5137.0,GII.3,None,5121,6767
OL451533.1,69.155556,-36,7548,7584,GII.P25,None,3608.0,5137.0,GII.3,None,5121,6767
OL898506.1,81.93944,0,7520,7520,GII.P33,None,3578.0,5107.0,GII.1,None,5091,6698
OL898507.1,76.646515,0,7536,7536,GII.P16,None,3572.0,5101.0,GII.2,None,5085,6713
OL898508.1,85.304245,0,7566,7560,GII.P31,None,3572.0,5101.0,GII.4,Could not assign,5085,6707
OL898509.1,85.15663,0,7566,7560,GII.P31,None,3572.0,5101.0,GII.4,Sydney_2012,5085,6707
OL898510.1,85.173035,0,7566,7560,GII.P31,None,3572.0,5101.0,GII.4,Sydney_2012,5085,6707
OL898511.1,85.231575,0,7566,7560,GII.P31,None,3572.0,5101.0,GII.4,Sydney_2012,5085,6707
OL898512.1,75.7451,0,7576,7570,GII.P16,None,3572.0,5101.0,GII.4,Sydney_2016,5085,6707
OL898513.1,87.124176,6,7538,7529,GII.P7,None,3566.0,5095.0,GII.14,None,5079,6689
OL898514.1,75.81097,0,7566,7560,GII.P16,None,3572.0,5101.0,GII.4,Sydney_2016,5085,6707
OL898515.1,75.8439,0,7566,7560,GII.P16,None,3572.0,5101.0,GII.4,Sydney_2016,5085,6707
OL898516.1,84.86632,0,7568,7568,GII.P4,New_Orleans_2009,3572.0,5101.0,GII.4,Sydney_2012,5085,6707
OL913975.1,90.2267,0,7548,7548,GII.P12,None,3572.0,5101.0,GII.3,None,5085,6731
OL913976.1,84.92701,0,7566,7560,GII.P31,None,3572.0,5101.0,GII.4,Sydney_2012,5085,6707
OL913977.1,85.173035,0,7565,7559,GII.P31,None,3572.0,5101.0,GII.4,Sydney_2012,5085,6707
OL943799.1,84.238144,0,7564,7558,GII.P4,Den_Haag_2006b,3572.0,5101.0,GII.4,Could not assign,5085,6707
OL943800.1,84.566185,0,7565,7559,GII.P4,Den_Haag_2006b,3572.0,5101.0,GII.4,New_Orleans_2009,5085,6707
OL943801.1,76.252106,0,7549,7546,GII.P16,None,3569.0,5098.0,GII.3,None,5082,6728
OL943802.1,83.7015,0,7531,7546,GII.P31,None,3572.0,5101.0,GII.17,None,5085,6707
ON329737.1,75.708435,0,7587,7581,GII.P16,None,3572.0,5101.0,GII.4,Sydney_2016,5085,6707
ON569431.1,89.48782,0,7556,7556,GII.P12,None,3572.0,5101.0,GII.3,None,5085,6731
OP037976.1,75.757576,0,7566,7560,GII.P16,None,3572.0,5101.0,GII.4,Sydney_2016,5085,6707
OP037977.1,75.741196,0,7566,7560,GII.P16,None,3572.0,5101.0,GII.4,Sydney_2016,5085,6707
OP037978.1,75.659294,0,7566,7560,GII.P16,None,3572.0,5101.0,GII.4,Sydney_2016,5085,6707
OP037979.1,75.692055,0,7566,7560,GII.P16,None,3572.0,5101.0,GII.4,Sydney_2016,5085,6707
OP037980.1,75.724815,0,7566,7560,GII.P16,None,3572.0,5101.0,GII.4,Sydney_2016,5085,6707
OP037981.1,75.642914,0,7566,7560,GII.P16,None,3572.0,5101.0,GII.4,Sydney_2016,5085,6707
OP037982.1,75.724815,0,7566,7560,GII.P16,None,3572.0,5101.0,GII.4,Sydney_2016,5085,6707
OP037983.1,75.659294,0,7566,7560,GII.P16,None,3572.0,5101.0,GII.4,Sydney_2016,5085,6707
OP686903.1,76.4552,0,7542,7548,GII.P16,None,3572.0,5101.0,GII.10,None,5085,6731
OP686904.1,93.28815,0,7527,7533,GII.P8,None,3572.0,5101.0,GII.8,None,5085,6698
OP689557.1,76.55917,0,7545,7545,GII.P16,None,3572.0,5101.0,GII.2,None,5085,6713
OP689558.1,76.55917,0,7545,7545,GII.P16,None,3572.0,5101.0,GII.2,None,5085,6713
OP689689.1,75.891975,0,7559,7565,GII.P17,None,3581.0,5110.0,GII.17,None,5094,6710
OP690425.1,87.773796,6,7569,7560,GII.P7,None,3566.0,5095.0,GII.6,None,5079,6728
OP690426.1,87.773796,6,7569,7560,GII.P7,None,3566.0,5095.0,GII.6,None,5079,6728
OP690427.1,81.29984,0,7527,7527,GII.P16,None,3572.0,5101.0,GII.12,None,5085,6692
OP690505.1,69.04889,-36,7537,7573,GII.P25,None,3608.0,5137.0,GII.3,None,5121,6767
OP712196.1,87.197235,6,7596,7587,GII.P7,None,3566.0,5095.0,GII.6,None,5079,6722
OP712197.1,89.118385,0,7586,7586,GII.P12,None,3572.0,5101.0,GII.3,None,5085,6731
OP712198.1,75.85586,0,7605,7599,GII.P16,None,3572.0,5101.0,GII.4,Sydney_2016,5085,6707
OP712199.1,75.891975,0,7575,7581,GII.P17,None,3581.0,5110.0,GII.17,None,5094,6710
OP901692.1,87.330315,6,7596,7587,GII.P7,None,3566.0,5095.0,GII.6,None,5079,6722
OP901693.1,89.40386,0,7586,7586,GII.P12,None,3572.0,5101.0,GII.3,None,5085,6731
OP901694.1,75.659294,0,7605,7599,GII.P16,None,3572.0,5101.0,GII.4,Sydney_2016,5085,6707
OQ342793.1,69.58319,-36,7548,7584,GII.P25,None,3608.0,5137.0,GII.3,None,5121,6767
OQ940068.1,75.82743,0,7566,7560,GII.P16,None,3572.0,5101.0,GII.4,Sydney_2016,5085,6707
OQ940069.1,75.57739,0,7566,7560,GII.P16,None,3572.0,5101.0,GII.4,Sydney_2016,5085,6707
OQ940070.1,75.62653,0,7566,7560,GII.P16,None,3572.0,5101.0,GII.4,Sydney_2016,5085,6707
OQ940071.1,75.757576,0,7566,7560,GII.P16,None,3572.0,5101.0,GII.4,Sydney_2016,5085,6707
OQ940072.1,75.57739,0,7566,7560,GII.P16,None,3572.0,5101.0,GII.4,Sydney_2016,5085,6707
OQ940073.1,75.83948,0,7566,7560,GII.P16,None,3572.0,5101.0,GII.4,Sydney_2016,5085,6707
OQ940074.1,75.675674,0,7566,7560,GII.P16,None,3572.0,5101.0,GII.4,Sydney_2016,5085,6707
OQ940075.1,75.724815,0,7566,7560,GII.P16,None,3572.0,5101.0,GII.4,Sydney_2016,5085,6707
OQ940076.1,75.708435,0,7566,7560,GII.P16,None,3572.0,5101.0,GII.4,Sydney_2016,5085,6707
OQ940077.1,75.77396,0,7566,7560,GII.P16,None,3572.0,5101.0,GII.4,Sydney_2016,5085,6707
OQ940078.1,75.741196,0,7566,7560,GII.P16,None,3572.0,5101.0,GII.4,Sydney_2016,5085,6707
OQ940079.1,75.77396,0,7566,7560,GII.P16,None,3572.0,5101.0,GII.4,Sydney_2016,5085,6707
OQ940080.1,75.692055,0,7566,7560,GII.P16,None,3572.0,5101.0,GII.4,Sydney_2016,5085,6707
OQ940081.1,75.79034,0,7566,7560,GII.P16,None,3572.0,5101.0,GII.4,Sydney_2016,5085,6707
OQ940082.1,75.642914,0,7566,7560,GII.P16,None,3572.0,5101.0,GII.4,Sydney_2016,5085,6707
OR062612.1,75.74718,0,7555,7561,GII.P17,None,3581.0,5110.0,GII.17,None,5094,6716
OR262325.1,84.779396,0,7570,7567,GII.P31,None,3572.0,5101.0,GII.4,Could not assign,5085,6710
OR536466.1,80.70529,0,7547,7547,GII.P21,None,3572.0,5101.0,GII.3,None,5085,6731
OR536467.1,80.75567,0,7542,7542,GII.P21,None,3572.0,5101.0,GII.3,None,5085,6731
OR536468.1,80.9068,0,7537,7537,GII.P21,None,3572.0,5101.0,GII.3,None,5085,6731
OR536469.1,80.570946,0,7547,7547,GII.P21,None,3572.0,5101.0,GII.3,None,5085,6731
OR536470.1,80.53736,0,7547,7547,GII.P21,None,3572.0,5101.0,GII.3,None,5085,6731
OR536472.1,80.570946,0,7547,7547,GII.P21,None,3572.0,5101.0,GII.3,None,5085,6731
OR536473.1,80.52057,0,7547,7547,GII.P21,None,3572.0,5101.0,GII.3,None,5085,6731
OR536475.1,80.769226,0,7543,7543,GII.P21,None,3572.0,5101.0,GII.3,None,5085,6731
OR536476.1,80.52057,0,7547,7547,GII.P21,None,3572.0,5101.0,GII.3,None,5085,6731
OR536477.1,80.78925,0,7547,7547,GII.P21,None,3572.0,5101.0,GII.3,None,5085,6731
OR536478.1,80.806046,0,7547,7547,GII.P21,None,3572.0,5101.0,GII.3,None,5085,6731
OR536479.1,80.53736,0,7547,7547,GII.P21,None,3572.0,5101.0,GII.3,None,5085,6731
OR536480.1,80.654915,0,7547,7547,GII.P21,None,3572.0,5101.0,GII.3,None,5085,6731
OR536481.1,80.55416,0,7547,7547,GII.P21,None,3572.0,5101.0,GII.3,None,5085,6731
OR536482.1,80.654915,0,7543,7543,GII.P21,None,3572.0,5101.0,GII.3,None,5085,6731
OR536483.1,80.722084,0,7547,7547,GII.P21,None,3572.0,5101.0,GII.3,None,5085,6731
OR536484.1,80.722084,0,7547,7547,GII.P21,None,3572.0,5101.0,GII.3,None,5085,6731
OR536485.1,80.58774,0,7547,7547,GII.P21,None,3572.0,5101.0,GII.3,None,5085,6731
OR536486.1,80.722084,0,7547,7547,GII.P21,None,3572.0,5101.0,GII.3,None,5085,6731
OR536487.1,80.75567,0,7547,7547,GII.P21,None,3572.0,5101.0,GII.3,None,5085,6731
OR536488.1,80.60454,0,7547,7547,GII.P21,None,3572.0,5101.0,GII.3,None,5085,6731
OR536489.1,80.58774,0,7547,7547,GII.P21,None,3572.0,5101.0,GII.3,None,5085,6731
OR536490.1,80.53736,0,7540,7540,GII.P21,None,3572.0,5101.0,GII.3,None,5085,6731
OR536491.1,80.76664,0,7547,7547,GII.P21,None,3572.0,5101.0,GII.3,None,5085,6731
OR536492.1,80.49765,0,7540,7540,GII.P21,None,3572.0,5101.0,GII.3,None,5085,6731
OR844370.1,85.18944,0,7565,7559,GII.P31,None,3572.0,5101.0,GII.4,Sydney_2012,5085,6707
OR844371.1,85.25504,0,7565,7559,GII.P31,None,3572.0,5101.0,GII.4,Sydney_2012,5085,6707
OR844372.1,85.18944,0,7565,7559,GII.P31,None,3572.0,5101.0,GII.4,Sydney_2012,5085,6707
OR844373.1,85.313995,0,7565,7559,GII.P31,None,3572.0,5101.0,GII.4,Sydney_2012,5085,6707
OR844374.1,85.313995,0,7565,7559,GII.P31,None,3572.0,5101.0,GII.4,Sydney_2012,5085,6707
OR844375.1,84.98114,0,7565,7559,GII.P31,None,3572.0,5101.0,GII.4,Sydney_2012,5085,6707
OR844376.1,85.36344,0,7565,7559,GII.P31,None,3572.0,5101.0,GII.4,Sydney_2012,5085,6707
OR844377.1,85.28103,0,7565,7559,GII.P31,None,3572.0,5101.0,GII.4,Sydney_2012,5085,6707
OR844378.1,85.600815,0,7559,7559,GII.P31,None,3572.0,5101.0,GII.4,Could not assign,5085,6707
OR844379.1,85.572556,0,7553,7553,GII.P31,None,3572.0,5101.0,GII.4,Sydney_2012,5085,6707
OR844380.1,85.572556,0,7553,7553,GII.P31,None,3572.0,5101.0,GII.4,Sydney_2012,5085,6707
OR844381.1,85.53893,0,7553,7553,GII.P31,None,3572.0,5101.0,GII.4,Sydney_2012,5085,6707
OR844382.1,85.600815,0,7559,7559,GII.P31,None,3572.0,5101.0,GII.4,Could not assign,5085,6707
OR844383.1,85.33714,0,7559,7559,GII.P31,None,3572.0,5101.0,GII.4,Could not assign,5085,6707
PP381824.1,75.84288,0,7547,7553,GII.P17,None,3581.0,5110.0,GII.17,None,5094,6716
PP498986.1,85.24806,0,7562,7556,GII.P31,None,3572.0,5101.0,GII.4,Could not assign,5085,6707
PP498987.1,85.24806,0,7562,7556,GII.P31,None,3572.0,5101.0,GII.4,Could not assign,5085,6707
PP498988.1,85.27132,-2,7565,7561,GII.P31,None,3574.0,5103.0,GII.4,Sydney_2012,5087,6709
PP549876.1,75.97563,0,7561,7555,GII.P16,None,3572.0,5101.0,GII.4,Sydney_2016,5085,6707
PP549877.1,75.81097,0,7558,7552,GII.P16,None,3572.0,5101.0,GII.4,Sydney_2016,5085,6707
PP549878.1,75.81097,0,7568,7562,GII.P16,None,3572.0,5101.0,GII.4,Sydney_2016,5085,6707
PP549879.1,75.942696,0,7572,7566,GII.P16,None,3572.0,5101.0,GII.4,Sydney_2016,5085,6707
PP549880.1,75.92623,0,7570,7564,GII.P16,None,3572.0,5101.0,GII.4,Sydney_2016,5085,6707
PP549881.1,76.19688,0,7572,7572,GII.P16,None,3572.0,5101.0,GII.4,Sydney_2016,5085,6707
PP549882.1,75.8933,0,7570,7564,GII.P16,None,3572.0,5101.0,GII.4,Sydney_2016,5085,6707
PP549883.1,75.8933,0,7570,7564,GII.P16,None,3572.0,5101.0,GII.4,Sydney_2016,5085,6707
PP549884.1,75.87683,0,7575,7569,GII.P16,None,3572.0,5101.0,GII.4,Sydney_2016,5085,6707
PP549885.1,75.90977,0,7568,7562,GII.P16,None,3572.0,5101.0,GII.4,Sydney_2016,5085,6707
PP587392.1,75.95745,0,7555,7561,GII.P17,None,3581.0,5110.0,GII.17,None,5094,6716
PP587393.1,75.94108,0,7555,7561,GII.P17,None,3581.0,5110.0,GII.17,None,5094,6716
PP658552.1,84.43497,0,7565,7562,GII.P31,None,3572.0,5101.0,GII.4,Could not assign,5085,6710
PP658553.1,85.07463,0,7565,7559,GII.P31,None,3572.0,5101.0,GII.4,Sydney_2012,5085,6707
PP661667.1,75.90977,0,7577,7571,GII.P16,None,3572.0,5101.0,GII.4,Sydney_2016,5085,6707
PQ100946.1,86.58288,6,7550,7547,GII.P7,None,3566.0,5095.0,GII.7,None,5079,6701
PQ100947.1,86.6678,6,7550,7547,GII.P7,None,3566.0,5095.0,GII.7,None,5079,6701
PQ100948.1,86.6678,6,7550,7547,GII.P7,None,3566.0,5095.0,GII.7,None,5079,6701
PQ100949.1,86.803665,6,7550,7547,GII.P7,None,3566.0,5095.0,GII.7,None,5079,6701
PQ213436.1,84.68099,0,7565,7559,GII.P4,Den_Haag_2006b,3572.0,5101.0,GII.4,New_Orleans_2009,5085,6707
PQ213437.1,84.71379,0,7565,7559,GII.P4,Den_Haag_2006b,3572.0,5101.0,GII.4,New_Orleans_2009,5085,6707
PQ215525.1,75.58178,0,7567,7561,GII.P16,None,3572.0,5101.0,GII.4,Sydney_2016,5085,6707
PQ215528.1,75.50385,0,7567,7561,GII.P16,None,3572.0,5101.0,GII.4,Sydney_2016,5085,6707
PQ215538.1,75.487465,0,7572,7566,GII.P16,None,3572.0,5101.0,GII.4,Sydney_2016,5085,6707
PQ215539.1,75.4547,0,7572,7566,GII.P16,None,3572.0,5101.0,GII.4,Sydney_2016,5085,6707
PQ215540.1,75.487465,0,7572,7566,GII.P16,None,3572.0,5101.0,GII.4,Sydney_2016,5085,6707
PQ215541.1,75.47108,0,7572,7566,GII.P16,None,3572.0,5101.0,GII.4,Sydney_2016,5085,6707
PQ215542.1,75.50385,0,7572,7566,GII.P16,None,3572.0,5101.0,GII.4,Sydney_2016,5085,6707
PQ215543.1,75.53662,0,7572,7566,GII.P16,None,3572.0,5101.0,GII.4,Sydney_2016,5085,6707
PQ215544.1,75.55301,0,7572,7566,GII.P16,None,3572.0,5101.0,GII.4,Sydney_2016,5085,6707
PQ215545.1,75.58578,0,7572,7566,GII.P16,None,3572.0,5101.0,GII.4,Sydney_2016,5085,6707
PQ215546.1,75.58578,0,7572,7566,GII.P16,None,3572.0,5101.0,GII.4,Sydney_2016,5085,6707
PQ215575.1,83.63868,0,7570,7567,GII.P4,New_Orleans_2009,3572.0,5101.0,GII.4,Sydney_2012,5085,6707
PQ215578.1,84.238144,0,7569,7563,GII.P4,New_Orleans_2009,3572.0,5101.0,GII.4,Could not assign,5085,6707
PQ215579.1,84.55579,0,7570,7564,GII.P4,New_Orleans_2009,3572.0,5101.0,GII.4,Could not assign,5085,6707
PQ218468.1,85.173035,0,7574,7568,GII.P31,None,3572.0,5101.0,GII.4,Could not assign,5085,6707
PQ273182.1,89.118385,0,7613,7613,GII.P12,None,3572.0,5101.0,GII.3,None,5085,6731
PQ273184.1,89.135185,0,7577,7577,GII.P12,None,3572.0,5101.0,GII.3,None,5085,6731
PQ273185.1,89.118385,0,7577,7577,GII.P12,None,3572.0,5101.0,GII.3,None,5085,6731
PQ273187.1,87.65432,6,7565,7556,GII.P7,None,3566.0,5095.0,GII.6,None,5079,6728
PQ273190.1,89.0848,0,7552,7552,GII.P12,None,3572.0,5101.0,GII.3,None,5085,6731
PQ273194.1,76.59191,0,7533,7533,GII.P16,None,3572.0,5101.0,GII.2,None,5085,6713
PQ273195.1,76.55917,0,7570,7570,GII.P16,None,3572.0,5101.0,GII.2,None,5085,6713
PQ273196.1,75.84518,0,7644,7650,GII.P17,None,3581.0,5110.0,GII.17,None,5094,6716
PQ273200.1,89.10159,0,7570,7570,GII.P12,None,3572.0,5101.0,GII.3,None,5085,6731
PQ304610.1,75.70797,0,7554,7560,GII.P17,None,3581.0,5110.0,GII.17,None,5094,6710
PQ304611.1,75.740715,0,7554,7560,GII.P17,None,3581.0,5110.0,GII.17,None,5094,6710
PQ304614.1,75.740715,0,7554,7560,GII.P17,None,3581.0,5110.0,GII.17,None,5094,6710
PQ304633.1,75.49485,-1,7541,7554,GII.P17,None,3582.0,5111.0,GII.17,None,5095,6720
PQ310235.1,75.79378,0,7554,7560,GII.P17,None,3581.0,5110.0,GII.17,None,5094,6710
PQ310459.1,75.57664,0,7536,7548,GII.P17,None,3581.0,5110.0,GII.17,None,5094,6719
PQ310518.1,75.973816,0,7549,7555,GII.P17,None,3581.0,5110.0,GII.17,None,5094,6710
PQ310519.1,75.92471,0,7549,7555,GII.P17,None,3581.0,5110.0,GII.17,None,5094,6710
PQ310520.1,75.973816,0,7549,7555,GII.P17,None,3581.0,5110.0,GII.17,None,5094,6710
PQ310521.1,75.99018,0,7549,7555,GII.P17,None,3581.0,5110.0,GII.17,None,5094,6710
PQ310522.1,75.973816,0,7549,7555,GII.P17,None,3581.0,5110.0,GII.17,None,5094,6710
PQ373120.1,75.84518,0,7541,7547,GII.P17,None,3581.0,5110.0,GII.17,None,5094,6716
PQ373121.1,75.84518,0,7547,7553,GII.P17,None,3581.0,5110.0,GII.17,None,5094,6716
PQ373122.1,75.84518,0,7543,7549,GII.P17,None,3581.0,5110.0,GII.17,None,5094,6716
PQ373123.1,75.812515,0,7551,7557,GII.P17,None,3581.0,5110.0,GII.17,None,5094,6716
PQ373124.1,75.86151,0,7540,7546,GII.P17,None,3581.0,5110.0,GII.17,None,5094,6716
PQ373126.1,75.76351,0,7551,7557,GII.P17,None,3581.0,5110.0,GII.17,None,5094,6716
PQ373127.1,75.74718,0,7551,7557,GII.P17,None,3581.0,5110.0,GII.17,None,5094,6716
PQ373131.1,75.74468,0,7544,7550,GII.P17,None,3581.0,5110.0,GII.17,None,5094,6710
PQ373132.1,75.76105,0,7544,7550,GII.P17,None,3581.0,5110.0,GII.17,None,5094,6710
PQ373133.1,75.679214,0,7545,7551,GII.P17,None,3581.0,5110.0,GII.17,None,5094,6710
PQ373138.1,75.78827,0,7545,7551,GII.P17,None,3581.0,5110.0,GII.17,None,5094,6710
PQ373139.1,75.87562,0,7545,7551,GII.P17,None,3581.0,5110.0,GII.17,None,5094,6710
PQ373140.1,75.87562,0,7545,7551,GII.P17,None,3581.0,5110.0,GII.17,None,5094,6710
PQ373142.1,75.77741,0,7544,7550,GII.P17,None,3581.0,5110.0,GII.17,None,5094,6710
PV275040.1,83.76251,0,7570,7567,GII.P31,None,3572.0,5101.0,GII.4,Could not assign,5085,6710
PV275044.1,83.860916,0,7570,7567,GII.P31,None,3572.0,5101.0,GII.4,Could not assign,5085,6710
PV275045.1,83.88261,0,7570,7567,GII.P31,None,3572.0,5101.0,GII.4,Could not assign,5085,6710
PV275046.1,83.94292,0,7570,7567,GII.P31,None,3572.0,5101.0,GII.4,Could not assign,5085,6710
PV275052.1,83.66409,0,7570,7567,GII.P31,None,3572.0,5101.0,GII.4,Could not assign,5085,6710
PV275060.1,84.05773,0,7570,7567,GII.P31,None,3572.0,5101.0,GII.4,Could not assign,5085,6710
PV275062.1,82.22113,-18,7570,7585,GII.P4,New_Orleans_2009,3590.0,5119.0,GII.4,Could not assign,5103,6725
PV635313.1,75.74718,0,7545,7551,GII.P17,None,3581.0,5110.0,GII.17,None,5094,6716
PV750877.1,75.90046,0,7550,7556,GII.P17,None,3581.0,5110.0,GII.17,None,5094,6710
PV750882.1,75.90835,0,7549,7555,GII.P17,None,3581.0,5110.0,GII.17,None,5094,6710
PV750891.1,75.87619,0,7549,7555,GII.P17,None,3581.0,5110.0,GII.17,None,5094,6710
PV750894.1,75.87562,0,7549,7555,GII.P17,None,3581.0,5110.0,GII.17,None,5094,6710
PV765567.1,75.859245,0,7549,7555,GII.P17,None,3581.0,5110.0,GII.17,None,5094,6710
PV765571.1,75.859245,0,7549,7555,GII.P17,None,3581.0,5110.0,GII.17,None,5094,6710
PV784272.1,75.94108,0,7549,7555,GII.P17,None,3581.0,5110.0,GII.17,None,5094,6710
PV784273.1,75.859245,0,7549,7555,GII.P17,None,3581.0,5110.0,GII.17,None,5094,6710
PV784275.1,75.84288,0,7549,7555,GII.P17,None,3581.0,5110.0,GII.17,None,5094,6710
PV784277.1,75.87562,0,7549,7555,GII.P17,None,3581.0,5110.0,GII.17,None,5094,6710
PV784279.1,75.90835,0,7543,7549,GII.P17,None,3581.0,5110.0,GII.17,None,5094,6710
PV784285.1,75.84288,0,7549,7555,GII.P17,None,3581.0,5110.0,GII.17,None,5094,6710
PV784287.1,75.77741,0,7549,7555,GII.P17,None,3581.0,5110.0,GII.17,None,5094,6710
PV784296.1,75.95745,0,7549,7555,GII.P17,None,3581.0,5110.0,GII.17,None,5094,6710
PV784297.1,75.95745,0,7534,7540,GII.P17,None,3581.0,5110.0,GII.17,None,5094,6710
PV784298.1,75.95745,0,7549,7555,GII.P17,None,3581.0,5110.0,GII.17,None,5094,6710
PV784302.1,75.90835,0,7549,7555,GII.P17,None,3581.0,5110.0,GII.17,None,5094,6710
PV784303.1,75.99018,0,7549,7555,GII.P17,None,3581.0,5110.0,GII.17,None,5094,6710
PV784304.1,76.006546,0,7549,7555,GII.P17,None,3581.0,5110.0,GII.17,None,5094,6710
PV784318.1,75.973816,0,7551,7557,GII.P17,None,3581.0,5110.0,GII.17,None,5094,6710
PV784323.1,76.039276,0,7549,7555,GII.P17,None,3581.0,5110.0,GII.17,None,5094,6710
PV784324.1,76.02291,0,7536,7542,GII.P17,None,3581.0,5110.0,GII.17,None,5094,6710
PV784331.1,75.95745,0,7549,7555,GII.P17,None,3581.0,5110.0,GII.17,None,5094,6710
PV784338.1,75.95745,0,7549,7555,GII.P17,None,3581.0,5110.0,GII.17,None,5094,6710
PV784344.1,75.973816,0,7549,7555,GII.P17,None,3581.0,5110.0,GII.17,None,5094,6710
PV784345.1,75.859245,0,7546,7552,GII.P17,None,3581.0,5110.0,GII.17,None,5094,6710
PV784347.1,75.92471,0,7549,7555,GII.P17,None,3581.0,5110.0,GII.17,None,5094,6710
PX285872.1,76.41185,0,7538,7538,GII.P16,None,3572.0,5101.0,GII.2,None,5085,6713
PX285874.1,75.85586,0,7573,7567,GII.P16,None,3572.0,5101.0,GII.4,Sydney_2016,5085,6707
PX563327.1,75.942696,0,7573,7567,GII.P16,None,3572.0,5101.0,GII.4,Sydney_2016,5085,6707
PX631121.1,75.708435,0,7576,7570,GII.P16,None,3572.0,5101.0,GII.4,Sydney_2016,5085,6707
PZ136053.1,81.29303,0,7542,7542,GII.P21,None,3572.0,5101.0,GII.3,None,5085,6731
PZ136058.1,81.29303,0,7542,7542,GII.P21,None,3572.0,5101.0,GII.3,None,5085,6731
PZ221915.1,81.29303,0,7542,7542,GII.P21,None,3572.0,5101.0,GII.3,None,5085,6731
PZ221917.1,81.29303,0,7542,7542,GII.P21,None,3572.0,5101.0,GII.3,None,5085,6731
PZ221922.1,81.29303,0,7542,7542,GII.P21,None,3572.0,5101.0,GII.3,None,5085,6731
PZ221927.1,81.28674,0,7542,7542,GII.P21,None,3572.0,5101.0,GII.3,None,5085,6731
PZ234772.1,75.891975,0,7550,7556,GII.P17,None,3581.0,5110.0,GII.17,None,5094,6716
PZ240487.1,75.630936,0,7566,7557,GII.P16,None,3569.0,5098.0,GII.4,Sydney_2016,5082,6704
PZ240506.1,75.614555,0,7563,7554,GII.P16,None,3569.0,5098.0,GII.4,Sydney_2016,5082,6704
KT202793.1,85.304245,0,7519,7513,GII.P31,None,,,GII.4,Sydney_2012,5085,6707
KT202794.1,85.304245,0,7519,7513,GII.P31,None,,,GII.4,Sydney_2012,5085,6707
KT202795.1,85.304245,0,7519,7513,GII.P31,None,,,GII.4,Sydney_2012,5085,6707
KT202796.1,85.304245,0,7519,7513,GII.P31,None,,,GII.4,Sydney_2012,5085,6707
KT202797.1,85.42937,0,7519,7513,GII.P31,None,,,GII.4,Sydney_2012,5085,6707
KT202798.1,85.15663,0,7519,7513,GII.P31,None,,,GII.4,Sydney_2012,5085,6707
KT779557.1,76.16807,0,7552,7549,GII.P16,None,3500.0,5101.0,GII.3,None,5082,6728
KT970369.1,75.77985,0,7489,7495,GII.P17,None,,,GII.17,None,5094,6716
KT970370.1,75.77985,0,7489,7495,GII.P17,None,,,GII.17,None,5094,6716
KT970371.1,75.79618,0,7489,7495,GII.P17,None,,,GII.17,None,5094,6716
KT970372.1,75.84518,0,7489,7495,GII.P17,None,,,GII.17,None,5094,6716
KT970373.1,75.86151,0,7489,7495,GII.P17,None,,,GII.17,None,5094,6716
KT970374.1,75.82884,0,7489,7495,GII.P17,None,,,GII.17,None,5094,6716
KT970375.1,75.74718,0,7489,7495,GII.P17,None,,,GII.17,None,5094,6716
KT970376.1,75.812515,0,7489,7495,GII.P17,None,,,GII.17,None,5094,6716
KT970377.1,75.812515,0,7489,7495,GII.P17,None,,,GII.17,None,5094,6716
KX158279.1,85.19796,10,7558,7542,GII.P31,None,,,GII.4,Sydney_2012,5075,6697
KX158280.1,85.20953,12,7530,7512,GII.P31,None,,,GII.4,Sydney_2012,5073,6695
KX158281.1,87.49666,18,7560,7539,GII.P7,None,,,GII.6,None,5067,6710
KX158282.1,87.52335,21,7515,7491,GII.P7,None,,,GII.6,None,784,2427
KX158285.1,84.62332,284,7646,7356,GII.P31,None,,,GII.4,Sydney_2012,933,2555
KX586330.1,85.238335,4,7519,7509,GII.P31,None,3500.0,5100.0,GII.4,Sydney_2012,5081,6703
KY210920.3,76.893364,0,7509,7506,GII.P16,None,3569.0,5098.0,GII.13,None,5082,6710
KY210980.3,75.77854,4,7587,7577,GII.P16,None,3568.0,5097.0,GII.4,Sydney_2016,5081,6703
KY486271.1,85.3888,10,7567,7551,GII.P31,None,,,GII.4,Sydney_2012,5075,6697
KY496327.1,85.28784,0,7586,7580,GII.P31,None,3500.0,5104.0,GII.4,Sydney_2012,5085,6707
KY496328.1,69.802246,225,7485,7263,GII.P23,None,3500.0,4879.0,GII.23,None,4860,6491
KY905331.1,84.253914,-1,7551,7546,GII.P4,New_Orleans_2009,3500.0,5105.0,GII.4,Could not assign,5086,6708
LC342059.1,86.073425,0,7557,7557,GII.PNA7,None,3500.0,5104.0,GII.12,None,5085,6692
LC369214.1,75.86151,0,7585,7591,GII.P17,None,3500.0,5113.0,GII.17,None,5094,6716
LC369215.1,75.82543,5,7575,7576,GII.P17,None,3500.0,5108.0,GII.17,None,5089,6711
LC369216.1,75.818596,15,7533,7524,GII.P17,None,3500.0,5098.0,GII.17,None,5079,6701
LC369217.1,75.78586,15,7533,7524,GII.P17,None,3500.0,5098.0,GII.17,None,5079,6701
LC369218.1,75.813576,8,7535,7533,GII.P17,None,3500.0,5105.0,GII.17,None,5086,6708
LC369219.1,75.82884,0,7556,7562,GII.P17,None,3500.0,5113.0,GII.17,None,5094,6716
LC369220.1,75.75708,14,7568,7560,GII.P17,None,3500.0,5099.0,GII.17,None,5080,6702
LC369221.1,75.822556,14,7535,7527,GII.P17,None,3500.0,5099.0,GII.17,None,5080,6702
LC369222.1,75.8141,12,7583,7577,GII.P17,None,3500.0,5101.0,GII.17,None,5082,6704
LC369224.1,75.8141,12,7560,7554,GII.P17,None,3500.0,5101.0,GII.17,None,5082,6704
LC369225.1,75.89592,12,7555,7549,GII.P17,None,3500.0,5101.0,GII.17,None,5082,6704
LC369227.1,75.83838,10,7569,7565,GII.P17,None,3500.0,5103.0,GII.17,None,5084,6706
LC369228.1,75.72387,10,7622,7618,GII.P17,None,3500.0,5103.0,GII.17,None,5084,6706
LC369229.1,75.72387,10,7555,7551,GII.P17,None,3500.0,5103.0,GII.17,None,5084,6706
LC369230.1,75.74023,10,7555,7551,GII.P17,None,3500.0,5103.0,GII.17,None,5084,6706
LC369231.1,75.65843,10,7555,7551,GII.P17,None,3500.0,5103.0,GII.17,None,5084,6706
LC369232.1,75.756584,10,7560,7556,GII.P17,None,3500.0,5103.0,GII.17,None,5084,6706
LC369233.1,75.72387,10,7599,7595,GII.P17,None,3500.0,5103.0,GII.17,None,5084,6706
LC369234.1,75.74815,8,7615,7613,GII.P17,None,3500.0,5105.0,GII.17,None,5086,6708
LC369235.1,75.74815,8,7589,7587,GII.P17,None,3500.0,5105.0,GII.17,None,5086,6708
LC369236.1,75.747665,0,7556,7562,GII.P17,None,3500.0,5113.0,GII.17,None,5094,6716
LC369237.1,75.743706,5,7607,7608,GII.P17,None,3500.0,5108.0,GII.17,None,5089,6711
LC369238.1,75.6907,6,7556,7556,GII.P17,None,3500.0,5107.0,GII.17,None,5088,6710
LC369239.1,75.70797,14,7557,7549,GII.P17,None,3500.0,5099.0,GII.17,None,5080,6702
LC369240.1,75.699554,12,7560,7554,GII.P17,None,3500.0,5101.0,GII.17,None,5082,6704
LC369241.1,75.82148,6,7554,7554,GII.P17,None,3500.0,5107.0,GII.17,None,5088,6710
LC369242.1,75.85812,5,7588,7589,GII.P17,None,3500.0,5108.0,GII.17,None,5089,6711
LC369243.1,75.732285,12,7557,7551,GII.P17,None,3500.0,5101.0,GII.17,None,5082,6704
LC369244.1,75.82884,0,7555,7561,GII.P17,None,3500.0,5113.0,GII.17,None,5094,6716
LC369245.1,75.82543,5,7554,7555,GII.P17,None,3500.0,5108.0,GII.17,None,5089,6711
LC369246.1,75.92078,14,7555,7547,GII.P17,None,3500.0,5099.0,GII.17,None,5080,6702
LC369247.1,75.75708,14,7555,7547,GII.P17,None,3500.0,5099.0,GII.17,None,5080,6702
LC369248.1,75.78982,14,7555,7547,GII.P17,None,3500.0,5099.0,GII.17,None,5080,6702
LC369249.1,75.830475,12,7555,7549,GII.P17,None,3500.0,5101.0,GII.17,None,5082,6704
LC369251.1,75.077835,15,7536,7539,GII.P17,None,3500.0,5098.0,GII.17,None,5079,6695
LC369252.1,75.78586,15,7554,7545,GII.P17,None,3500.0,5098.0,GII.17,None,5079,6701
LC369253.1,75.78586,15,7555,7546,GII.P17,None,3500.0,5098.0,GII.17,None,5079,6701
LC369254.1,75.86151,0,7541,7547,GII.P17,None,3500.0,5113.0,GII.17,None,5094,6716
LC369255.1,75.82202,10,7592,7588,GII.P17,None,3500.0,5103.0,GII.17,None,5084,6706
LC369256.1,75.7893,10,7559,7555,GII.P17,None,3500.0,5103.0,GII.17,None,5084,6706
LC369257.1,75.70705,5,7589,7590,GII.P17,None,3500.0,5108.0,GII.17,None,5089,6711
LC369258.1,75.74355,54,7535,7484,GII.P17,None,3500.0,5056.0,GII.17,None,5037,6659
LC769681.1,84.6798,9,7575,7563,GII.P31,None,3500.0,5095.0,GII.4,Could not assign,5076,6701
LC769682.1,76.27375,7,7571,7564,GII.P16,None,3500.0,5097.0,GII.3,None,5078,6724
LC769683.1,75.68459,11,7575,7558,GII.P16,None,3500.0,5093.0,GII.4,Sydney_2016,5074,6696
LC769684.1,75.65605,14,7558,7538,GII.P16,None,3500.0,5090.0,GII.4,Sydney_2016,5071,6693
LC769685.1,75.72864,0,7571,7565,GII.P16,None,3500.0,5104.0,GII.4,Sydney_2016,5085,6707
LC769688.1,75.70983,11,7582,7565,GII.P16,None,3500.0,5093.0,GII.4,Sydney_2016,5074,6696
LC769689.1,76.36272,10,7552,7542,GII.P16,None,3500.0,5094.0,GII.3,None,5075,6721
LC769691.1,75.62304,14,7578,7558,GII.P16,None,3500.0,5090.0,GII.4,Sydney_2016,5071,6693
LC769692.1,75.693985,21,7574,7547,GII.P16,None,3500.0,5083.0,GII.4,Sydney_2016,5064,6686
LC769693.1,75.712166,10,7559,7543,GII.P16,None,3500.0,5094.0,GII.4,Sydney_2016,5075,6697
LC769694.1,75.67523,0,7571,7565,GII.P16,None,3500.0,5104.0,GII.4,Sydney_2016,5085,6707
LC769695.1,75.746086,8,7562,7548,GII.P16,None,3500.0,5096.0,GII.4,Sydney_2016,5077,6699
LC769696.1,75.726074,13,7578,7559,GII.P16,None,3500.0,5091.0,GII.4,Sydney_2016,5072,6694
LC769697.1,75.60936,0,7581,7575,GII.P16,None,3500.0,5104.0,GII.4,Sydney_2016,5085,6707
LC769698.1,75.71311,8,7561,7547,GII.P16,None,3500.0,5096.0,GII.4,Sydney_2016,5077,6699
LC769699.1,75.62148,37,7565,7522,GII.P16,None,3500.0,5067.0,GII.4,Sydney_2016,5048,6670
LC769700.1,68.06236,-36,7535,7577,GII.P38,None,3500.0,5140.0,GII.17,None,5121,6734
LC769701.1,84.42947,17,7587,7567,GII.P31,None,3500.0,5087.0,GII.4,Could not assign,5068,6693
LC769702.1,77.13642,12,7518,7521,GII.P16,None,3500.0,5092.0,GII.16,None,5073,6695
LC769703.1,76.71486,10,7480,7470,GII.P16,None,3500.0,5094.0,GII.13,None,5075,6703
LC769704.1,76.46169,1,7521,7520,GII.P16,None,3500.0,5103.0,GII.3,None,5084,6730
LC769705.1,75.92715,9,7581,7566,GII.P16,None,3500.0,5095.0,GII.4,Sydney_2016,5076,6698
LC769706.1,76.30204,21,7546,7525,GII.P16,None,3500.0,5083.0,GII.3,None,5064,6710
LC769707.1,75.77957,12,7571,7553,GII.P16,None,3500.0,5092.0,GII.4,Sydney_2016,5073,6695
LC769708.1,75.97167,0,7577,7571,GII.P16,None,3500.0,5104.0,GII.4,Sydney_2016,5085,6707
LC769709.1,76.22813,10,7553,7543,GII.P16,None,3500.0,5094.0,GII.3,None,5075,6721
LC769712.1,76.34897,5,7541,7536,GII.P16,None,3500.0,5099.0,GII.3,None,5080,6726
LC769713.1,76.34499,6,7558,7552,GII.P16,None,3500.0,5098.0,GII.3,None,5079,6725
LC769714.1,75.66408,12,7550,7532,GII.P16,None,3500.0,5092.0,GII.4,Sydney_2016,5073,6695
LC769715.1,76.42701,15,7546,7531,GII.P16,None,3500.0,5089.0,GII.3,None,5070,6716
LC777250.1,75.942696,0,7576,7570,GII.P16,None,3500.0,5104.0,GII.4,Sydney_2016,5085,6707
LC868426.1,75.83265,15,7504,7495,GII.P17,None,3500.0,5098.0,GII.17,None,5079,6695
LC868427.1,75.87734,12,7501,7495,GII.P17,None,3500.0,5101.0,GII.17,None,5082,6698
LC868428.1,75.85302,14,7504,7496,GII.P17,None,3500.0,5099.0,GII.17,None,5080,6696
LC868429.1,75.885826,14,7496,7488,GII.P17,None,3500.0,5099.0,GII.17,None,5080,6696
LC868430.1,75.885826,14,7501,7493,GII.P17,None,3500.0,5099.0,GII.17,None,5080,6696
LC868431.1,75.885826,14,7501,7493,GII.P17,None,3500.0,5099.0,GII.17,None,5080,6696
LC868432.1,75.661026,21,7501,7486,GII.P17,None,3500.0,5092.0,GII.17,None,5073,6689
LC868433.1,75.84962,19,7501,7488,GII.P17,None,3500.0,5094.0,GII.17,None,5075,6691
LC868434.1,75.85302,14,7501,7493,GII.P17,None,3500.0,5099.0,GII.17,None,5080,6696
LC868435.1,75.64102,26,7511,7491,GII.P17,None,3500.0,5087.0,GII.17,None,5068,6684
LC868436.1,75.90223,14,7505,7497,GII.P17,None,3500.0,5099.0,GII.17,None,5080,6696
LC868437.1,75.87734,12,7505,7499,GII.P17,None,3500.0,5101.0,GII.17,None,5082,6698
LC868438.1,75.87453,21,7499,7484,GII.P17,None,3500.0,5092.0,GII.17,None,5073,6689
LC918507.1,75.86942,14,7552,7544,GII.P17,None,3500.0,5099.0,GII.17,None,5080,6696
LC918508.1,75.796906,24,7579,7561,GII.P17,None,3500.0,5089.0,GII.17,None,5070,6686
LC918509.1,75.60936,10,7507,7503,GII.P17,None,3500.0,5103.0,GII.17,None,5084,6706
LC918510.1,75.99018,0,7534,7540,GII.P17,None,3500.0,5113.0,GII.17,None,5094,6710
LC918511.1,75.92471,0,7576,7582,GII.P17,None,3500.0,5113.0,GII.17,None,5094,6710
LC918512.1,75.91803,10,7549,7545,GII.P17,None,3500.0,5103.0,GII.17,None,5084,6700
LC918513.1,75.82472,17,7501,7490,GII.P17,None,3500.0,5096.0,GII.17,None,5077,6693
LC918514.1,75.91803,10,7567,7563,GII.P17,None,3500.0,5103.0,GII.17,None,5084,6700
LC918515.1,75.86885,10,7576,7572,GII.P17,None,3500.0,5103.0,GII.17,None,5084,6700
LC918516.1,76.00853,12,7501,7495,GII.P17,None,3500.0,5101.0,GII.17,None,5082,6698
LC918517.1,75.78688,10,7576,7572,GII.P17,None,3500.0,5103.0,GII.17,None,5084,6700
LC918518.1,75.92532,4,7576,7578,GII.P17,None,3500.0,5109.0,GII.17,None,5090,6706
LC918519.1,75.75163,3,7580,7583,GII.P17,None,3500.0,5110.0,GII.17,None,5091,6713
LC918520.1,75.719894,11,7580,7575,GII.P17,None,3500.0,5102.0,GII.17,None,5083,6705
LC918521.1,75.8581,21,7552,7537,GII.P17,None,3500.0,5092.0,GII.17,None,5073,6689
LC918522.1,75.91469,15,7579,7570,GII.P17,None,3500.0,5098.0,GII.17,None,5079,6695
LC918523.1,75.857544,17,7579,7568,GII.P17,None,3500.0,5096.0,GII.17,None,5077,6693
LC918524.1,75.88187,15,7579,7570,GII.P17,None,3500.0,5098.0,GII.17,None,5079,6695
LC919492.1,75.82868,16,7534,7524,GII.P17,None,3500.0,5097.0,GII.17,None,5084,6694
MF352142.1,69.060974,31,7525,7497,GII.P26,None,3541.0,5070.0,GII.26,None,5054,6682
MF352143.1,68.71721,31,7525,7497,GII.P26,None,3541.0,5070.0,GII.26,None,5054,6682
MF352144.1,68.88809,31,7525,7497,GII.P26,None,3541.0,5070.0,GII.26,None,5054,6682
MG049692.1,83.72464,4,7516,7509,GII.P4,Den_Haag_2006b,3500.0,5100.0,GII.4,Den_Haag_2006b,5081,6703
MG548737.1,85.19127,0,7565,7559,GII.P4,Den_Haag_2006b,3500.0,5104.0,GII.4,Den_Haag_2006b,5085,6707
MG572182.1,77.578415,0,7518,7518,GII.P16,None,3500.0,5104.0,GII.1,None,5085,6692
MG572719.1,68.482,31,7525,7497,GII.P26,None,3500.0,5073.0,GII.26,None,5054,6682
MG572730.1,68.62675,31,7525,7497,GII.P26,None,3500.0,5073.0,GII.26,None,5054,6682
MG572731.1,68.572464,31,7525,7497,GII.P26,None,3500.0,5073.0,GII.26,None,5054,6682
MG572732.1,68.56476,31,7525,7497,GII.P26,None,3500.0,5073.0,GII.26,None,5054,6682
MG692610.1,75.84518,0,7550,7556,GII.P17,None,3581.0,5110.0,GII.17,None,5094,6716
MG706448.1,73.92179,9,7531,7525,GII.PNA2,None,3563.0,5092.0,GII.NA2,None,5076,6704
MG745985.1,76.51391,0,7536,7536,GII.P16,None,3572.0,5101.0,GII.2,None,5085,6713
MG745986.1,76.46674,0,7536,7536,GII.P16,None,3572.0,5101.0,GII.2,None,5085,6713
MG745987.1,76.53211,0,7536,7536,GII.P16,None,3572.0,5101.0,GII.2,None,5085,6713
MG745988.1,76.62465,0,7536,7536,GII.P16,None,3572.0,5101.0,GII.2,None,5085,6713
MG745989.1,76.62465,0,7536,7536,GII.P16,None,3572.0,5101.0,GII.2,None,5085,6713
MG745990.1,76.66286,0,7536,7536,GII.P16,None,3572.0,5101.0,GII.2,None,5085,6713
MG745991.1,76.564804,0,7536,7536,GII.P16,None,3572.0,5101.0,GII.2,None,5085,6713
MG745992.1,76.548454,0,7536,7536,GII.P16,None,3572.0,5101.0,GII.2,None,5085,6713
MG745993.1,76.49943,0,7536,7536,GII.P16,None,3572.0,5101.0,GII.2,None,5085,6713
MG745994.1,76.62848,0,7536,7536,GII.P16,None,3572.0,5101.0,GII.2,None,5085,6713
MG745995.1,76.61382,0,7536,7536,GII.P16,None,3572.0,5101.0,GII.2,None,5085,6713
MG745996.1,76.548454,0,7536,7536,GII.P16,None,3572.0,5101.0,GII.2,None,5085,6713
MG745997.1,76.46674,0,7536,7536,GII.P16,None,3572.0,5101.0,GII.2,None,5085,6713
MG745998.1,76.4504,0,7536,7536,GII.P16,None,3572.0,5101.0,GII.2,None,5085,6713
MG745999.1,76.44459,0,7536,7536,GII.P16,None,3572.0,5101.0,GII.2,None,5085,6713
MG746000.1,76.44459,0,7536,7536,GII.P16,None,3572.0,5101.0,GII.2,None,5085,6713
MG746001.1,76.59191,0,7536,7536,GII.P16,None,3572.0,5101.0,GII.2,None,5085,6713
MG746002.1,76.59191,0,7536,7536,GII.P16,None,3572.0,5101.0,GII.2,None,5085,6713
MG746003.1,76.66121,0,7536,7536,GII.P16,None,3572.0,5101.0,GII.2,None,5085,6713
MG746004.1,76.66121,0,7536,7536,GII.P16,None,3572.0,5101.0,GII.2,None,5085,6713
MG746005.1,76.43406,0,7536,7536,GII.P16,None,3572.0,5101.0,GII.2,None,5085,6713
MG746006.1,76.548454,0,7536,7536,GII.P16,None,3572.0,5101.0,GII.2,None,5085,6713
MG746007.1,76.42822,0,7536,7536,GII.P16,None,3572.0,5101.0,GII.2,None,5085,6713
MG746008.1,76.57938,0,7536,7536,GII.P16,None,3572.0,5101.0,GII.2,None,5085,6713
MG746009.1,76.66121,0,7536,7536,GII.P16,None,3572.0,5101.0,GII.2,None,5085,6713
MG746010.1,76.51577,0,7536,7536,GII.P16,None,3572.0,5101.0,GII.2,None,5085,6713
MG746011.1,76.62465,0,7536,7536,GII.P16,None,3572.0,5101.0,GII.2,None,5085,6713
MG746012.1,76.608284,0,7536,7536,GII.P16,None,3572.0,5101.0,GII.2,None,5085,6713
MG746013.1,76.62465,0,7536,7536,GII.P16,None,3572.0,5101.0,GII.2,None,5085,6713
MG746014.1,76.64102,0,7536,7536,GII.P16,None,3572.0,5101.0,GII.2,None,5085,6713
MG746015.1,76.51577,0,7536,7536,GII.P16,None,3572.0,5101.0,GII.2,None,5085,6713
MG746016.1,76.62848,0,7536,7536,GII.P16,None,3572.0,5101.0,GII.2,None,5085,6713
MG746017.1,76.51577,0,7536,7536,GII.P16,None,3572.0,5101.0,GII.2,None,5085,6713
MG746018.1,76.657394,0,7536,7536,GII.P16,None,3572.0,5101.0,GII.2,None,5085,6713
MG746019.1,76.73924,0,7536,7536,GII.P16,None,3572.0,5101.0,GII.2,None,5085,6713
MG746020.1,76.657394,0,7536,7536,GII.P16,None,3572.0,5101.0,GII.2,None,5085,6713
MG746021.1,76.49943,0,7536,7536,GII.P16,None,3572.0,5101.0,GII.2,None,5085,6713
MG746022.1,76.61211,0,7536,7536,GII.P16,None,3572.0,5101.0,GII.2,None,5085,6713
MG746023.1,76.59575,0,7536,7536,GII.P16,None,3572.0,5101.0,GII.2,None,5085,6713
MG746024.1,76.59191,0,7536,7536,GII.P16,None,3572.0,5101.0,GII.2,None,5085,6713
MG746025.1,76.57554,0,7536,7536,GII.P16,None,3572.0,5101.0,GII.2,None,5085,6713
MG746026.1,76.64102,0,7536,7536,GII.P16,None,3572.0,5101.0,GII.2,None,5085,6713
MG746027.1,76.53028,0,7536,7536,GII.P16,None,3572.0,5101.0,GII.2,None,5085,6713
MG746028.1,76.61211,0,7536,7536,GII.P16,None,3572.0,5101.0,GII.2,None,5085,6713
MG746029.1,76.62848,0,7536,7536,GII.P16,None,3572.0,5101.0,GII.2,None,5085,6713
MG746030.1,76.483086,0,7536,7536,GII.P16,None,3572.0,5101.0,GII.2,None,5085,6713
MG746031.1,76.57554,0,7536,7536,GII.P16,None,3572.0,5101.0,GII.2,None,5085,6713
MG746032.1,76.61382,0,7536,7536,GII.P16,None,3572.0,5101.0,GII.2,None,5085,6713
MG746033.1,76.564804,0,7536,7536,GII.P16,None,3572.0,5101.0,GII.2,None,5085,6713
MG746034.1,76.4937,0,7536,7536,GII.P16,None,3572.0,5101.0,GII.2,None,5085,6713
MG746035.1,76.644844,0,7536,7536,GII.P16,None,3572.0,5101.0,GII.2,None,5085,6713
MG746036.1,76.75941,0,7536,7536,GII.P16,None,3572.0,5101.0,GII.2,None,5085,6713
MG746037.1,76.644844,0,7536,7536,GII.P16,None,3572.0,5101.0,GII.2,None,5085,6713
MG746038.1,76.67919,0,7536,7536,GII.P16,None,3572.0,5101.0,GII.2,None,5085,6713
MG746039.1,76.59191,0,7536,7536,GII.P16,None,3572.0,5101.0,GII.2,None,5085,6713
MG746040.1,76.58114,0,7536,7536,GII.P16,None,3572.0,5101.0,GII.2,None,5085,6713
MG746041.1,76.51006,0,7536,7536,GII.P16,None,3572.0,5101.0,GII.2,None,5085,6713
MG746042.1,76.38347,0,7536,7536,GII.P16,None,3572.0,5101.0,GII.2,None,5085,6713
MG746043.1,76.54281,0,7536,7536,GII.P16,None,3572.0,5101.0,GII.2,None,5085,6713
MG746044.1,76.4937,0,7536,7536,GII.P16,None,3572.0,5101.0,GII.2,None,5085,6713
MG746045.1,76.47733,0,7536,7536,GII.P16,None,3572.0,5101.0,GII.2,None,5085,6713
MG892908.3,76.48215,0,7510,7510,GII.P16,None,3572.0,5101.0,GII.13,None,5085,6713
MG892929.3,75.87683,0,7587,7581,GII.P16,None,3572.0,5101.0,GII.4,Sydney_2016,5085,6707
MG892946.3,76.31844,0,7569,7569,GII.P16,None,3572.0,5101.0,GII.3,None,5085,6731
MG892953.3,76.49723,0,7568,7568,GII.P16,None,3572.0,5101.0,GII.3,None,5085,6731
MG892974.3,76.543816,4,7557,7553,GII.P16,None,3568.0,5097.0,GII.2,None,5081,6709
MH218570.1,81.2374,0,7563,7563,GII.P21,None,3572.0,5101.0,GII.3,None,5085,6731
MH218571.1,81.035645,0,7555,7555,GII.P21,None,3572.0,5101.0,GII.3,None,5085,6731
MH218572.1,81.203766,0,7548,7548,GII.P21,None,3572.0,5101.0,GII.3,None,5085,6731
MH218573.1,81.108315,0,7548,7548,GII.P21,None,3572.0,5101.0,GII.3,None,5085,6731
MH218574.1,81.13652,0,7548,7548,GII.P21,None,3572.0,5101.0,GII.3,None,5085,6731
MH218575.1,81.17014,0,7548,7548,GII.P21,None,3572.0,5101.0,GII.3,None,5085,6731
MH218576.1,81.17014,0,7548,7548,GII.P21,None,3572.0,5101.0,GII.3,None,5085,6731
MH218577.1,81.18696,0,7548,7548,GII.P21,None,3572.0,5101.0,GII.3,None,5085,6731
MH218578.1,81.27102,0,7548,7548,GII.P21,None,3572.0,5101.0,GII.3,None,5085,6731
MH218579.1,81.27102,0,7548,7548,GII.P21,None,3572.0,5101.0,GII.3,None,5085,6731
MH218580.1,80.96839,0,7548,7548,GII.P21,None,3572.0,5101.0,GII.3,None,5085,6731
MH218581.1,80.901146,0,7548,7548,GII.P21,None,3572.0,5101.0,GII.3,None,5085,6731
MH218582.1,80.91795,0,7548,7548,GII.P21,None,3572.0,5101.0,GII.3,None,5085,6731
MH218583.1,81.22058,0,7548,7548,GII.P21,None,3572.0,5101.0,GII.3,None,5085,6731
MH218584.1,81.07473,0,7548,7548,GII.P21,None,3572.0,5101.0,GII.3,None,5085,6731
MH218585.1,81.05794,0,7548,7548,GII.P21,None,3572.0,5101.0,GII.3,None,5085,6731
MH218586.1,81.00756,0,7548,7548,GII.P21,None,3572.0,5101.0,GII.3,None,5085,6731
MH218587.1,80.867516,0,7548,7548,GII.P21,None,3572.0,5101.0,GII.3,None,5085,6731
MH218588.1,80.867516,0,7548,7548,GII.P21,None,3572.0,5101.0,GII.3,None,5085,6731
MH218589.1,81.119705,0,7548,7548,GII.P21,None,3572.0,5101.0,GII.3,None,5085,6731
MH218590.1,80.83389,0,7548,7548,GII.P21,None,3572.0,5101.0,GII.3,None,5085,6731
MH218591.1,75.16257,0,7523,7535,GII.P16,None,3569.0,5098.0,GII.17,None,5082,6704
MH218592.1,80.96839,0,7541,7541,GII.P21,None,3572.0,5101.0,GII.3,None,5085,6731
MH218593.1,80.85071,0,7548,7548,GII.P21,None,3572.0,5101.0,GII.3,None,5085,6731
MH218594.1,81.08608,0,7548,7548,GII.P21,None,3572.0,5101.0,GII.3,None,5085,6731
MH218595.1,81.119705,0,7548,7548,GII.P21,None,3572.0,5101.0,GII.3,None,5085,6731
MH218596.1,81.13652,0,7548,7548,GII.P21,None,3572.0,5101.0,GII.3,None,5085,6731
MH218597.1,81.119705,0,7548,7548,GII.P21,None,3572.0,5101.0,GII.3,None,5085,6731
MH218598.1,81.024345,0,7548,7548,GII.P21,None,3572.0,5101.0,GII.3,None,5085,6731
MH218599.1,80.85071,0,7548,7548,GII.P21,None,3572.0,5101.0,GII.3,None,5085,6731
MH218600.1,81.01883,0,7548,7548,GII.P21,None,3572.0,5101.0,GII.3,None,5085,6731
MH218601.1,81.06927,0,7548,7548,GII.P21,None,3572.0,5101.0,GII.3,None,5085,6731
MH218602.1,81.203766,0,7548,7548,GII.P21,None,3572.0,5101.0,GII.3,None,5085,6731
MH218603.1,81.108315,0,7548,7548,GII.P21,None,3572.0,5101.0,GII.3,None,5085,6731
MH218604.1,80.80027,0,7548,7548,GII.P21,None,3572.0,5101.0,GII.3,None,5085,6731
MH218605.1,85.18944,0,7565,7559,GII.P31,None,3572.0,5101.0,GII.4,Sydney_2012,5085,6707
MH218606.1,84.32016,0,7519,7513,GII.P4,New_Orleans_2009,3572.0,5101.0,GII.4,Could not assign,5085,6707
MH218607.1,84.81951,0,7519,7513,GII.P4,New_Orleans_2009,3572.0,5101.0,GII.4,Sydney_2012,5085,6707
MH218608.1,85.07463,0,7565,7559,GII.P31,None,3572.0,5101.0,GII.4,Sydney_2012,5085,6707
MH218609.1,85.0681,0,7513,7513,GII.P4,New_Orleans_2009,3572.0,5101.0,GII.4,Sydney_2012,5085,6707
MH218610.1,85.18581,0,7513,7513,GII.P4,New_Orleans_2009,3572.0,5101.0,GII.4,Sydney_2012,5085,6707
MH218611.1,85.16899,0,7513,7513,GII.P4,New_Orleans_2009,3572.0,5101.0,GII.4,Sydney_2012,5085,6707
MH218612.1,84.753586,0,7570,7564,GII.P4,New_Orleans_2009,3572.0,5101.0,GII.4,Sydney_2012,5085,6707
MH218613.1,85.16899,0,7579,7579,GII.P4,New_Orleans_2009,3572.0,5101.0,GII.4,Sydney_2012,5085,6707
MH218614.1,84.89421,0,7566,7560,GII.P31,None,3572.0,5101.0,GII.4,Sydney_2012,5085,6707
MH218615.1,85.05823,0,7565,7559,GII.P31,None,3572.0,5101.0,GII.4,Sydney_2012,5085,6707
MH218616.1,85.091034,0,7565,7559,GII.P31,None,3572.0,5101.0,GII.4,Sydney_2012,5085,6707
MH218617.1,84.418564,0,7576,7570,GII.P4,New_Orleans_2009,3572.0,5101.0,GII.4,Could not assign,5085,6707
MH218618.1,81.04114,0,7548,7548,GII.P21,None,3572.0,5101.0,GII.3,None,5085,6731
MH218619.1,84.53338,0,7538,7532,GII.P4,New_Orleans_2009,3572.0,5101.0,GII.4,Sydney_2012,5085,6707
MH218620.1,84.992615,0,7566,7560,GII.P31,None,3572.0,5101.0,GII.4,Sydney_2012,5085,6707
MH218621.1,84.992615,0,7566,7560,GII.P31,None,3572.0,5101.0,GII.4,Sydney_2012,5085,6707
MH218622.1,84.992615,0,7566,7560,GII.P31,None,3572.0,5101.0,GII.4,Sydney_2012,5085,6707
MH218623.1,84.992615,0,7566,7560,GII.P31,None,3572.0,5101.0,GII.4,Sydney_2012,5085,6707
MH218624.1,85.25504,0,7566,7560,GII.P31,None,3572.0,5101.0,GII.4,Sydney_2012,5085,6707
MH218625.1,84.94341,0,7566,7560,GII.P31,None,3572.0,5101.0,GII.4,Sydney_2012,5085,6707
MH218626.1,84.959816,0,7566,7560,GII.P31,None,3572.0,5101.0,GII.4,Sydney_2012,5085,6707
MH218627.1,85.10743,0,7565,7559,GII.P31,None,3572.0,5101.0,GII.4,Sydney_2012,5085,6707
GU292831.4,76.53088,0,7550,7577,GII.P16,None,3566.0,5095.0,GII.16,None,5079,6701
HM596590.4,75.44232,0,7524,7536,GII.P16,None,3569.0,5098.0,GII.5,None,5082,6704
KF895841.2,76.34897,1,7555,7551,GII.P16,None,3500.0,5100.0,GII.3,None,5081,6727
KF920739.4,77.44022,0,7568,7580,GII.P16,None,3569.0,5098.0,GII.16,None,5082,6704
KF944110.2,76.28172,1,7552,7548,GII.P16,None,3500.0,5100.0,GII.3,None,5081,6727
KF944111.3,76.264915,1,7558,7554,GII.P16,None,3500.0,5100.0,GII.3,None,5081,6727
