accession,BLAST_score,begin,end,length,p_type,p_subtype,rdrp_start,rdrp_end,rdrp_source,genotype,genotype_subtype,vp1_start,vp1_end,has_overlap,overlap
PX925253.1,,,,,,,3572.0,5101.0,annotated_rdrp,,,5085.0,6707.0,True,17.0
PX925254.1,,,,,,,3572.0,5101.0,annotated_rdrp,,,5085.0,6707.0,True,17.0
PX925260.1,,,,,,,3572.0,5101.0,annotated_rdrp,,,5085.0,6707.0,True,17.0
PZ240476.1,,,,,,,3569.0,5098.0,annotated_rdrp,,,5082.0,6704.0,True,17.0
PZ240478.1,,,,,,,3569.0,5098.0,annotated_rdrp,,,5082.0,6704.0,True,17.0
PZ240480.1,,,,,,,3569.0,5098.0,annotated_rdrp,,,5082.0,6704.0,True,17.0
PZ240490.1,,,,,,,3572.0,5101.0,annotated_rdrp,,,5085.0,6707.0,True,17.0
PZ240501.1,,,,,,,3568.0,5097.0,annotated_rdrp,,,5081.0,6703.0,True,17.0
PZ240503.1,,,,,,,3572.0,5101.0,annotated_rdrp,,,5085.0,6707.0,True,17.0
PZ240505.1,,,,,,,3571.0,5100.0,annotated_rdrp,,,5084.0,6706.0,True,17.0
PZ240508.1,,,,,,,3572.0,5101.0,annotated_rdrp,,,5085.0,6707.0,True,17.0
PZ240510.1,,,,,,,3572.0,5101.0,annotated_rdrp,,,5085.0,6707.0,True,17.0
PZ234762.1,,,,,,,3581.0,5110.0,annotated_rdrp,,,5094.0,6716.0,True,17.0
PZ234769.1,,,,,,,3581.0,5110.0,annotated_rdrp,,,5094.0,6716.0,True,17.0
PZ234775.1,,,,,,,3581.0,5110.0,annotated_rdrp,,,5094.0,6716.0,True,17.0
PZ234778.1,,,,,,,3577.0,5106.0,annotated_rdrp,,,5090.0,6706.0,True,17.0
PZ234781.1,,,,,,,3577.0,5106.0,annotated_rdrp,,,5090.0,6706.0,True,17.0
PZ234782.1,,,,,,,3577.0,5106.0,annotated_rdrp,,,5090.0,6706.0,True,17.0
PZ234788.1,,,,,,,3577.0,5106.0,annotated_rdrp,,,5090.0,6706.0,True,17.0
PZ234790.1,,,,,,,3577.0,5106.0,annotated_rdrp,,,5090.0,6706.0,True,17.0
PZ234794.1,,,,,,,3577.0,5106.0,annotated_rdrp,,,5090.0,6706.0,True,17.0
PZ234811.1,,,,,,,3577.0,5106.0,annotated_rdrp,,,5090.0,6706.0,True,17.0
PZ234812.1,,,,,,,3577.0,5106.0,annotated_rdrp,,,5090.0,6706.0,True,17.0
PZ234825.1,,,,,,,3577.0,5106.0,annotated_rdrp,,,5090.0,6706.0,True,17.0
PZ221916.1,,,,,,,3571.0,5100.0,annotated_rdrp,,,5084.0,6730.0,True,17.0
PZ221918.1,,,,,,,3570.0,5099.0,annotated_rdrp,,,5083.0,6729.0,True,17.0
PZ221919.1,,,,,,,3568.0,5097.0,annotated_rdrp,,,5081.0,6727.0,True,17.0
PZ221924.1,,,,,,,3570.0,5099.0,annotated_rdrp,,,5083.0,6729.0,True,17.0
PZ221925.1,,,,,,,3568.0,5097.0,annotated_rdrp,,,5081.0,6727.0,True,17.0
PZ221928.1,,,,,,,3570.0,5099.0,annotated_rdrp,,,5083.0,6729.0,True,17.0
PZ221929.1,,,,,,,3570.0,5099.0,annotated_rdrp,,,5083.0,6729.0,True,17.0
PZ221930.1,,,,,,,3568.0,5097.0,annotated_rdrp,,,5081.0,6727.0,True,17.0
PZ136054.1,81.28674,2,7542,7540,GII.P21,None,3570.0,5099.0,annotated_rdrp,GII.3,None,5083.0,6729.0,True,17.0
PZ136057.1,81.28674,2,7542,7540,GII.P21,None,3570.0,5099.0,annotated_rdrp,GII.3,None,5083.0,6729.0,True,17.0
PZ059667.1,75.859245,0,7511,7517,GII.P17,None,3581.0,5110.0,annotated_rdrp,GII.17,None,5094.0,6710.0,True,17.0
PZ059668.1,75.859245,0,7511,7517,GII.P17,None,3581.0,5110.0,annotated_rdrp,GII.17,None,5094.0,6710.0,True,17.0
PZ059669.1,75.87562,0,7511,7517,GII.P17,None,3581.0,5110.0,annotated_rdrp,GII.17,None,5094.0,6710.0,True,17.0
PZ059670.1,75.859245,0,7511,7517,GII.P17,None,3581.0,5110.0,annotated_rdrp,GII.17,None,5094.0,6710.0,True,17.0
PZ059671.1,75.859245,0,7511,7517,GII.P17,None,3581.0,5110.0,annotated_rdrp,GII.17,None,5094.0,6710.0,True,17.0
PZ059672.1,75.859245,0,7511,7517,GII.P17,None,3581.0,5110.0,annotated_rdrp,GII.17,None,5094.0,6710.0,True,17.0
PV902474.1,75.82706,4,7549,7551,GII.P17,None,3577.0,5106.0,annotated_rdrp,GII.17,None,5090.0,6706.0,True,17.0
PV843276.1,76.36869,0,7536,7536,GII.P16,None,3572.0,5101.0,annotated_rdrp,GII.2,None,5085.0,6713.0,True,17.0
PV806172.1,86.83764,6,7485,7482,GII.P7,None,3566.0,5095.0,annotated_rdrp,GII.7,None,5079.0,6701.0,True,17.0
PV806173.1,86.83764,6,7485,7482,GII.P7,None,3566.0,5095.0,annotated_rdrp,GII.7,None,5079.0,6701.0,True,17.0
PV806174.1,86.83764,6,7485,7482,GII.P7,None,3566.0,5095.0,annotated_rdrp,GII.7,None,5079.0,6701.0,True,17.0
PV765565.1,75.84344,4,7546,7548,GII.P17,None,3577.0,5106.0,annotated_rdrp,GII.17,None,5090.0,6706.0,True,17.0
PV765568.1,75.84344,4,7549,7551,GII.P17,None,3577.0,5106.0,annotated_rdrp,GII.17,None,5090.0,6706.0,True,17.0
PV765570.1,75.82706,4,7549,7551,GII.P17,None,3577.0,5106.0,annotated_rdrp,GII.17,None,5090.0,6706.0,True,17.0
PV746275.1,75.97563,0,7525,7519,GII.P16,None,3572.0,5101.0,annotated_rdrp,GII.4,Sydney_2016,5085.0,6707.0,True,17.0
PV746276.1,75.8933,0,7524,7518,GII.P16,None,3572.0,5101.0,annotated_rdrp,GII.4,Sydney_2016,5085.0,6707.0,True,17.0
PV746277.1,75.992096,0,7524,7518,GII.P16,None,3572.0,5101.0,annotated_rdrp,GII.4,Sydney_2016,5085.0,6707.0,True,17.0
PV746278.1,76.00857,0,7524,7518,GII.P16,None,3572.0,5101.0,annotated_rdrp,GII.4,Sydney_2016,5085.0,6707.0,True,17.0
PV655189.1,75.82706,4,7549,7551,GII.P17,None,3577.0,5106.0,annotated_rdrp,GII.17,None,5090.0,6706.0,True,17.0
PV636607.1,89.402084,1,7524,7523,GII.P12,None,3571.0,5100.0,annotated_rdrp,GII.3,None,5084.0,6730.0,True,17.0
PQ461161.1,88.86649,0,7505,7505,GII.P12,None,3572.0,5101.0,annotated_rdrp,GII.3,None,5085.0,6731.0,True,17.0
PV588655.1,75.941696,4,7554,7556,GII.P17,None,3577.0,5106.0,annotated_rdrp,GII.17,None,5090.0,6706.0,True,17.0
PV588656.1,75.89257,4,7554,7556,GII.P17,None,3577.0,5106.0,annotated_rdrp,GII.17,None,5090.0,6706.0,True,17.0
PV588657.1,75.99083,4,7554,7556,GII.P17,None,3577.0,5106.0,annotated_rdrp,GII.17,None,5090.0,6706.0,True,17.0
PV588658.1,75.89257,4,7554,7556,GII.P17,None,3577.0,5106.0,annotated_rdrp,GII.17,None,5090.0,6706.0,True,17.0
PV588796.1,75.90894,4,7511,7513,GII.P17,None,3577.0,5106.0,annotated_rdrp,GII.17,None,5090.0,6706.0,True,17.0
PV588797.1,75.95808,4,7511,7513,GII.P17,None,3577.0,5106.0,annotated_rdrp,GII.17,None,5090.0,6706.0,True,17.0
PV553834.1,87.21704,-1,7510,7508,GII.P7,None,3573.0,5102.0,annotated_rdrp,GII.6,None,5086.0,6729.0,True,17.0
PP498989.1,85.27132,4,7562,7552,GII.P31,None,3568.0,5097.0,annotated_rdrp,GII.4,Sydney_2012,5081.0,6703.0,True,17.0
OR536443.1,84.48509,7,7519,7515,Could,None,3565.0,5094.0,annotated_rdrp,GII.14,None,5078.0,6688.0,True,17.0
OR536445.1,84.50204,7,7511,7501,Could,None,3565.0,5094.0,annotated_rdrp,GII.14,None,5078.0,6688.0,True,17.0
OR536446.1,84.468155,7,7525,7515,Could,None,3565.0,5094.0,annotated_rdrp,GII.14,None,5078.0,6688.0,True,17.0
OR536448.1,84.31572,7,7519,7515,Could,None,3565.0,5094.0,annotated_rdrp,GII.14,None,5078.0,6688.0,True,17.0
OR536449.1,83.897026,7,7525,7515,Could,None,3565.0,5094.0,annotated_rdrp,GII.14,None,5078.0,6688.0,True,17.0
OR536451.1,84.281845,7,7525,7515,Could,None,3565.0,5094.0,annotated_rdrp,GII.14,None,5078.0,6688.0,True,17.0
OR536452.1,84.19715,7,7525,7515,Could,None,3565.0,5094.0,annotated_rdrp,GII.14,None,5078.0,6688.0,True,17.0
OR536453.1,84.31872,7,7525,7515,Could,None,3565.0,5094.0,annotated_rdrp,GII.14,None,5078.0,6688.0,True,17.0
OR536455.1,84.349594,7,7525,7515,Could,None,3565.0,5094.0,annotated_rdrp,GII.14,None,5078.0,6688.0,True,17.0
OR536456.1,84.112465,7,7511,7501,Could,None,3565.0,5094.0,annotated_rdrp,GII.14,None,5078.0,6688.0,True,17.0
OR536461.1,84.26491,7,7525,7515,Could,None,3565.0,5094.0,annotated_rdrp,GII.14,None,5078.0,6688.0,True,17.0
OR536463.1,84.131836,7,7525,7515,Could,None,3565.0,5094.0,annotated_rdrp,GII.14,None,5078.0,6688.0,True,17.0
OR536471.1,80.52057,0,7528,7528,GII.P21,None,3572.0,5101.0,annotated_rdrp,GII.3,None,5085.0,6731.0,True,17.0
OR536474.1,80.53736,0,7505,7505,GII.P21,None,3572.0,5101.0,annotated_rdrp,GII.3,None,5085.0,6731.0,True,17.0
OR536495.1,80.802826,0,7507,7507,GII.P21,None,3572.0,5101.0,annotated_rdrp,GII.3,None,5085.0,6731.0,True,17.0
OR536496.1,81.00437,0,7507,7507,GII.P21,None,3572.0,5101.0,annotated_rdrp,GII.3,None,5085.0,6731.0,True,17.0
OR536497.1,80.83963,0,7507,7507,GII.P21,None,3572.0,5101.0,annotated_rdrp,GII.3,None,5085.0,6731.0,True,17.0
OR536498.1,80.85642,0,7507,7507,GII.P21,None,3572.0,5101.0,annotated_rdrp,GII.3,None,5085.0,6731.0,True,17.0
OR536499.1,80.83963,0,7507,7507,GII.P21,None,3572.0,5101.0,annotated_rdrp,GII.3,None,5085.0,6731.0,True,17.0
PP381831.1,75.67924,0,7555,7549,GII.P16,None,3572.0,5101.0,annotated_rdrp,GII.4,Sydney_2016,5085.0,6707.0,True,17.0
PP267279.1,75.6002,0,7498,7504,GII.P17,None,3581.0,5110.0,annotated_rdrp,GII.17,None,5094.0,6716.0,True,17.0
PP267284.1,75.6002,0,7497,7503,GII.P17,None,3581.0,5110.0,annotated_rdrp,GII.17,None,5094.0,6716.0,True,17.0
PP267285.1,75.74718,0,7497,7503,GII.P17,None,3581.0,5110.0,annotated_rdrp,GII.17,None,5094.0,6716.0,True,17.0
PP267298.1,75.77985,0,7497,7503,GII.P17,None,3581.0,5110.0,annotated_rdrp,GII.17,None,5094.0,6716.0,True,17.0
OR546391.1,93.38766,4,7484,7486,GII.P8,None,3568.0,5097.0,annotated_rdrp,GII.8,None,5081.0,6694.0,True,17.0
OR546392.1,93.34758,4,7484,7486,GII.P8,None,3568.0,5097.0,annotated_rdrp,GII.8,None,5081.0,6694.0,True,17.0
OR546393.1,93.34758,4,7487,7486,GII.P8,None,3568.0,5097.0,annotated_rdrp,GII.8,None,5081.0,6694.0,True,17.0
OR546394.1,93.40102,4,7484,7486,GII.P8,None,3568.0,5097.0,annotated_rdrp,GII.8,None,5081.0,6694.0,True,17.0
OR546395.1,93.54796,4,7484,7486,GII.P8,None,3568.0,5097.0,annotated_rdrp,GII.8,None,5081.0,6694.0,True,17.0
OR546396.1,92.813255,4,7487,7486,GII.P8,None,3568.0,5097.0,annotated_rdrp,GII.8,None,5081.0,6694.0,True,17.0
OR546397.1,92.813255,4,7487,7486,GII.P8,None,3568.0,5097.0,annotated_rdrp,GII.8,None,5081.0,6694.0,True,17.0
OR546398.1,92.826614,4,7487,7486,GII.P8,None,3568.0,5097.0,annotated_rdrp,GII.8,None,5081.0,6694.0,True,17.0
OR546399.1,92.93348,4,7487,7486,GII.P8,None,3568.0,5097.0,annotated_rdrp,GII.8,None,5081.0,6694.0,True,17.0
OR546400.1,92.8934,4,7487,7486,GII.P8,None,3568.0,5097.0,annotated_rdrp,GII.8,None,5081.0,6694.0,True,17.0
OR397766.1,84.64515,0,7513,7513,GII.P1,None,3572.0,5101.0,annotated_rdrp,GII.1,None,5085.0,6692.0,True,17.0
OR397767.1,84.685165,0,7513,7513,GII.P1,None,3572.0,5101.0,annotated_rdrp,GII.1,None,5085.0,6692.0,True,17.0
OR397768.1,84.67182,0,7513,7513,GII.P1,None,3572.0,5101.0,annotated_rdrp,GII.1,None,5085.0,6692.0,True,17.0
OR397769.1,84.67182,0,7513,7513,GII.P1,None,3572.0,5101.0,annotated_rdrp,GII.1,None,5085.0,6692.0,True,17.0
OR397770.1,84.67182,0,7513,7513,GII.P1,None,3572.0,5101.0,annotated_rdrp,GII.1,None,5085.0,6692.0,True,17.0
OR397771.1,84.658485,0,7513,7513,GII.P1,None,3572.0,5101.0,annotated_rdrp,GII.1,None,5085.0,6692.0,True,17.0
OR397772.1,84.658485,0,7513,7513,GII.P1,None,3572.0,5101.0,annotated_rdrp,GII.1,None,5085.0,6692.0,True,17.0
OR397773.1,84.67182,0,7513,7513,GII.P1,None,3572.0,5101.0,annotated_rdrp,GII.1,None,5085.0,6692.0,True,17.0
OR397774.1,84.6318,0,7513,7513,GII.P1,None,3572.0,5101.0,annotated_rdrp,GII.1,None,5085.0,6692.0,True,17.0
OR397775.1,84.6985,0,7513,7513,GII.P1,None,3572.0,5101.0,annotated_rdrp,GII.1,None,5085.0,6692.0,True,17.0
OR397776.1,84.64515,0,7513,7513,GII.P1,None,3572.0,5101.0,annotated_rdrp,GII.1,None,5085.0,6692.0,True,17.0
OR397777.1,84.64515,0,7513,7513,GII.P1,None,3572.0,5101.0,annotated_rdrp,GII.1,None,5085.0,6692.0,True,17.0
OR397778.1,84.67182,0,7513,7513,GII.P1,None,3572.0,5101.0,annotated_rdrp,GII.1,None,5085.0,6692.0,True,17.0
OR397779.1,84.685165,0,7513,7513,GII.P1,None,3572.0,5101.0,annotated_rdrp,GII.1,None,5085.0,6692.0,True,17.0
OR397780.1,84.64515,0,7513,7513,GII.P1,None,3572.0,5101.0,annotated_rdrp,GII.1,None,5085.0,6692.0,True,17.0
OR397781.1,84.6318,0,7513,7513,GII.P1,None,3572.0,5101.0,annotated_rdrp,GII.1,None,5085.0,6692.0,True,17.0
OR397782.1,84.61846,0,7513,7513,GII.P1,None,3572.0,5101.0,annotated_rdrp,GII.1,None,5085.0,6692.0,True,17.0
OR397783.1,84.658485,0,7513,7513,GII.P1,None,3572.0,5101.0,annotated_rdrp,GII.1,None,5085.0,6692.0,True,17.0
OR397784.1,84.658485,0,7513,7513,GII.P1,None,3572.0,5101.0,annotated_rdrp,GII.1,None,5085.0,6692.0,True,17.0
OR397785.1,84.61846,0,7513,7513,GII.P1,None,3572.0,5101.0,annotated_rdrp,GII.1,None,5085.0,6692.0,True,17.0
OR397786.1,84.61846,0,7513,7513,GII.P1,None,3572.0,5101.0,annotated_rdrp,GII.1,None,5085.0,6692.0,True,17.0
OR397787.1,84.6318,0,7513,7513,GII.P1,None,3572.0,5101.0,annotated_rdrp,GII.1,None,5085.0,6692.0,True,17.0
OR397788.1,84.61846,0,7513,7513,GII.P1,None,3572.0,5101.0,annotated_rdrp,GII.1,None,5085.0,6692.0,True,17.0
OP691294.1,76.689026,0,7532,7538,GII.P16,None,3572.0,5101.0,annotated_rdrp,GII.10,None,5085.0,6731.0,True,17.0
OP691295.1,76.689026,0,7532,7538,GII.P16,None,3572.0,5101.0,annotated_rdrp,GII.10,None,5085.0,6731.0,True,17.0
OP609644.1,76.47155,0,7537,7543,GII.P16,None,3572.0,5101.0,annotated_rdrp,GII.10,None,5085.0,6731.0,True,17.0
OP609645.1,76.4879,0,7537,7543,GII.P16,None,3572.0,5101.0,annotated_rdrp,GII.10,None,5085.0,6731.0,True,17.0
OP609646.1,76.586,0,7537,7543,GII.P16,None,3572.0,5101.0,annotated_rdrp,GII.10,None,5085.0,6731.0,True,17.0
ON706286.1,95.14524,10,7552,7539,GII.P7,None,3562.0,5091.0,annotated_rdrp,GII.6,None,5075.0,6727.0,True,17.0
MW581004.1,84.50566,0,7485,7479,GII.P4,New_Orleans_2009,3572.0,5101.0,annotated_rdrp,GII.4,New_Orleans_2009,5085.0,6707.0,True,17.0
MW581005.1,84.50057,0,7485,7479,GII.P4,New_Orleans_2009,3572.0,5101.0,annotated_rdrp,GII.4,Could not assign,5085.0,6707.0,True,17.0
MW581006.1,84.489265,0,7485,7479,GII.P4,New_Orleans_2009,3572.0,5101.0,annotated_rdrp,GII.4,New_Orleans_2009,5085.0,6707.0,True,17.0
MW581007.1,84.58258,0,7485,7479,GII.P4,New_Orleans_2009,3572.0,5101.0,annotated_rdrp,GII.4,Could not assign,5085.0,6707.0,True,17.0
MW581008.1,84.00853,0,7485,7479,GII.P4,Could not assign,3572.0,5101.0,annotated_rdrp,GII.4,Could not assign,5085.0,6707.0,True,17.0
MW581009.1,84.15614,0,7485,7479,GII.P4,New_Orleans_2009,3572.0,5101.0,annotated_rdrp,GII.4,Could not assign,5085.0,6707.0,True,17.0
MW581010.1,84.205345,0,7485,7479,GII.P4,New_Orleans_2009,3572.0,5101.0,annotated_rdrp,GII.4,Could not assign,5085.0,6707.0,True,17.0
MW581011.1,84.074135,0,7485,7479,GII.P4,Could not assign,3572.0,5101.0,annotated_rdrp,GII.4,Could not assign,5085.0,6707.0,True,17.0
MW581012.1,84.09054,0,7485,7479,GII.P4,New_Orleans_2009,3572.0,5101.0,annotated_rdrp,GII.4,Could not assign,5085.0,6707.0,True,17.0
MZ292759.1,87.73681,6,7493,7490,GII.P7,None,3566.0,5095.0,annotated_rdrp,GII.7,None,5079.0,6701.0,True,17.0
MZ292794.1,93.59744,3,7491,7494,GII.P8,None,3569.0,5098.0,annotated_rdrp,GII.8,None,5082.0,6695.0,True,17.0
MZ291623.1,75.82884,0,7489,7495,GII.P17,None,3581.0,5110.0,annotated_rdrp,GII.17,None,5094.0,6716.0,True,17.0
MZ291626.1,76.600945,4,7536,7529,GII.P16,None,3565.0,5094.0,annotated_rdrp,GII.2,None,5078.0,6706.0,True,17.0
MZ291632.1,75.81304,4,7550,7552,GII.P17,None,3577.0,5106.0,annotated_rdrp,GII.17,None,5090.0,6712.0,True,17.0
MZ291634.1,83.99616,4,7553,7546,GII.P4,Den_Haag_2006b,3568.0,5097.0,annotated_rdrp,GII.4,Den_Haag_2006b,5081.0,6703.0,True,17.0
MZ268407.1,76.38957,4,7457,7450,GII.P16,None,3565.0,5094.0,annotated_rdrp,GII.13,None,5078.0,6706.0,True,17.0
MZ272053.1,88.01016,6,7511,7505,GII.P7,None,3566.0,5095.0,annotated_rdrp,GII.14,None,5079.0,6689.0,True,17.0
MZ272475.1,87.97629,6,7511,7505,GII.P7,None,3566.0,5095.0,annotated_rdrp,GII.14,None,5079.0,6689.0,True,17.0
MZ265063.2,81.76722,4,7491,7487,GII.P33,None,3574.0,5103.0,annotated_rdrp,GII.1,None,5087.0,6694.0,True,17.0
MZ265142.1,70.13889,-36,7489,7540,GII.P40,None,3608.0,5137.0,annotated_rdrp,GII.5,None,5121.0,6743.0,True,17.0
MZ265418.1,93.3971,6,7537,7531,GII.P7,None,3566.0,5095.0,annotated_rdrp,GII.6,None,5079.0,6731.0,True,17.0
MZ265480.1,87.93034,6,7523,7514,GII.P7,None,3566.0,5095.0,annotated_rdrp,GII.6,None,5079.0,6722.0,True,17.0
MZ233435.1,84.831,2,7574,7566,GII.P4,New_Orleans_2009,3570.0,5099.0,annotated_rdrp,GII.4,New_Orleans_2009,5083.0,6705.0,True,17.0
MW661247.1,83.556404,1,7584,7580,GII.P4,Den_Haag_2006b,3571.0,5100.0,annotated_rdrp,GII.4,Den_Haag_2006b,5084.0,6706.0,True,17.0
MW661251.1,84.99016,1,7615,7608,GII.P31,None,3571.0,5100.0,annotated_rdrp,GII.4,Sydney_2012,5084.0,6706.0,True,17.0
MW661252.1,84.96883,3,7605,7596,GII.P31,None,3569.0,5098.0,annotated_rdrp,GII.4,Sydney_2012,5082.0,6704.0,True,17.0
MW661254.1,76.37769,1,7592,7591,GII.P16,None,3571.0,5100.0,annotated_rdrp,GII.4,Sydney_2016,5084.0,6706.0,True,17.0
MW661255.1,89.7044,1,7578,7577,GII.P12,None,3571.0,5100.0,annotated_rdrp,GII.3,None,5084.0,6730.0,True,17.0
MW661257.1,93.7392,1,7553,7558,GII.P8,None,3571.0,5100.0,annotated_rdrp,GII.8,None,5084.0,6697.0,True,17.0
MW661258.1,76.15126,0,7516,7513,GII.P16,None,3569.0,5098.0,annotated_rdrp,GII.4,Sydney_2016,5082.0,6704.0,True,17.0
MW661259.1,76.054016,1,7600,7593,GII.P16,None,3571.0,5100.0,annotated_rdrp,GII.4,Sydney_2016,5084.0,6706.0,True,17.0
MW661260.1,75.938736,1,7606,7599,GII.P16,None,3571.0,5100.0,annotated_rdrp,GII.4,Sydney_2016,5084.0,6706.0,True,17.0
MW661261.1,76.49933,4,7521,7517,GII.P16,None,3568.0,5097.0,annotated_rdrp,GII.4,Sydney_2016,5081.0,6703.0,True,17.0
MW661262.1,81.0397,4,7582,7578,GII.P21,None,3568.0,5097.0,annotated_rdrp,GII.3,None,5081.0,6727.0,True,17.0
MW661263.1,77.823814,0,7475,7469,GII.P16,None,3572.0,5101.0,annotated_rdrp,GII.1,None,5085.0,6692.0,True,17.0
MW661265.1,89.45247,1,7582,7581,GII.P12,None,3571.0,5100.0,annotated_rdrp,GII.3,None,5084.0,6730.0,True,17.0
MW661267.1,78.05237,0,7480,7474,GII.P16,None,3572.0,5101.0,annotated_rdrp,GII.1,None,5085.0,6692.0,True,17.0
MW661268.1,78.02242,3,7535,7526,GII.P16,None,3569.0,5098.0,annotated_rdrp,GII.1,None,5082.0,6689.0,True,17.0
MW661269.1,77.998665,2,7552,7544,GII.P16,None,3570.0,5099.0,annotated_rdrp,GII.1,None,5083.0,6690.0,True,17.0
MW661270.1,77.98826,1,7551,7544,GII.P16,None,3571.0,5100.0,annotated_rdrp,GII.1,None,5084.0,6691.0,True,17.0
MW661277.1,76.5226,1,7601,7600,GII.P16,None,3571.0,5100.0,annotated_rdrp,GII.2,None,5084.0,6712.0,True,17.0
MW661279.1,75.97627,4,7561,7551,GII.P16,None,3568.0,5097.0,annotated_rdrp,GII.4,Sydney_2016,5081.0,6703.0,True,17.0
MW661280.1,75.95521,1,7605,7598,GII.P16,None,3571.0,5100.0,annotated_rdrp,GII.4,Sydney_2016,5084.0,6706.0,True,17.0
MW661283.1,75.83992,1,7584,7577,GII.P16,None,3571.0,5100.0,annotated_rdrp,GII.4,Sydney_2016,5084.0,6706.0,True,17.0
MT233268.1,75.173096,4,7471,7485,GII.P17,None,3577.0,5106.0,annotated_rdrp,GII.17,None,5090.0,6706.0,True,17.0
MT218311.1,84.72518,4,7519,7512,GII.P31,None,3571.0,5100.0,annotated_rdrp,GII.4,Sydney_2012,5084.0,6706.0,True,17.0
MT242482.1,81.77439,4,7471,7467,GII.P33,None,3574.0,5103.0,annotated_rdrp,GII.1,None,5087.0,6694.0,True,17.0
MT316122.1,76.43794,4,7552,7545,GII.P16,None,3565.0,5094.0,annotated_rdrp,GII.3,None,5078.0,6724.0,True,17.0
MT158850.1,92.77911,10,7516,7506,GII.P7,None,3562.0,5091.0,annotated_rdrp,GII.6,None,5075.0,6727.0,True,17.0
MT158851.1,76.19984,4,7492,7488,GII.P16,None,3568.0,5097.0,annotated_rdrp,GII.2,None,5081.0,6709.0,True,17.0
MT158852.1,76.57658,4,7492,7488,GII.P16,None,3568.0,5097.0,annotated_rdrp,GII.2,None,5081.0,6709.0,True,17.0
MT158853.1,76.44554,4,7492,7488,GII.P16,None,3568.0,5097.0,annotated_rdrp,GII.2,None,5081.0,6709.0,True,17.0
MT158854.1,89.34633,4,7495,7491,GII.P12,None,3568.0,5097.0,annotated_rdrp,GII.3,None,5081.0,6727.0,True,17.0
MT158855.1,76.65848,4,7492,7488,GII.P16,None,3568.0,5097.0,annotated_rdrp,GII.2,None,5081.0,6709.0,True,17.0
MT158856.1,76.61488,4,7492,7488,GII.P16,None,3568.0,5097.0,annotated_rdrp,GII.2,None,5081.0,6709.0,True,17.0
MT158857.1,76.65848,4,7492,7488,GII.P16,None,3568.0,5097.0,annotated_rdrp,GII.2,None,5081.0,6709.0,True,17.0
MT158858.1,85.15586,4,7519,7509,GII.P31,None,3568.0,5097.0,annotated_rdrp,GII.4,Could not assign,5081.0,6703.0,True,17.0
MT158859.1,85.15586,4,7519,7509,GII.P31,None,3568.0,5097.0,annotated_rdrp,GII.4,Could not assign,5081.0,6703.0,True,17.0
MT158860.1,75.69865,4,7493,7495,GII.P17,None,3577.0,5106.0,annotated_rdrp,GII.17,None,5090.0,6712.0,True,17.0
MT158861.1,75.6823,4,7493,7495,GII.P17,None,3577.0,5106.0,annotated_rdrp,GII.17,None,5090.0,6712.0,True,17.0
MT158862.1,76.72287,0,7492,7492,GII.P16,None,3572.0,5101.0,annotated_rdrp,GII.2,None,5085.0,6713.0,True,17.0
MN394542.1,76.58218,4,7536,7532,GII.P16,None,3568.0,5097.0,annotated_rdrp,GII.2,None,5081.0,6709.0,True,17.0
MN307993.1,84.675964,4,7519,7512,GII.P31,None,3571.0,5100.0,annotated_rdrp,GII.4,Could not assign,5084.0,6706.0,True,17.0
MN307995.1,84.79802,4,7519,7512,GII.P31,None,3571.0,5100.0,annotated_rdrp,GII.4,Sydney_2012,5084.0,6706.0,True,17.0
MN307996.1,84.64963,4,7519,7512,GII.P31,None,3571.0,5100.0,annotated_rdrp,GII.4,Could not assign,5084.0,6706.0,True,17.0
MN307997.1,85.24091,4,7513,7512,GII.P31,None,3571.0,5100.0,annotated_rdrp,GII.4,Sydney_2012,5084.0,6706.0,True,17.0
MN307998.1,85.029434,4,7513,7512,GII.P31,None,3571.0,5100.0,annotated_rdrp,GII.4,Sydney_2012,5084.0,6706.0,True,17.0
MN307999.1,84.91344,4,7519,7512,GII.P31,None,3571.0,5100.0,annotated_rdrp,GII.4,Could not assign,5084.0,6706.0,True,17.0
MN308001.1,84.93847,4,7519,7512,GII.P31,None,3571.0,5100.0,annotated_rdrp,GII.4,Sydney_2012,5084.0,6706.0,True,17.0
MN308002.1,84.501236,4,7519,7512,GII.P31,None,3571.0,5100.0,annotated_rdrp,GII.4,Sydney_2012,5084.0,6706.0,True,17.0
MN308003.1,84.73207,4,7519,7512,GII.P31,None,3571.0,5100.0,annotated_rdrp,GII.4,Sydney_2012,5084.0,6706.0,True,17.0
MN308008.1,84.675964,4,7519,7512,GII.P31,None,3571.0,5100.0,annotated_rdrp,GII.4,Sydney_2012,5084.0,6706.0,True,17.0
MN308010.1,85.05332,4,7519,7512,GII.P31,None,3571.0,5100.0,annotated_rdrp,GII.4,Sydney_2012,5084.0,6706.0,True,17.0
MN308012.1,84.88925,4,7519,7512,GII.P31,None,3571.0,5100.0,annotated_rdrp,GII.4,Sydney_2012,5084.0,6706.0,True,17.0
MN308014.1,84.70878,4,7519,7512,GII.P31,None,3571.0,5100.0,annotated_rdrp,GII.4,Sydney_2012,5084.0,6706.0,True,17.0
MN308015.1,84.962906,4,7519,7512,GII.P31,None,3571.0,5100.0,annotated_rdrp,GII.4,Sydney_2012,5084.0,6706.0,True,17.0
MN308017.1,84.72518,4,7519,7512,GII.P31,None,3571.0,5100.0,annotated_rdrp,GII.4,Sydney_2012,5084.0,6706.0,True,17.0
MN308018.1,84.765045,4,7519,7512,GII.P31,None,3571.0,5100.0,annotated_rdrp,GII.4,Sydney_2012,5084.0,6706.0,True,17.0
MN308019.1,83.46577,4,7513,7512,GII.P31,None,3571.0,5100.0,annotated_rdrp,GII.4,Sydney_2012,5084.0,6706.0,True,17.0
MN308020.1,84.95488,4,7519,7512,GII.P31,None,3571.0,5100.0,annotated_rdrp,GII.4,Sydney_2012,5084.0,6706.0,True,17.0
MN199033.1,90.053764,3,7568,7565,GII.P12,None,3569.0,5098.0,annotated_rdrp,GII.3,None,5082.0,6728.0,True,17.0
MK614124.1,76.53311,4,7540,7536,GII.P16,None,3568.0,5097.0,annotated_rdrp,GII.2,None,5081.0,6709.0,True,17.0
MK614125.1,76.56582,4,7540,7536,GII.P16,None,3568.0,5097.0,annotated_rdrp,GII.2,None,5081.0,6709.0,True,17.0
MK614126.1,76.38594,4,7540,7536,GII.P16,None,3568.0,5097.0,annotated_rdrp,GII.2,None,5081.0,6709.0,True,17.0
MK614127.1,76.28782,4,7540,7536,GII.P16,None,3568.0,5097.0,annotated_rdrp,GII.2,None,5081.0,6709.0,True,17.0
MK614128.1,76.511055,4,7540,7536,GII.P16,None,3568.0,5097.0,annotated_rdrp,GII.2,None,5081.0,6709.0,True,17.0
MK614129.1,76.467705,4,7540,7536,GII.P16,None,3568.0,5097.0,annotated_rdrp,GII.2,None,5081.0,6709.0,True,17.0
MK614130.1,76.57658,4,7540,7536,GII.P16,None,3568.0,5097.0,annotated_rdrp,GII.2,None,5081.0,6709.0,True,17.0
MK614131.1,76.60934,4,7540,7536,GII.P16,None,3568.0,5097.0,annotated_rdrp,GII.2,None,5081.0,6709.0,True,17.0
MK614132.1,76.42916,4,7540,7536,GII.P16,None,3568.0,5097.0,annotated_rdrp,GII.2,None,5081.0,6709.0,True,17.0
MK614133.1,76.527435,4,7540,7536,GII.P16,None,3568.0,5097.0,annotated_rdrp,GII.2,None,5081.0,6709.0,True,17.0
MK614134.1,76.62572,4,7540,7536,GII.P16,None,3568.0,5097.0,annotated_rdrp,GII.2,None,5081.0,6709.0,True,17.0
MK614135.1,76.60934,4,7540,7536,GII.P16,None,3568.0,5097.0,annotated_rdrp,GII.2,None,5081.0,6709.0,True,17.0
MK614136.1,76.60934,4,7540,7536,GII.P16,None,3568.0,5097.0,annotated_rdrp,GII.2,None,5081.0,6709.0,True,17.0
MK614137.1,76.41865,4,7540,7536,GII.P16,None,3568.0,5097.0,annotated_rdrp,GII.2,None,5081.0,6709.0,True,17.0
MK775029.1,78.17109,1,7504,7503,GII.P2,None,3571.0,5100.0,annotated_rdrp,GII.2,None,5084.0,6712.0,True,17.0
MK775032.1,76.293686,1,7560,7559,GII.P16,None,3571.0,5100.0,annotated_rdrp,GII.4,Sydney_2016,5084.0,6706.0,True,17.0
MK773585.1,75.78254,3,7561,7552,GII.P16,None,3569.0,5098.0,annotated_rdrp,GII.4,Sydney_2016,5082.0,6704.0,True,17.0
MK773587.1,76.548454,0,7527,7527,GII.P16,None,3572.0,5101.0,annotated_rdrp,GII.2,None,5085.0,6713.0,True,17.0
MK762558.1,85.26662,4,7519,7509,GII.P31,None,3568.0,5097.0,annotated_rdrp,GII.4,Sydney_2012,5081.0,6703.0,True,17.0
MK762560.1,76.2912,4,7457,7450,GII.P16,None,3565.0,5094.0,annotated_rdrp,GII.13,None,5078.0,6706.0,True,17.0
MK762564.1,75.82798,4,7539,7529,GII.P16,None,3568.0,5097.0,annotated_rdrp,GII.4,Sydney_2016,5081.0,6703.0,True,17.0
MK762566.1,75.77854,4,7561,7551,GII.P16,None,3568.0,5097.0,annotated_rdrp,GII.4,Sydney_2016,5081.0,6703.0,True,17.0
MK762568.1,75.87741,4,7552,7542,GII.P16,None,3568.0,5097.0,annotated_rdrp,GII.4,Sydney_2016,5081.0,6703.0,True,17.0
MK762626.1,76.69013,0,7499,7499,GII.P16,None,3572.0,5101.0,annotated_rdrp,GII.2,None,5085.0,6713.0,True,17.0
MK762627.1,81.23585,1,7505,7504,GII.P16,None,3571.0,5100.0,annotated_rdrp,GII.12,None,5084.0,6691.0,True,17.0
MK762629.1,76.24328,1,7536,7535,GII.P16,None,3571.0,5100.0,annotated_rdrp,GII.4,Sydney_2016,5084.0,6706.0,True,17.0
MK762632.1,76.117645,0,7550,7547,GII.P16,None,3569.0,5098.0,annotated_rdrp,GII.4,Sydney_2016,5082.0,6704.0,True,17.0
MK762633.1,76.51006,0,7519,7519,GII.P16,None,3572.0,5101.0,annotated_rdrp,GII.2,None,5085.0,6713.0,True,17.0
MK762636.1,75.942696,0,7538,7532,GII.P16,None,3572.0,5101.0,annotated_rdrp,GII.4,Sydney_2016,5085.0,6707.0,True,17.0
MK762637.1,75.9183,2,7565,7557,GII.P16,None,3570.0,5099.0,annotated_rdrp,GII.4,Sydney_2016,5083.0,6705.0,True,17.0
MK762745.1,76.855896,1,7457,7453,GII.P16,None,3568.0,5097.0,annotated_rdrp,GII.13,None,5081.0,6709.0,True,17.0
MK762746.1,75.9058,1,7569,7562,GII.P16,None,3571.0,5100.0,annotated_rdrp,GII.4,Sydney_2016,5084.0,6706.0,True,17.0
MK764013.1,75.938736,1,7563,7556,GII.P16,None,3571.0,5100.0,annotated_rdrp,GII.4,Sydney_2016,5084.0,6706.0,True,17.0
MK764014.1,76.31535,2,7451,7446,GII.P16,None,3567.0,5096.0,annotated_rdrp,GII.13,None,5080.0,6708.0,True,17.0
MK764015.1,75.856384,1,7530,7523,GII.P16,None,3571.0,5100.0,annotated_rdrp,GII.4,Sydney_2016,5084.0,6706.0,True,17.0
MK764021.1,76.10736,0,7542,7536,GII.P16,None,3572.0,5101.0,annotated_rdrp,GII.4,Sydney_2016,5085.0,6707.0,True,17.0
MK764022.1,76.580414,3,7536,7533,GII.P16,None,3569.0,5098.0,annotated_rdrp,GII.2,None,5082.0,6710.0,True,17.0
MK764039.1,78.059555,1,7513,7512,GII.P2,None,3571.0,5100.0,annotated_rdrp,GII.2,None,5084.0,6712.0,True,17.0
MK764041.1,81.09805,0,7480,7480,GII.P16,None,3572.0,5101.0,annotated_rdrp,GII.12,None,5085.0,6692.0,True,17.0
MH041321.1,76.56404,4,7536,7532,GII.P16,None,3568.0,5097.0,annotated_rdrp,GII.2,None,5081.0,6709.0,True,17.0
MH041322.1,76.527435,4,7536,7532,GII.P16,None,3568.0,5097.0,annotated_rdrp,GII.2,None,5081.0,6709.0,True,17.0
MK752934.1,76.058655,4,7521,7511,GII.P16,None,3568.0,5097.0,annotated_rdrp,GII.4,Sydney_2016,5081.0,6703.0,True,17.0
MK752937.1,75.9058,1,7532,7525,GII.P16,None,3571.0,5100.0,annotated_rdrp,GII.4,Sydney_2016,5084.0,6706.0,True,17.0
MK752939.1,76.80092,1,7499,7498,GII.P16,None,3571.0,5100.0,annotated_rdrp,GII.2,None,5084.0,6712.0,True,17.0
MK752941.1,76.600624,3,7512,7509,GII.P16,None,3569.0,5098.0,annotated_rdrp,GII.2,None,5082.0,6710.0,True,17.0
MK752942.1,75.83992,1,7540,7533,GII.P16,None,3571.0,5100.0,annotated_rdrp,GII.4,Sydney_2016,5084.0,6706.0,True,17.0
MK752946.1,76.956665,1,7461,7457,GII.P16,None,3568.0,5097.0,annotated_rdrp,GII.13,None,5081.0,6709.0,True,17.0
MK752947.1,76.319244,1,7452,7448,GII.P16,None,3568.0,5097.0,annotated_rdrp,GII.13,None,5081.0,6709.0,True,17.0
MK753007.1,77.90507,3,7536,7533,GII.P2,None,3569.0,5098.0,annotated_rdrp,GII.2,None,5082.0,6710.0,True,17.0
MK753008.1,76.31535,2,7461,7456,GII.P16,None,3567.0,5096.0,annotated_rdrp,GII.13,None,5080.0,6708.0,True,17.0
MK753009.1,76.28647,1,7466,7462,GII.P16,None,3568.0,5097.0,annotated_rdrp,GII.13,None,5081.0,6709.0,True,17.0
MK753010.1,76.3684,1,7461,7457,GII.P16,None,3568.0,5097.0,annotated_rdrp,GII.13,None,5081.0,6709.0,True,17.0
MK753012.1,78.108635,1,7506,7505,GII.P2,None,3571.0,5100.0,annotated_rdrp,GII.2,None,5084.0,6712.0,True,17.0
MK753016.1,76.4629,1,7522,7521,GII.P16,None,3571.0,5100.0,annotated_rdrp,GII.2,None,5084.0,6712.0,True,17.0
MK753033.1,77.81634,4,7496,7486,GII.P16,None,3568.0,5097.0,annotated_rdrp,GII.1,None,5081.0,6688.0,True,17.0
MK753034.1,77.65475,0,7500,7494,GII.P16,None,3572.0,5101.0,annotated_rdrp,GII.1,None,5085.0,6692.0,True,17.0
MK753035.1,76.36096,2,7532,7530,GII.P16,None,3570.0,5099.0,annotated_rdrp,GII.2,None,5083.0,6711.0,True,17.0
MK753036.1,81.09805,0,7480,7480,GII.P16,None,3572.0,5101.0,annotated_rdrp,GII.12,None,5085.0,6692.0,True,17.0
MK754442.1,75.88933,1,7562,7555,GII.P16,None,3571.0,5100.0,annotated_rdrp,GII.4,Sydney_2016,5084.0,6706.0,True,17.0
MK754443.1,76.40118,1,7461,7457,GII.P16,None,3568.0,5097.0,annotated_rdrp,GII.13,None,5081.0,6709.0,True,17.0
MK754445.1,81.093666,4,7517,7513,GII.P16,None,3568.0,5097.0,annotated_rdrp,GII.12,None,5081.0,6688.0,True,17.0
MK754447.1,81.17255,0,7502,7502,GII.P16,None,3572.0,5101.0,annotated_rdrp,GII.12,None,5085.0,6692.0,True,17.0
MK756034.1,75.72864,0,7519,7513,GII.P16,None,3572.0,5101.0,annotated_rdrp,GII.4,Sydney_2016,5085.0,6707.0,True,17.0
MK756035.1,75.88535,2,7519,7511,GII.P16,None,3570.0,5099.0,annotated_rdrp,GII.4,Sydney_2016,5083.0,6705.0,True,17.0
MK729086.1,78.095856,0,7496,7496,GII.P2,None,3572.0,5101.0,annotated_rdrp,GII.2,None,5085.0,6713.0,True,17.0
MG214988.1,85.623,0,7513,7513,GII.P31,None,3500.0,5104.0,polyprotein_fallback,GII.4,Could not assign,5085.0,6707.0,True,20.0
MG002632.1,84.37295,5,7561,7550,GII.P4,New_Orleans_2009,3500.0,5099.0,polyprotein_fallback,GII.4,Could not assign,5080.0,6702.0,True,20.0
MG002634.1,84.32371,5,7566,7555,GII.P4,New_Orleans_2009,3500.0,5099.0,polyprotein_fallback,GII.4,Could not assign,5080.0,6702.0,True,20.0
PQ196508.1,75.668144,4,7534,7524,GII.P16,None,3568.0,5097.0,annotated_rdrp,GII.4,Sydney_2016,5081.0,6703.0,True,17.0
PQ196512.1,75.37301,0,7534,7528,GII.P16,None,3572.0,5101.0,annotated_rdrp,GII.4,Sydney_2016,5085.0,6707.0,True,17.0
PQ196514.1,75.52058,4,7534,7524,GII.P16,None,3568.0,5097.0,annotated_rdrp,GII.4,Sydney_2016,5081.0,6703.0,True,17.0
PQ196516.1,75.668144,4,7534,7524,GII.P16,None,3568.0,5097.0,annotated_rdrp,GII.4,Sydney_2016,5081.0,6703.0,True,17.0
PQ196517.1,75.71288,0,7534,7528,GII.P16,None,3572.0,5101.0,annotated_rdrp,GII.4,Sydney_2016,5085.0,6707.0,True,17.0
PQ196518.1,75.700935,0,7534,7528,GII.P16,None,3572.0,5101.0,annotated_rdrp,GII.4,Sydney_2016,5085.0,6707.0,True,17.0
PQ196520.1,75.56939,0,7534,7528,GII.P16,None,3572.0,5101.0,annotated_rdrp,GII.4,Sydney_2016,5085.0,6707.0,True,17.0
PQ196523.1,75.53697,0,7534,7528,GII.P16,None,3572.0,5101.0,annotated_rdrp,GII.4,Sydney_2016,5085.0,6707.0,True,17.0
PQ196525.1,75.53662,0,7534,7528,GII.P16,None,3572.0,5101.0,annotated_rdrp,GII.4,Sydney_2016,5085.0,6707.0,True,17.0
PQ196526.1,75.55301,0,7534,7528,GII.P16,None,3572.0,5101.0,annotated_rdrp,GII.4,Sydney_2016,5085.0,6707.0,True,17.0
PQ196528.1,75.63535,4,7534,7524,GII.P16,None,3568.0,5097.0,annotated_rdrp,GII.4,Sydney_2016,5081.0,6703.0,True,17.0
PQ196529.1,75.65175,4,7534,7524,GII.P16,None,3568.0,5097.0,annotated_rdrp,GII.4,Sydney_2016,5081.0,6703.0,True,17.0
PQ196530.1,75.55337,4,7534,7524,GII.P16,None,3568.0,5097.0,annotated_rdrp,GII.4,Sydney_2016,5081.0,6703.0,True,17.0
PQ196532.1,75.50385,0,7534,7528,GII.P16,None,3572.0,5101.0,annotated_rdrp,GII.4,Sydney_2016,5085.0,6707.0,True,17.0
PQ196533.1,75.487465,0,7534,7528,GII.P16,None,3572.0,5101.0,annotated_rdrp,GII.4,Sydney_2016,5085.0,6707.0,True,17.0
PQ196534.1,75.58617,4,7534,7524,GII.P16,None,3568.0,5097.0,annotated_rdrp,GII.4,Sydney_2016,5081.0,6703.0,True,17.0
PQ196536.1,75.38941,0,7519,7513,GII.P16,None,3572.0,5101.0,annotated_rdrp,GII.4,Sydney_2016,5085.0,6707.0,True,17.0
PQ196537.1,75.4547,0,7519,7513,GII.P16,None,3572.0,5101.0,annotated_rdrp,GII.4,Sydney_2016,5085.0,6707.0,True,17.0
PQ196538.1,75.4386,4,7504,7494,GII.P16,None,3568.0,5097.0,annotated_rdrp,GII.4,Sydney_2016,5081.0,6703.0,True,17.0
PQ196539.1,75.454994,4,7519,7509,GII.P16,None,3568.0,5097.0,annotated_rdrp,GII.4,Sydney_2016,5081.0,6703.0,True,17.0
PQ196541.1,75.40581,4,7519,7509,GII.P16,None,3568.0,5097.0,annotated_rdrp,GII.4,Sydney_2016,5081.0,6703.0,True,17.0
PQ196543.1,75.55301,0,7534,7528,GII.P16,None,3572.0,5101.0,annotated_rdrp,GII.4,Sydney_2016,5085.0,6707.0,True,17.0
PQ196546.1,75.52023,0,7534,7528,GII.P16,None,3572.0,5101.0,annotated_rdrp,GII.4,Sydney_2016,5085.0,6707.0,True,17.0
PQ196547.1,75.50418,4,7534,7524,GII.P16,None,3568.0,5097.0,annotated_rdrp,GII.4,Sydney_2016,5081.0,6703.0,True,17.0
PQ196549.1,75.56939,0,7534,7528,GII.P16,None,3572.0,5101.0,annotated_rdrp,GII.4,Sydney_2016,5085.0,6707.0,True,17.0
PQ196551.1,75.50385,0,7534,7528,GII.P16,None,3572.0,5101.0,annotated_rdrp,GII.4,Sydney_2016,5085.0,6707.0,True,17.0
PQ196556.1,75.58617,4,7534,7524,GII.P16,None,3568.0,5097.0,annotated_rdrp,GII.4,Sydney_2016,5081.0,6703.0,True,17.0
PQ196557.1,75.52058,4,7534,7524,GII.P16,None,3568.0,5097.0,annotated_rdrp,GII.4,Sydney_2016,5081.0,6703.0,True,17.0
PQ196561.1,75.602165,0,7534,7528,GII.P16,None,3572.0,5101.0,annotated_rdrp,GII.4,Sydney_2016,5085.0,6707.0,True,17.0
PQ196562.1,75.58578,0,7534,7528,GII.P16,None,3572.0,5101.0,annotated_rdrp,GII.4,Sydney_2016,5085.0,6707.0,True,17.0
PQ196564.1,75.58578,0,7534,7528,GII.P16,None,3572.0,5101.0,annotated_rdrp,GII.4,Sydney_2016,5085.0,6707.0,True,17.0
PQ196565.1,75.602554,4,7534,7524,GII.P16,None,3568.0,5097.0,annotated_rdrp,GII.4,Sydney_2016,5081.0,6703.0,True,17.0
PQ196566.1,75.602554,4,7534,7524,GII.P16,None,3568.0,5097.0,annotated_rdrp,GII.4,Sydney_2016,5081.0,6703.0,True,17.0
PQ196568.1,75.58578,0,7534,7528,GII.P16,None,3572.0,5101.0,annotated_rdrp,GII.4,Sydney_2016,5085.0,6707.0,True,17.0
PV297973.1,85.17972,4,7519,7509,GII.P31,None,3568.0,5097.0,annotated_rdrp,GII.4,Sydney_2012,5081.0,6703.0,True,17.0
PV275041.1,83.8175,4,7570,7563,GII.P31,None,3568.0,5097.0,annotated_rdrp,GII.4,Could not assign,5081.0,6706.0,True,17.0
PV275048.1,83.76826,4,7570,7563,GII.P31,None,3568.0,5097.0,annotated_rdrp,GII.4,Could not assign,5081.0,6706.0,True,17.0
PV275055.1,83.96521,4,7570,7563,GII.P31,None,3568.0,5097.0,annotated_rdrp,GII.4,Could not assign,5081.0,6706.0,True,17.0
PV275057.1,83.96521,4,7570,7563,GII.P31,None,3568.0,5097.0,annotated_rdrp,GII.4,Could not assign,5081.0,6706.0,True,17.0
PV275059.1,83.94879,4,7570,7563,GII.P31,None,3568.0,5097.0,annotated_rdrp,GII.4,Could not assign,5081.0,6706.0,True,17.0
PV275064.1,83.296776,-14,7573,7581,GII.P4,New_Orleans_2009,3586.0,5115.0,annotated_rdrp,GII.4,Could not assign,5099.0,6721.0,True,17.0
PV275065.1,83.364265,-14,7573,7581,GII.P4,New_Orleans_2009,3586.0,5115.0,annotated_rdrp,GII.4,Could not assign,5099.0,6721.0,True,17.0
PV275066.1,82.49918,-14,7570,7581,GII.P4,New_Orleans_2009,3586.0,5115.0,annotated_rdrp,GII.4,Could not assign,5099.0,6721.0,True,17.0
PV275069.1,83.80109,4,7573,7566,GII.P31,None,3568.0,5097.0,annotated_rdrp,GII.4,Could not assign,5081.0,6706.0,True,17.0
PV174239.1,89.02033,10,7533,7523,GII.P7,None,3562.0,5091.0,annotated_rdrp,GII.6,None,5075.0,6727.0,True,17.0
PV174243.1,89.291885,4,7533,7529,GII.P7,None,3568.0,5097.0,annotated_rdrp,GII.6,None,5081.0,6733.0,True,17.0
PV174244.1,89.291885,4,7533,7529,GII.P7,None,3568.0,5097.0,annotated_rdrp,GII.6,None,5081.0,6733.0,True,17.0
PV174245.1,89.11339,10,7533,7523,GII.P7,None,3562.0,5091.0,annotated_rdrp,GII.6,None,5075.0,6727.0,True,17.0
OR713748.1,81.351944,4,7465,7461,GII.P21,None,3568.0,5097.0,annotated_rdrp,GII.13,None,5081.0,6709.0,True,17.0
OR700741.1,83.5549,4,7522,7512,GII.P4,New_Orleans_2009,3568.0,5097.0,annotated_rdrp,GII.4,Could not assign,5081.0,6703.0,True,17.0
OR700742.1,75.602554,4,7519,7509,GII.P16,None,3568.0,5097.0,annotated_rdrp,GII.4,Sydney_2016,5081.0,6703.0,True,17.0
OR700746.1,75.52058,4,7519,7509,GII.P16,None,3568.0,5097.0,annotated_rdrp,GII.4,Sydney_2016,5081.0,6703.0,True,17.0
OR685283.1,75.478806,4,7486,7494,GII.P17,None,3577.0,5106.0,annotated_rdrp,GII.17,None,5090.0,6715.0,True,17.0
OR069404.1,81.14603,4,7547,7543,GII.P21,None,3568.0,5097.0,annotated_rdrp,GII.3,None,5081.0,6727.0,True,17.0
OR051787.1,84.63811,4,7561,7551,GII.P4,New_Orleans_2009,3568.0,5097.0,annotated_rdrp,GII.4,New_Orleans_2009,5081.0,6700.0,True,17.0
OR051903.1,87.74074,10,7535,7522,GII.P7,None,3562.0,5091.0,annotated_rdrp,GII.6,None,5075.0,6718.0,True,17.0
OR051927.1,83.93297,4,7519,7509,GII.P4,Den_Haag_2006b,3568.0,5097.0,annotated_rdrp,GII.4,Den_Haag_2006b,5081.0,6703.0,True,17.0
OR065073.1,74.08896,-32,7521,7553,Could,None,3604.0,5133.0,annotated_rdrp,GII.2,None,5117.0,6745.0,True,17.0
OR065090.1,85.081245,4,7569,7559,GII.P31,None,3568.0,5097.0,annotated_rdrp,GII.4,Could not assign,5081.0,6703.0,True,17.0
OR069405.1,87.192116,10,7559,7546,GII.P7,None,3562.0,5091.0,annotated_rdrp,GII.6,None,5075.0,6718.0,True,17.0
OR069406.1,86.87744,10,7535,7525,GII.P7,None,3562.0,5091.0,annotated_rdrp,GII.14,None,5075.0,6685.0,True,17.0
OR477993.3,,,,,,,3572.0,5101.0,annotated_rdrp,,,5085.0,6707.0,True,17.0
MZ478140.1,75.68409,-4,7523,7521,GII.P16,None,3576.0,5105.0,annotated_rdrp,GII.4,Sydney_2016,5089.0,6711.0,True,17.0
OL826940.1,76.72287,0,7500,7500,GII.P16,None,3572.0,5101.0,annotated_rdrp,GII.2,None,5085.0,6713.0,True,17.0
OL826941.1,76.64102,0,7500,7500,GII.P16,None,3572.0,5101.0,annotated_rdrp,GII.2,None,5085.0,6713.0,True,17.0
OL826942.1,76.57554,0,7500,7500,GII.P16,None,3572.0,5101.0,annotated_rdrp,GII.2,None,5085.0,6713.0,True,17.0
OL826943.1,76.72287,0,7500,7500,GII.P16,None,3572.0,5101.0,annotated_rdrp,GII.2,None,5085.0,6713.0,True,17.0
OL721917.1,85.16565,0,7519,7513,GII.P31,None,3572.0,5101.0,annotated_rdrp,GII.4,Sydney_2012,5085.0,6707.0,True,17.0
LC597111.1,76.1975,7,7508,7498,GII.P16,None,3500.0,5094.0,polyprotein_fallback,GII.13,None,5075.0,6703.0,True,20.0
LC597112.1,75.51854,0,7536,7542,GII.P17,None,3500.0,5113.0,polyprotein_fallback,GII.17,None,5094.0,6716.0,True,20.0
LC597113.1,76.25533,10,7469,7456,GII.P16,None,3500.0,5091.0,polyprotein_fallback,GII.13,None,5072.0,6700.0,True,20.0
LC597120.1,81.45783,6,7600,7588,GII.P33,None,3500.0,5104.0,polyprotein_fallback,GII.1,None,5085.0,6692.0,True,20.0
LC597121.1,87.58483,6,7598,7589,GII.P7,None,3500.0,5098.0,polyprotein_fallback,GII.6,None,5079.0,6722.0,True,20.0
LC597124.1,87.58658,14,7525,7508,GII.P7,None,3500.0,5090.0,polyprotein_fallback,GII.6,None,5071.0,6714.0,True,20.0
LC597126.1,76.2022,10,7523,7510,GII.P16,None,3500.0,5091.0,polyprotein_fallback,GII.13,None,5072.0,6700.0,True,20.0
LC597127.1,85.177864,5,7580,7566,GII.P31,None,3500.0,5096.0,polyprotein_fallback,GII.4,Sydney_2012,5077.0,6699.0,True,20.0
LC597132.1,89.778076,0,7586,7586,GII.P12,None,3500.0,5104.0,polyprotein_fallback,GII.3,None,5085.0,6731.0,True,20.0
MT735394.1,85.15136,4,7556,7552,GII.P31,None,3568.0,5097.0,annotated_rdrp,GII.4,Hong_Kong_2019,5081.0,6703.0,True,17.0
MN588299.1,85.499405,0,7545,7545,GII.P31,None,3572.0,5101.0,annotated_rdrp,GII.4,Sydney_2012,5085.0,6707.0,True,17.0
MN588300.1,85.06676,0,7551,7545,GII.P31,None,3572.0,5101.0,annotated_rdrp,GII.4,Could not assign,5085.0,6707.0,True,17.0
MN588301.1,85.03379,0,7551,7545,GII.P31,None,3572.0,5101.0,annotated_rdrp,GII.4,Could not assign,5085.0,6707.0,True,17.0
MN588302.1,84.730194,0,7551,7545,GII.P31,None,3572.0,5101.0,annotated_rdrp,GII.4,Could not assign,5085.0,6707.0,True,17.0
MN588303.1,85.0173,0,7551,7545,GII.P31,None,3572.0,5101.0,annotated_rdrp,GII.4,Could not assign,5085.0,6707.0,True,17.0
MN588304.1,85.03379,0,7551,7545,GII.P31,None,3572.0,5101.0,annotated_rdrp,GII.4,Could not assign,5085.0,6707.0,True,17.0
MN588305.1,85.06676,0,7551,7545,GII.P31,None,3572.0,5101.0,annotated_rdrp,GII.4,Could not assign,5085.0,6707.0,True,17.0
MN588306.1,85.53321,0,7545,7545,GII.P31,None,3572.0,5101.0,annotated_rdrp,GII.4,Could not assign,5085.0,6707.0,True,17.0
MN588307.1,85.000824,0,7551,7545,GII.P31,None,3572.0,5101.0,annotated_rdrp,GII.4,Could not assign,5085.0,6707.0,True,17.0
MW284776.1,87.753716,6,7512,7509,GII.P7,None,3566.0,5095.0,annotated_rdrp,GII.7,None,5079.0,6701.0,True,17.0
MW284778.1,87.753716,6,7494,7491,GII.P7,None,3566.0,5095.0,annotated_rdrp,GII.7,None,5079.0,6701.0,True,17.0
MW284784.1,87.753716,6,7494,7491,GII.P7,None,3566.0,5095.0,annotated_rdrp,GII.7,None,5079.0,6701.0,True,17.0
MW009068.1,68.62063,-35,7503,7553,GII.P40,None,3607.0,5136.0,annotated_rdrp,GII.5,None,5120.0,6742.0,True,17.0
MW009072.1,68.62063,-35,7503,7553,GII.P40,None,3607.0,5136.0,annotated_rdrp,GII.5,None,5120.0,6742.0,True,17.0
KY865306.1,76.73924,0,7499,7499,GII.P16,None,3500.0,5104.0,polyprotein_fallback,GII.2,None,5085.0,6713.0,True,20.0
KY865307.1,76.57349,2,7499,7497,GII.P16,None,3500.0,5102.0,polyprotein_fallback,GII.2,None,5083.0,6711.0,True,20.0
KY947546.1,84.30118,1,7553,7546,GII.P4,New_Orleans_2009,3500.0,5103.0,polyprotein_fallback,GII.4,Could not assign,5084.0,6706.0,True,20.0
KY947547.1,84.56365,1,7561,7554,GII.P4,Could not assign,3500.0,5103.0,polyprotein_fallback,GII.4,Could not assign,5084.0,6706.0,True,20.0
KY947548.1,76.2373,1,7461,7457,GII.P16,None,3500.0,5100.0,polyprotein_fallback,GII.13,None,5081.0,6709.0,True,20.0
KY947549.1,75.88933,1,7537,7530,GII.P16,None,3500.0,5103.0,polyprotein_fallback,GII.4,Sydney_2016,5084.0,6706.0,True,20.0
KY947550.1,75.81517,0,7561,7555,GII.P16,None,3500.0,5104.0,polyprotein_fallback,GII.4,Sydney_2016,5085.0,6707.0,True,20.0
AY502020.1,85.22224,0,7565,7559,GII.P4,Farmington_Hills_2002,3500.0,5104.0,polyprotein_fallback,GII.4,Farmington_Hills_2002,,,False,0.0
AY502023.1,85.32065,0,7565,7559,GII.P4,Farmington_Hills_2002,3500.0,5104.0,polyprotein_fallback,GII.4,Farmington_Hills_2002,,,False,0.0
PX631122.1,85.18942,6,7527,7521,GII.P7,None,3566.0,5095.0,annotated_rdrp,GII.7,None,5079.0,6731.0,True,17.0
OR793082.1,76.70762,4,7492,7488,GII.P16,None,3568.0,5097.0,annotated_rdrp,GII.2,None,5081.0,6709.0,True,17.0
OR793083.1,75.829384,4,7489,7491,GII.P17,None,3577.0,5106.0,annotated_rdrp,GII.17,None,5090.0,6712.0,True,17.0
OR793084.1,75.97445,4,7489,7491,GII.P17,None,3577.0,5106.0,annotated_rdrp,GII.17,None,5090.0,6712.0,True,17.0
OR793086.1,76.461914,4,7492,7488,GII.P16,None,3568.0,5097.0,annotated_rdrp,GII.2,None,5081.0,6709.0,True,17.0
OR793087.1,76.6421,4,7492,7488,GII.P16,None,3568.0,5097.0,annotated_rdrp,GII.2,None,5081.0,6709.0,True,17.0
OR793088.1,76.65848,4,7492,7488,GII.P16,None,3568.0,5097.0,annotated_rdrp,GII.2,None,5081.0,6709.0,True,17.0
OR793089.1,76.50041,4,7492,7488,GII.P16,None,3568.0,5097.0,annotated_rdrp,GII.2,None,5081.0,6709.0,True,17.0
OR793090.1,76.57658,4,7492,7488,GII.P16,None,3568.0,5097.0,annotated_rdrp,GII.2,None,5081.0,6709.0,True,17.0
OR793091.1,76.39639,4,7492,7488,GII.P16,None,3568.0,5097.0,annotated_rdrp,GII.2,None,5081.0,6709.0,True,17.0
OR793092.1,76.50041,4,7492,7488,GII.P16,None,3568.0,5097.0,annotated_rdrp,GII.2,None,5081.0,6709.0,True,17.0
OR793093.1,76.511055,4,7492,7488,GII.P16,None,3568.0,5097.0,annotated_rdrp,GII.2,None,5081.0,6709.0,True,17.0
OR793094.1,76.60934,4,7492,7488,GII.P16,None,3568.0,5097.0,annotated_rdrp,GII.2,None,5081.0,6709.0,True,17.0
OR793097.1,86.89444,10,7486,7479,GII.P7,None,3562.0,5091.0,annotated_rdrp,GII.14,None,5075.0,6685.0,True,17.0
OR793098.1,75.7967,4,7489,7491,GII.P17,None,3577.0,5106.0,annotated_rdrp,GII.17,None,5090.0,6712.0,True,17.0
OR793099.1,76.511055,4,7492,7488,GII.P16,None,3568.0,5097.0,annotated_rdrp,GII.2,None,5081.0,6709.0,True,17.0
OR793100.1,76.511055,4,7492,7488,GII.P16,None,3568.0,5097.0,annotated_rdrp,GII.2,None,5081.0,6709.0,True,17.0
OR793101.1,89.53117,4,7495,7491,GII.P12,None,3568.0,5097.0,annotated_rdrp,GII.3,None,5081.0,6727.0,True,17.0
PV750886.1,75.89257,4,7549,7551,GII.P17,None,3577.0,5106.0,annotated_rdrp,GII.17,None,5090.0,6706.0,True,17.0
PV750898.1,75.86376,3,7549,7552,GII.P17,None,3578.0,5107.0,annotated_rdrp,GII.17,None,5091.0,6707.0,True,17.0
PV784278.1,75.72879,4,7549,7551,GII.P17,None,3577.0,5106.0,annotated_rdrp,GII.17,None,5090.0,6706.0,True,17.0
PV784280.1,75.714516,0,7507,7513,GII.P17,None,3581.0,5110.0,annotated_rdrp,GII.17,None,5094.0,6710.0,True,17.0
PQ475911.1,75.64333,4,7570,7560,GII.P16,None,3568.0,5097.0,annotated_rdrp,GII.4,Sydney_2016,5081.0,6703.0,True,17.0
PQ482378.1,75.76154,4,7549,7551,GII.P17,None,3577.0,5106.0,annotated_rdrp,GII.17,None,5090.0,6706.0,True,17.0
PQ482379.1,75.82706,4,7549,7551,GII.P17,None,3577.0,5106.0,annotated_rdrp,GII.17,None,5090.0,6706.0,True,17.0
PQ482380.1,75.92532,4,7549,7551,GII.P17,None,3577.0,5106.0,annotated_rdrp,GII.17,None,5090.0,6706.0,True,17.0
PQ273191.1,75.618546,2,7618,7610,GII.P16,None,3570.0,5099.0,annotated_rdrp,GII.4,Sydney_2016,5083.0,6705.0,True,17.0
PQ273192.1,76.4937,0,7504,7504,GII.P16,None,3572.0,5101.0,annotated_rdrp,GII.2,None,5085.0,6713.0,True,17.0
PQ195879.1,75.56939,0,7534,7528,GII.P16,None,3572.0,5101.0,annotated_rdrp,GII.4,Sydney_2016,5085.0,6707.0,True,17.0
PQ195881.1,75.7456,4,7534,7524,GII.P16,None,3568.0,5097.0,annotated_rdrp,GII.4,Sydney_2016,5081.0,6703.0,True,17.0
PQ195882.1,76.23047,0,7528,7528,GII.P16,None,3572.0,5101.0,annotated_rdrp,GII.4,Sydney_2016,5085.0,6707.0,True,17.0
PQ195883.1,84.56206,0,7525,7525,GII.P4,New_Orleans_2009,3572.0,5101.0,annotated_rdrp,GII.4,Could not assign,5085.0,6707.0,True,17.0
PQ195885.1,84.73773,4,7525,7521,GII.P4,New_Orleans_2009,3568.0,5097.0,annotated_rdrp,GII.4,Could not assign,5081.0,6703.0,True,17.0
PQ195886.1,84.748055,0,7525,7525,GII.P4,New_Orleans_2009,3572.0,5101.0,annotated_rdrp,GII.4,Could not assign,5085.0,6707.0,True,17.0
PQ195887.1,75.71686,0,7534,7528,GII.P16,None,3572.0,5101.0,annotated_rdrp,GII.4,Sydney_2016,5085.0,6707.0,True,17.0
PQ195888.1,75.71686,0,7534,7528,GII.P16,None,3572.0,5101.0,annotated_rdrp,GII.4,Sydney_2016,5085.0,6707.0,True,17.0
PQ195889.1,75.700935,4,7534,7524,GII.P16,None,3568.0,5097.0,annotated_rdrp,GII.4,Sydney_2016,5081.0,6703.0,True,17.0
PQ195890.1,75.71686,0,7534,7528,GII.P16,None,3572.0,5101.0,annotated_rdrp,GII.4,Sydney_2016,5085.0,6707.0,True,17.0
PQ195892.1,75.90977,0,7534,7528,GII.P16,None,3572.0,5101.0,annotated_rdrp,GII.4,Sydney_2016,5085.0,6707.0,True,17.0
PQ195894.1,75.82798,4,7533,7523,GII.P16,None,3568.0,5097.0,annotated_rdrp,GII.4,Sydney_2016,5081.0,6703.0,True,17.0
PQ195895.1,75.70047,0,7534,7528,GII.P16,None,3572.0,5101.0,annotated_rdrp,GII.4,Sydney_2016,5085.0,6707.0,True,17.0
PQ195896.1,75.55337,4,7534,7524,GII.P16,None,3568.0,5097.0,annotated_rdrp,GII.4,Sydney_2016,5081.0,6703.0,True,17.0
PQ195897.1,75.55337,4,7534,7524,GII.P16,None,3568.0,5097.0,annotated_rdrp,GII.4,Sydney_2016,5081.0,6703.0,True,17.0
PQ195899.1,75.602165,0,7534,7528,GII.P16,None,3572.0,5101.0,annotated_rdrp,GII.4,Sydney_2016,5085.0,6707.0,True,17.0
PQ195900.1,75.602165,0,7534,7528,GII.P16,None,3572.0,5101.0,annotated_rdrp,GII.4,Sydney_2016,5085.0,6707.0,True,17.0
PQ195901.1,75.61895,4,7534,7524,GII.P16,None,3568.0,5097.0,annotated_rdrp,GII.4,Sydney_2016,5081.0,6703.0,True,17.0
PQ195902.1,75.65175,4,7534,7524,GII.P16,None,3568.0,5097.0,annotated_rdrp,GII.4,Sydney_2016,5081.0,6703.0,True,17.0
PQ195903.1,75.6677,0,7534,7528,GII.P16,None,3572.0,5101.0,annotated_rdrp,GII.4,Sydney_2016,5085.0,6707.0,True,17.0
PQ195906.1,75.602165,0,7534,7528,GII.P16,None,3572.0,5101.0,annotated_rdrp,GII.4,Sydney_2016,5085.0,6707.0,True,17.0
PQ195907.1,75.58617,4,7534,7524,GII.P16,None,3568.0,5097.0,annotated_rdrp,GII.4,Sydney_2016,5081.0,6703.0,True,17.0
PQ195908.1,76.39939,4,7528,7524,GII.P16,None,3568.0,5097.0,annotated_rdrp,GII.4,Sydney_2016,5081.0,6703.0,True,17.0
PQ195909.1,76.41621,4,7528,7524,GII.P16,None,3568.0,5097.0,annotated_rdrp,GII.4,Sydney_2016,5081.0,6703.0,True,17.0
PQ195910.1,75.618546,0,7528,7522,GII.P16,None,3572.0,5101.0,annotated_rdrp,GII.4,Sydney_2016,5085.0,6707.0,True,17.0
PQ195911.1,75.602554,4,7528,7518,GII.P16,None,3568.0,5097.0,annotated_rdrp,GII.4,Sydney_2016,5081.0,6703.0,True,17.0
PQ195912.1,75.602554,4,7528,7518,GII.P16,None,3568.0,5097.0,annotated_rdrp,GII.4,Sydney_2016,5081.0,6703.0,True,17.0
PQ195913.1,84.45137,0,7534,7528,GII.P31,None,3572.0,5101.0,annotated_rdrp,GII.4,Could not assign,5085.0,6707.0,True,17.0
PQ195914.1,83.962425,0,7531,7525,GII.P4,New_Orleans_2009,3572.0,5101.0,annotated_rdrp,GII.4,Could not assign,5085.0,6707.0,True,17.0
PQ195915.1,83.951836,4,7531,7521,GII.P4,New_Orleans_2009,3568.0,5097.0,annotated_rdrp,GII.4,Could not assign,5081.0,6703.0,True,17.0
PQ195916.1,83.951836,4,7531,7521,GII.P4,New_Orleans_2009,3568.0,5097.0,annotated_rdrp,GII.4,Could not assign,5081.0,6703.0,True,17.0
PQ195917.1,88.11751,4,7534,7524,GII.P12,None,3568.0,5097.0,annotated_rdrp,GII.4,Sydney_2016,5081.0,6703.0,True,17.0
PQ195919.1,75.7945,0,7534,7528,GII.P16,None,3572.0,5101.0,annotated_rdrp,GII.4,Sydney_2016,5085.0,6707.0,True,17.0
PQ195920.1,75.79502,4,7534,7524,GII.P16,None,3568.0,5097.0,annotated_rdrp,GII.4,Sydney_2016,5081.0,6703.0,True,17.0
PQ195921.1,75.803,0,7534,7528,GII.P16,None,3572.0,5101.0,annotated_rdrp,GII.4,Sydney_2016,5085.0,6707.0,True,17.0
PQ195922.1,75.65132,0,7528,7522,GII.P16,None,3572.0,5101.0,annotated_rdrp,GII.4,Sydney_2016,5085.0,6707.0,True,17.0
PQ195923.1,83.65337,4,7534,7524,GII.P4,New_Orleans_2009,3568.0,5097.0,annotated_rdrp,GII.4,Sydney_2016,5081.0,6703.0,True,17.0
PQ195924.1,83.66409,0,7534,7528,GII.P4,New_Orleans_2009,3572.0,5101.0,annotated_rdrp,GII.4,Sydney_2016,5085.0,6707.0,True,17.0
PQ195925.1,83.669785,4,7534,7524,GII.P4,New_Orleans_2009,3568.0,5097.0,annotated_rdrp,GII.4,Sydney_2016,5081.0,6703.0,True,17.0
PQ195926.1,75.91192,4,7528,7524,GII.P16,None,3568.0,5097.0,annotated_rdrp,GII.4,Sydney_2016,5081.0,6703.0,True,17.0
PQ195927.1,75.91192,4,7528,7524,GII.P16,None,3568.0,5097.0,annotated_rdrp,GII.4,Sydney_2016,5081.0,6703.0,True,17.0
PQ195928.1,75.8951,4,7528,7524,GII.P16,None,3568.0,5097.0,annotated_rdrp,GII.4,Sydney_2016,5081.0,6703.0,True,17.0
PQ195929.1,88.101105,4,7534,7524,GII.P12,None,3568.0,5097.0,annotated_rdrp,GII.4,Sydney_2016,5081.0,6703.0,True,17.0
PQ195930.1,88.11751,4,7534,7524,GII.P12,None,3568.0,5097.0,annotated_rdrp,GII.4,Sydney_2016,5081.0,6703.0,True,17.0
PQ195931.1,75.86094,4,7534,7524,GII.P16,None,3568.0,5097.0,annotated_rdrp,GII.4,Sydney_2016,5081.0,6703.0,True,17.0
PQ195932.1,75.8933,0,7534,7528,GII.P16,None,3572.0,5101.0,annotated_rdrp,GII.4,Sydney_2016,5085.0,6707.0,True,17.0
PQ195933.1,88.11751,4,7534,7524,GII.P12,None,3568.0,5097.0,annotated_rdrp,GII.4,Sydney_2016,5081.0,6703.0,True,17.0
PQ195934.1,88.11751,4,7534,7524,GII.P12,None,3568.0,5097.0,annotated_rdrp,GII.4,Sydney_2016,5081.0,6703.0,True,17.0
PQ195935.1,75.73373,4,7534,7524,GII.P16,None,3568.0,5097.0,annotated_rdrp,GII.4,Sydney_2016,5081.0,6703.0,True,17.0
PQ195936.1,75.75012,4,7534,7524,GII.P16,None,3568.0,5097.0,annotated_rdrp,GII.4,Sydney_2016,5081.0,6703.0,True,17.0
PQ195937.1,75.75012,4,7534,7524,GII.P16,None,3568.0,5097.0,annotated_rdrp,GII.4,Sydney_2016,5081.0,6703.0,True,17.0
PQ195938.1,75.73373,4,7534,7524,GII.P16,None,3568.0,5097.0,annotated_rdrp,GII.4,Sydney_2016,5081.0,6703.0,True,17.0
PQ195939.1,75.75012,4,7534,7524,GII.P16,None,3568.0,5097.0,annotated_rdrp,GII.4,Sydney_2016,5081.0,6703.0,True,17.0
PQ195940.1,84.48417,0,7534,7528,GII.P31,None,3572.0,5101.0,annotated_rdrp,GII.4,Could not assign,5085.0,6707.0,True,17.0
PQ195942.1,84.61929,4,7525,7521,GII.P4,New_Orleans_2009,3568.0,5097.0,annotated_rdrp,GII.4,Could not assign,5081.0,6703.0,True,17.0
PQ195943.1,76.09161,4,7534,7524,GII.P16,None,3568.0,5097.0,annotated_rdrp,GII.4,Sydney_2016,5081.0,6703.0,True,17.0
PQ195944.1,88.11751,4,7534,7524,GII.P12,None,3568.0,5097.0,annotated_rdrp,GII.4,Sydney_2016,5081.0,6703.0,True,17.0
PQ195945.1,84.76496,0,7525,7525,GII.P4,New_Orleans_2009,3572.0,5101.0,annotated_rdrp,GII.4,Could not assign,5085.0,6707.0,True,17.0
PQ195946.1,84.754654,4,7525,7521,GII.P4,New_Orleans_2009,3568.0,5097.0,annotated_rdrp,GII.4,Could not assign,5081.0,6703.0,True,17.0
PQ195947.1,84.754654,4,7525,7521,GII.P4,New_Orleans_2009,3568.0,5097.0,annotated_rdrp,GII.4,Could not assign,5081.0,6703.0,True,17.0
PQ195948.1,84.73773,4,7525,7521,GII.P4,New_Orleans_2009,3568.0,5097.0,annotated_rdrp,GII.4,Could not assign,5081.0,6703.0,True,17.0
PQ195949.1,84.73773,4,7525,7521,GII.P4,New_Orleans_2009,3568.0,5097.0,annotated_rdrp,GII.4,Could not assign,5081.0,6703.0,True,17.0
PQ195950.1,88.101105,4,7534,7524,GII.P12,None,3568.0,5097.0,annotated_rdrp,GII.4,Sydney_2016,5081.0,6703.0,True,17.0
PQ195951.1,88.11751,4,7534,7524,GII.P12,None,3568.0,5097.0,annotated_rdrp,GII.4,Sydney_2016,5081.0,6703.0,True,17.0
PQ195952.1,88.11751,4,7534,7524,GII.P12,None,3568.0,5097.0,annotated_rdrp,GII.4,Sydney_2016,5081.0,6703.0,True,17.0
PQ207921.1,84.52283,0,7531,7525,GII.P4,New_Orleans_2009,3572.0,5101.0,annotated_rdrp,GII.4,Could not assign,5085.0,6707.0,True,17.0
PQ207925.1,84.456894,0,7531,7525,GII.P4,New_Orleans_2009,3572.0,5101.0,annotated_rdrp,GII.4,Could not assign,5085.0,6707.0,True,17.0
PQ207926.1,84.85719,0,7525,7525,GII.P4,Could not assign,3572.0,5101.0,annotated_rdrp,GII.4,Could not assign,5085.0,6704.0,True,17.0
PQ207927.1,84.89421,0,7534,7528,GII.P31,None,3572.0,5101.0,annotated_rdrp,GII.4,Sydney_2012,5085.0,6707.0,True,17.0
PQ207928.1,84.86141,0,7534,7528,GII.P31,None,3572.0,5101.0,annotated_rdrp,GII.4,Sydney_2012,5085.0,6707.0,True,17.0
PQ207933.1,84.69739,0,7534,7528,GII.P31,None,3572.0,5101.0,annotated_rdrp,GII.4,Could not assign,5085.0,6707.0,True,17.0
PQ207934.1,75.79931,4,7534,7524,GII.P16,None,3568.0,5097.0,annotated_rdrp,GII.4,Sydney_2016,5081.0,6703.0,True,17.0
PQ207937.1,84.92701,0,7534,7528,GII.P31,None,3572.0,5101.0,annotated_rdrp,GII.4,Sydney_2012,5085.0,6707.0,True,17.0
PQ207944.1,83.53454,-11,7537,7542,GII.P4,New_Orleans_2009,3583.0,5112.0,annotated_rdrp,GII.4,Could not assign,5096.0,6718.0,True,17.0
PQ207945.1,83.53454,-15,7537,7546,GII.P4,New_Orleans_2009,3587.0,5116.0,annotated_rdrp,GII.4,Could not assign,5100.0,6722.0,True,17.0
PQ207946.1,84.52283,0,7531,7525,GII.P4,New_Orleans_2009,3572.0,5101.0,annotated_rdrp,GII.4,Could not assign,5085.0,6707.0,True,17.0
PQ207947.1,84.40217,0,7531,7525,GII.P31,None,3572.0,5101.0,annotated_rdrp,GII.4,Could not assign,5085.0,6704.0,True,17.0
PQ208315.1,84.73835,4,7525,7521,GII.P4,New_Orleans_2009,3568.0,5097.0,annotated_rdrp,GII.4,Could not assign,5081.0,6703.0,True,17.0
PQ208316.1,75.53697,4,7534,7524,GII.P16,None,3568.0,5097.0,annotated_rdrp,GII.4,Sydney_2016,5081.0,6703.0,True,17.0
PQ208317.1,84.44665,4,7531,7521,GII.P4,New_Orleans_2009,3568.0,5097.0,annotated_rdrp,GII.4,Could not assign,5081.0,6703.0,True,17.0
PQ208319.1,75.50418,4,7534,7524,GII.P16,None,3568.0,5097.0,annotated_rdrp,GII.4,Sydney_2016,5081.0,6703.0,True,17.0
PQ208320.1,75.58617,4,7534,7524,GII.P16,None,3568.0,5097.0,annotated_rdrp,GII.4,Sydney_2016,5081.0,6703.0,True,17.0
PQ208321.1,75.52058,4,7528,7518,GII.P16,None,3568.0,5097.0,annotated_rdrp,GII.4,Sydney_2016,5081.0,6703.0,True,17.0
PQ208322.1,75.58617,4,7534,7524,GII.P16,None,3568.0,5097.0,annotated_rdrp,GII.4,Sydney_2016,5081.0,6703.0,True,17.0
PQ208323.1,75.58617,4,7534,7524,GII.P16,None,3568.0,5097.0,annotated_rdrp,GII.4,Sydney_2016,5081.0,6703.0,True,17.0
PQ208326.1,84.2982,4,7531,7521,GII.P4,New_Orleans_2009,3568.0,5097.0,annotated_rdrp,GII.4,Could not assign,5081.0,6703.0,True,17.0
PQ208327.1,75.58617,4,7534,7524,GII.P16,None,3568.0,5097.0,annotated_rdrp,GII.4,Sydney_2016,5081.0,6703.0,True,17.0
PQ208328.1,75.56976,4,7534,7524,GII.P16,None,3568.0,5097.0,annotated_rdrp,GII.4,Sydney_2016,5081.0,6703.0,True,17.0
PQ208329.1,75.56976,4,7534,7524,GII.P16,None,3568.0,5097.0,annotated_rdrp,GII.4,Sydney_2016,5081.0,6703.0,True,17.0
PQ214832.1,75.742165,0,7534,7522,GII.P16,None,3566.0,5095.0,annotated_rdrp,GII.4,Sydney_2016,5079.0,6701.0,True,17.0
PQ214835.1,75.766014,0,7534,7528,GII.P16,None,3572.0,5101.0,annotated_rdrp,GII.4,Sydney_2016,5085.0,6707.0,True,17.0
PQ214837.1,84.41964,0,7534,7528,GII.P4,New_Orleans_2009,3572.0,5101.0,annotated_rdrp,GII.4,New_Orleans_2009,5085.0,6707.0,True,17.0
PQ215524.1,75.56976,4,7567,7557,GII.P16,None,3568.0,5097.0,annotated_rdrp,GII.4,Sydney_2016,5081.0,6703.0,True,17.0
PQ215526.1,75.602554,4,7519,7509,GII.P16,None,3568.0,5097.0,annotated_rdrp,GII.4,Sydney_2016,5081.0,6703.0,True,17.0
PQ219041.1,84.17254,0,7534,7528,GII.P4,New_Orleans_2009,3572.0,5101.0,annotated_rdrp,GII.4,Could not assign,5085.0,6707.0,True,17.0
PQ641315.1,69.96082,-32,7483,7530,GII.P40,None,3604.0,5133.0,annotated_rdrp,GII.5,None,5117.0,6739.0,True,17.0
PQ507173.1,86.745964,6,7481,7478,GII.P7,None,3566.0,5095.0,annotated_rdrp,GII.7,None,5079.0,6701.0,True,17.0
PQ507174.1,75.614555,0,7524,7518,GII.P16,None,3572.0,5101.0,annotated_rdrp,GII.4,Sydney_2016,5085.0,6707.0,True,17.0
PQ507178.1,85.53893,0,7514,7514,GII.P31,None,3572.0,5101.0,annotated_rdrp,GII.4,Could not assign,5085.0,6707.0,True,17.0
PQ507179.1,85.55574,0,7517,7517,GII.P31,None,3572.0,5101.0,annotated_rdrp,GII.4,Could not assign,5085.0,6707.0,True,17.0
PQ442935.1,89.440056,0,7503,7503,GII.P12,None,3572.0,5101.0,annotated_rdrp,GII.3,None,5085.0,6731.0,True,17.0
PQ442936.1,89.571785,0,7503,7503,GII.P12,None,3572.0,5101.0,annotated_rdrp,GII.3,None,5085.0,6731.0,True,17.0
PQ442937.1,89.269516,0,7503,7503,GII.P12,None,3572.0,5101.0,annotated_rdrp,GII.3,None,5085.0,6731.0,True,17.0
PQ373119.1,75.49821,1,7545,7550,GII.P17,None,3580.0,5109.0,annotated_rdrp,GII.17,None,5093.0,6709.0,True,17.0
PQ373125.1,75.59778,4,7511,7513,GII.P17,None,3577.0,5106.0,annotated_rdrp,GII.17,None,5090.0,6709.0,True,17.0
PQ373128.1,75.56502,4,7505,7507,GII.P17,None,3577.0,5106.0,annotated_rdrp,GII.17,None,5090.0,6712.0,True,17.0
PQ373130.1,75.61693,4,7550,7552,GII.P17,None,3577.0,5106.0,annotated_rdrp,GII.17,None,5090.0,6712.0,True,17.0
PQ373134.1,75.646904,4,7540,7542,GII.P17,None,3577.0,5106.0,annotated_rdrp,GII.17,None,5090.0,6706.0,True,17.0
PQ373135.1,76.02358,4,7547,7549,GII.P17,None,3577.0,5106.0,annotated_rdrp,GII.17,None,5090.0,6706.0,True,17.0
PQ373136.1,75.85981,4,7504,7506,GII.P17,None,3577.0,5106.0,annotated_rdrp,GII.17,None,5090.0,6706.0,True,17.0
PQ373137.1,75.85981,4,7504,7506,GII.P17,None,3577.0,5106.0,annotated_rdrp,GII.17,None,5090.0,6706.0,True,17.0
PQ373141.1,75.941696,4,7546,7548,GII.P17,None,3577.0,5106.0,annotated_rdrp,GII.17,None,5090.0,6706.0,True,17.0
PQ373143.1,75.85981,4,7509,7511,GII.P17,None,3577.0,5106.0,annotated_rdrp,GII.17,None,5090.0,6706.0,True,17.0
PQ373144.1,76.0072,4,7545,7547,GII.P17,None,3577.0,5106.0,annotated_rdrp,GII.17,None,5090.0,6706.0,True,17.0
PQ373145.1,75.89257,4,7545,7547,GII.P17,None,3577.0,5106.0,annotated_rdrp,GII.17,None,5090.0,6706.0,True,17.0
PQ373146.1,75.87619,4,7524,7526,GII.P17,None,3577.0,5106.0,annotated_rdrp,GII.17,None,5090.0,6706.0,True,17.0
OP205527.1,84.57859,4,7516,7506,GII.P4,New_Orleans_2009,3568.0,5097.0,annotated_rdrp,GII.4,Could not assign,5081.0,6703.0,True,17.0
OP205541.1,76.45135,4,7492,7488,GII.P16,None,3568.0,5097.0,annotated_rdrp,GII.2,None,5081.0,6709.0,True,17.0
OP205566.1,75.91036,4,7519,7509,GII.P16,None,3568.0,5097.0,annotated_rdrp,GII.4,Sydney_2016,5081.0,6703.0,True,17.0
OP205577.1,80.81708,0,7495,7495,GII.P21,None,3572.0,5101.0,annotated_rdrp,GII.3,None,5085.0,6731.0,True,17.0
OP205578.1,80.821,4,7495,7491,GII.P21,None,3568.0,5097.0,annotated_rdrp,GII.3,None,5081.0,6727.0,True,17.0
OP205579.1,85.0569,4,7519,7509,GII.P31,None,3568.0,5097.0,annotated_rdrp,GII.4,Sydney_2012,5081.0,6703.0,True,17.0
OP205580.1,75.77803,0,7519,7513,GII.P16,None,3572.0,5101.0,annotated_rdrp,GII.4,Sydney_2016,5085.0,6707.0,True,17.0
OP205582.1,75.87683,0,7519,7513,GII.P16,None,3572.0,5101.0,annotated_rdrp,GII.4,Sydney_2016,5085.0,6707.0,True,17.0
OR084256.1,76.63017,0,7502,7502,GII.P16,None,3572.0,5101.0,annotated_rdrp,GII.2,None,5085.0,6713.0,True,17.0
OR084257.1,85.48848,0,7516,7516,GII.P31,None,3572.0,5101.0,annotated_rdrp,GII.4,Sydney_2012,5085.0,6707.0,True,17.0
OR084258.1,84.89421,0,7522,7516,GII.P31,None,3572.0,5101.0,annotated_rdrp,GII.4,Could not assign,5085.0,6707.0,True,17.0
OR084259.1,85.099724,0,7522,7516,GII.P31,None,3572.0,5101.0,annotated_rdrp,GII.4,Could not assign,5085.0,6707.0,True,17.0
OR084260.1,85.24076,3,7522,7513,GII.P31,None,3569.0,5098.0,annotated_rdrp,GII.4,Could not assign,5082.0,6704.0,True,17.0
OR084261.1,85.13268,0,7522,7516,GII.P31,None,3572.0,5101.0,annotated_rdrp,GII.4,Could not assign,5085.0,6707.0,True,17.0
OR084262.1,85.05027,0,7523,7517,GII.P31,None,3572.0,5101.0,annotated_rdrp,GII.4,Sydney_2012,5085.0,6707.0,True,17.0
OR084263.1,85.08324,0,7522,7516,GII.P31,None,3572.0,5101.0,annotated_rdrp,GII.4,Sydney_2012,5085.0,6707.0,True,17.0
OR084264.1,85.06676,0,7523,7517,GII.P31,None,3572.0,5101.0,annotated_rdrp,GII.4,Sydney_2012,5085.0,6707.0,True,17.0
OP805360.1,75.89417,0,7491,7497,GII.P17,None,3581.0,5110.0,annotated_rdrp,GII.17,None,5094.0,6716.0,True,17.0
OP805361.1,75.89417,0,7491,7497,GII.P17,None,3581.0,5110.0,annotated_rdrp,GII.17,None,5094.0,6716.0,True,17.0
OK376252.1,76.6623,1,7518,7517,GII.P16,None,3571.0,5100.0,annotated_rdrp,GII.2,None,5084.0,6694.0,True,17.0
MT362912.1,84.562096,4,7563,7553,GII.P4,New_Orleans_2009,3568.0,5097.0,annotated_rdrp,GII.4,Could not assign,5081.0,6703.0,True,17.0
MT409884.1,89.67081,1,7533,7532,GII.P12,None,3571.0,5100.0,annotated_rdrp,GII.3,None,5084.0,6730.0,True,17.0
MK928496.1,85.56701,0,7513,7513,GII.P31,None,3572.0,5101.0,annotated_rdrp,GII.4,Sydney_2012,5085.0,6707.0,True,17.0
MK928497.1,85.56701,0,7513,7513,GII.P31,None,3572.0,5101.0,annotated_rdrp,GII.4,Sydney_2012,5085.0,6707.0,True,17.0
MK928498.1,85.56701,0,7513,7513,GII.P31,None,3572.0,5101.0,annotated_rdrp,GII.4,Sydney_2012,5085.0,6707.0,True,17.0
MK928499.1,85.56701,0,7513,7513,GII.P31,None,3572.0,5101.0,annotated_rdrp,GII.4,Sydney_2012,5085.0,6707.0,True,17.0
MG601446.1,89.68934,0,7571,7571,GII.P12,None,3500.0,5104.0,polyprotein_fallback,GII.3,None,,,False,0.0
MG601447.1,89.85726,0,7556,7556,GII.P12,None,3500.0,5104.0,polyprotein_fallback,GII.3,None,,,False,0.0
MH260483.1,75.712166,0,7542,7536,GII.P16,None,3572.0,5101.0,annotated_rdrp,GII.4,Sydney_2016,5085.0,6707.0,True,17.0
MH260484.1,75.97563,0,7542,7536,GII.P16,None,3572.0,5101.0,annotated_rdrp,GII.4,Sydney_2016,5085.0,6707.0,True,17.0
MH260485.1,75.7451,0,7530,7524,GII.P16,None,3572.0,5101.0,annotated_rdrp,GII.4,Sydney_2016,5085.0,6707.0,True,17.0
MH260488.1,75.761566,0,7542,7536,GII.P16,None,3572.0,5101.0,annotated_rdrp,GII.4,Sydney_2016,5085.0,6707.0,True,17.0
MH260490.1,75.7451,0,7565,7559,GII.P16,None,3572.0,5101.0,annotated_rdrp,GII.4,Sydney_2016,5085.0,6707.0,True,17.0
MH260492.1,75.712166,0,7542,7536,GII.P16,None,3572.0,5101.0,annotated_rdrp,GII.4,Sydney_2016,5085.0,6707.0,True,17.0
MH260502.1,75.7945,0,7542,7536,GII.P16,None,3572.0,5101.0,annotated_rdrp,GII.4,Sydney_2016,5085.0,6707.0,True,17.0
MH260504.1,75.95917,0,7522,7516,GII.P16,None,3572.0,5101.0,annotated_rdrp,GII.4,Sydney_2016,5085.0,6707.0,True,17.0
KU935739.1,87.50499,6,7590,7581,GII.P7,None,3500.0,5098.0,polyprotein_fallback,GII.6,None,,,False,0.0
KJ710245.2,84.32016,0,7576,7570,GII.P4,New_Orleans_2009,3500.0,5104.0,polyprotein_fallback,GII.4,Could not assign,5085.0,6707.0,True,20.0
PV920370.1,75.686386,2,7533,7546,Could,None,3579.0,5108.0,annotated_rdrp,GII.17,None,5092.0,6705.0,True,17.0
PX285873.1,88.93367,0,7525,7525,GII.P12,None,3572.0,5101.0,annotated_rdrp,GII.3,None,5085.0,6731.0,True,17.0
PQ308684.1,75.92471,0,7518,7524,GII.P17,None,3581.0,5110.0,annotated_rdrp,GII.17,None,5094.0,6710.0,True,17.0
PQ308685.1,75.90894,4,7518,7520,GII.P17,None,3577.0,5106.0,annotated_rdrp,GII.17,None,5090.0,6706.0,True,17.0
PQ308686.1,75.69604,4,7518,7520,GII.P17,None,3577.0,5106.0,annotated_rdrp,GII.17,None,5090.0,6706.0,True,17.0
PQ308687.1,75.724815,4,7518,7520,GII.P17,None,3577.0,5106.0,annotated_rdrp,GII.17,None,5090.0,6706.0,True,17.0
PQ308689.1,75.708435,4,7518,7520,GII.P17,None,3577.0,5106.0,annotated_rdrp,GII.17,None,5090.0,6706.0,True,17.0
PQ310124.1,75.859245,0,7498,7504,GII.P17,None,3581.0,5110.0,annotated_rdrp,GII.17,None,5094.0,6710.0,True,17.0
PQ310125.2,75.78982,4,7537,7545,GII.P17,None,3577.0,5106.0,annotated_rdrp,GII.17,None,5090.0,6715.0,True,17.0
PQ310126.1,75.679214,0,7498,7504,GII.P17,None,3581.0,5110.0,annotated_rdrp,GII.17,None,5094.0,6710.0,True,17.0
PQ310127.1,75.79378,0,7498,7504,GII.P17,None,3581.0,5110.0,annotated_rdrp,GII.17,None,5094.0,6710.0,True,17.0
PQ310128.1,75.859245,0,7498,7504,GII.P17,None,3581.0,5110.0,annotated_rdrp,GII.17,None,5094.0,6710.0,True,17.0
PQ310129.1,75.72832,0,7498,7504,GII.P17,None,3581.0,5110.0,annotated_rdrp,GII.17,None,5094.0,6710.0,True,17.0
PQ310130.1,75.95745,0,7498,7504,GII.P17,None,3581.0,5110.0,annotated_rdrp,GII.17,None,5094.0,6710.0,True,17.0
PQ310131.1,75.94108,0,7498,7504,GII.P17,None,3581.0,5110.0,annotated_rdrp,GII.17,None,5094.0,6710.0,True,17.0
PQ310234.1,75.76154,4,7554,7556,GII.P17,None,3577.0,5106.0,annotated_rdrp,GII.17,None,5090.0,6706.0,True,17.0
PQ310236.1,75.92532,4,7554,7556,GII.P17,None,3577.0,5106.0,annotated_rdrp,GII.17,None,5090.0,6706.0,True,17.0
PQ304612.1,75.724815,4,7554,7556,GII.P17,None,3577.0,5106.0,annotated_rdrp,GII.17,None,5090.0,6706.0,True,17.0
PQ304613.1,75.724815,4,7554,7556,GII.P17,None,3577.0,5106.0,annotated_rdrp,GII.17,None,5090.0,6706.0,True,17.0
PQ304632.1,83.42526,-1,7492,7508,GII.P31,None,3573.0,5102.0,annotated_rdrp,GII.17,None,5086.0,6708.0,True,17.0
PP658551.1,84.45137,0,7542,7539,GII.P31,None,3572.0,5101.0,annotated_rdrp,GII.4,Could not assign,5085.0,6710.0,True,17.0
PP658555.1,89.127884,4,7525,7521,GII.P12,None,3568.0,5097.0,annotated_rdrp,GII.3,None,5081.0,6727.0,True,17.0
PP658557.1,75.994736,1,7521,7514,GII.P16,None,3571.0,5100.0,annotated_rdrp,GII.4,Sydney_2016,5084.0,6706.0,True,17.0
PP658559.1,75.87676,1,7533,7526,GII.P16,None,3571.0,5100.0,annotated_rdrp,GII.4,Sydney_2016,5084.0,6706.0,True,17.0
PP658560.1,81.18838,4,7505,7501,GII.P16,None,3568.0,5097.0,annotated_rdrp,GII.12,None,5081.0,6688.0,True,17.0
PP658561.1,75.81914,1,7573,7566,GII.P16,None,3571.0,5100.0,annotated_rdrp,GII.4,Sydney_2016,5084.0,6706.0,True,17.0
PP645199.1,92.93725,0,7487,7490,GII.P8,None,3572.0,5101.0,annotated_rdrp,GII.8,None,5085.0,6698.0,True,17.0
PP645200.1,89.23594,0,7525,7525,GII.P12,None,3572.0,5101.0,annotated_rdrp,GII.3,None,5085.0,6731.0,True,17.0
PP564826.1,76.01513,0,7555,7549,GII.P16,None,3572.0,5101.0,annotated_rdrp,GII.4,Sydney_2016,5085.0,6707.0,True,17.0
PP564827.1,75.965805,0,7519,7513,GII.P16,None,3572.0,5101.0,annotated_rdrp,GII.4,Sydney_2016,5085.0,6707.0,True,17.0
PP564828.1,76.03156,0,7555,7549,GII.P16,None,3572.0,5101.0,annotated_rdrp,GII.4,Sydney_2016,5085.0,6707.0,True,17.0
PP564829.1,75.880714,0,7553,7547,GII.P16,None,3572.0,5101.0,annotated_rdrp,GII.4,Sydney_2016,5085.0,6707.0,True,17.0
PP564830.1,76.23047,0,7549,7549,GII.P16,None,3572.0,5101.0,annotated_rdrp,GII.4,Sydney_2016,5085.0,6707.0,True,17.0
PP564831.1,76.19688,0,7549,7549,GII.P16,None,3572.0,5101.0,annotated_rdrp,GII.4,Sydney_2016,5085.0,6707.0,True,17.0
PP564832.1,75.8933,0,7555,7549,GII.P16,None,3572.0,5101.0,annotated_rdrp,GII.4,Sydney_2016,5085.0,6707.0,True,17.0
PP564833.1,75.942696,0,7555,7549,GII.P16,None,3572.0,5101.0,annotated_rdrp,GII.4,Sydney_2016,5085.0,6707.0,True,17.0
PP564834.1,75.992096,0,7555,7549,GII.P16,None,3572.0,5101.0,annotated_rdrp,GII.4,Sydney_2016,5085.0,6707.0,True,17.0
MN525275.1,75.77854,4,7554,7544,GII.P16,None,3568.0,5097.0,annotated_rdrp,GII.4,Sydney_2016,5081.0,6703.0,True,17.0
MN493873.1,76.42635,2,7532,7530,GII.P16,None,3570.0,5099.0,annotated_rdrp,GII.2,None,5083.0,6711.0,True,17.0
KC962453.2,84.36936,0,7573,7567,GII.P4,Could not assign,3500.0,5104.0,polyprotein_fallback,GII.4,Could not assign,5085.0,6707.0,True,20.0
KC962462.3,84.32016,0,7576,7570,GII.P4,New_Orleans_2009,3500.0,5104.0,polyprotein_fallback,GII.4,Could not assign,5085.0,6707.0,True,20.0
LC384108.1,76.548454,0,7540,7540,GII.P16,None,,,,GII.2,None,,,,
LC384110.1,76.53028,0,7492,7492,GII.P16,None,,,,GII.2,None,,,,
LC384112.1,76.55917,0,7536,7536,GII.P16,None,,,,GII.2,None,,,,
MF421539.1,75.82706,4,7528,7530,GII.P17,None,,,,GII.17,None,,,,
MF421541.1,75.82706,4,7528,7530,GII.P17,None,,,,GII.17,None,,,,
MK073886.1,89.536446,1,7533,7532,GII.P12,None,,,,GII.3,None,,,,
NC_039476.1,76.54281,0,7536,7536,GII.P16,None,,,,GII.2,None,,,,
MF167651.1,76.62955,4,7506,7502,GII.P16,None,,,,GII.2,None,,,,
MF918359.2,75.66198,1,7560,7565,GII.P17,None,,,,GII.17,None,,,,
KY348698.1,90.05878,0,7498,7498,GII.P12,None,,,,GII.3,None,,,,
JQ613572.1,84.03831,0,7563,7560,GII.P4,Den_Haag_2006b,,,,GII.4,Den_Haag_2006b,,,,
HQ392821.1,73.02552,14,7562,7548,Could,None,,,,GII.11,None,,,,
AY823305.2,69.7149,21,7633,7612,GII.P18,None,,,,GII.18,None,,,,
AY741811.1,85.97441,1,7562,7555,GII.P4,US95_96,,,,GII.4,US95_96,,,,
AY587984.1,85.32065,0,7564,7558,GII.P4,Farmington_Hills_2002,,,,GII.4,Farmington_Hills_2002,,,,
AY587986.1,85.304245,0,7564,7558,GII.P4,Farmington_Hills_2002,,,,GII.4,Farmington_Hills_2002,,,,
AY587988.1,85.304245,0,7564,7558,GII.P4,Farmington_Hills_2002,,,,GII.4,Farmington_Hills_2002,,,,
AY581254.1,85.22224,0,7564,7558,GII.P4,Farmington_Hills_2002,,,,GII.4,Farmington_Hills_2002,,,,
AB039775.1,97.53694,0,7521,7521,GII.P12,None,,,,GII.12,None,,,,
AB039777.1,99.840576,6,7573,7564,GII.P7,None,,,,GII.6,None,,,,
AB039779.1,99.94699,6,7555,7546,GII.P6,None,,,,GII.6,None,,,,
AB039781.1,75.94427,0,7532,7541,GII.P3,None,,,,GII.3,None,,,,
AF504671.2,94.41533,0,7534,7540,GII.P12,None,,,,GII.10,None,,,,
AB044366.2,100.0,0,7518,7518,GII.P12,None,,,,GII.12,None,,,,
LC389583.1,71.0847,-183,7654,7840,,None,,,,,None,,,,
KY421122.1,76.54281,0,7536,7536,GII.P16,None,,,,GII.2,None,,,,
KY771081.1,76.53211,0,7546,7546,GII.P16,None,,,,GII.2,None,,,,
AB541202.1,84.999176,4,7519,7509,GII.P4,Apeldoorn_2007,,,,GII.4,Apeldoorn_2007,,,,
AB541204.1,84.267685,4,7516,7509,GII.P4,Den_Haag_2006b,,,,GII.4,Den_Haag_2006b,,,,
AB541206.1,84.17185,4,7516,7509,GII.P4,Den_Haag_2006b,,,,GII.4,Den_Haag_2006b,,,,
AB541208.1,83.81954,4,7516,7509,GII.P4,Den_Haag_2006b,,,,GII.4,Den_Haag_2006b,,,,
AB541210.1,84.21977,4,7516,7509,GII.P4,Den_Haag_2006b,,,,GII.4,Den_Haag_2006b,,,,
AB541213.1,84.29778,4,7516,7509,GII.P4,Den_Haag_2006b,,,,GII.4,Den_Haag_2006b,,,,
AB541215.1,84.21808,4,7516,7509,GII.P4,Den_Haag_2006b,,,,GII.4,Den_Haag_2006b,,,,
AB541217.1,84.091995,4,7516,7509,GII.P4,Den_Haag_2006b,,,,GII.4,Den_Haag_2006b,,,,
AB541219.1,84.935104,4,7519,7509,GII.P4,Apeldoorn_2007,,,,GII.4,Den_Haag_2006b,,,,
AB541222.1,84.267685,4,7516,7509,GII.P4,Den_Haag_2006b,,,,GII.4,Den_Haag_2006b,,,,
AB541225.1,84.01084,4,7516,7509,GII.P4,Den_Haag_2006b,,,,GII.4,Den_Haag_2006b,,,,
AB541227.1,84.05867,4,7516,7509,GII.P4,Den_Haag_2006b,,,,GII.4,Den_Haag_2006b,,,,
AB541229.1,84.37949,4,7516,7509,GII.P4,Den_Haag_2006b,,,,GII.4,Den_Haag_2006b,,,,
AB541231.1,84.80368,4,7519,7509,GII.P4,Den_Haag_2006b,,,,GII.4,Den_Haag_2006b,,,,
AB541233.1,83.96302,4,7504,7497,GII.P4,Den_Haag_2006b,,,,GII.4,Den_Haag_2006b,,,,
AB541235.1,85.05332,4,7519,7509,GII.P4,Den_Haag_2006b,,,,GII.4,Den_Haag_2006b,,,,
AB541237.1,84.12394,4,7516,7509,GII.P4,Den_Haag_2006b,,,,GII.4,Den_Haag_2006b,,,,
AB541239.1,84.12243,4,7516,7509,GII.P4,Den_Haag_2006b,,,,GII.4,Den_Haag_2006b,,,,
AB541241.1,84.139915,4,7516,7509,GII.P4,Den_Haag_2006b,,,,GII.4,Den_Haag_2006b,,,,
AB541243.1,84.80368,4,7519,7509,GII.P4,Den_Haag_2006b,,,,GII.4,Den_Haag_2006b,,,,
AB541246.1,84.06006,4,7516,7509,GII.P4,Den_Haag_2006b,,,,GII.4,Den_Haag_2006b,,,,
AB541248.1,84.05867,4,7516,7509,GII.P4,Den_Haag_2006b,,,,GII.4,Den_Haag_2006b,,,,
AB541250.1,83.91519,4,7516,7509,GII.P4,Den_Haag_2006b,,,,GII.4,Den_Haag_2006b,,,,
AB541252.1,84.139915,4,7516,7509,GII.P4,Den_Haag_2006b,,,,GII.4,Den_Haag_2006b,,,,
AB541254.1,83.980194,4,7516,7509,GII.P4,Den_Haag_2006b,,,,GII.4,Den_Haag_2006b,,,,
AB541256.1,83.83645,4,7516,7509,GII.P4,Den_Haag_2006b,,,,GII.4,Den_Haag_2006b,,,,
AB541260.1,84.01084,4,7516,7509,GII.P4,Den_Haag_2006b,,,,GII.4,Den_Haag_2006b,,,,
AB541262.1,85.92931,4,7513,7509,GII.P4,Den_Haag_2006b,,,,GII.4,Den_Haag_2006b,,,,
AB541264.1,84.95154,4,7519,7509,GII.P4,Den_Haag_2006b,,,,GII.4,Den_Haag_2006b,,,,
AB541266.1,84.967964,4,7519,7509,GII.P4,Apeldoorn_2007,,,,GII.4,Den_Haag_2006b,,,,
AB541268.1,84.76941,4,7519,7509,GII.P4,Apeldoorn_2007,,,,GII.4,Apeldoorn_2007,,,,
AB541271.1,84.15588,4,7516,7509,GII.P4,Den_Haag_2006b,,,,GII.4,Den_Haag_2006b,,,,
AB541273.1,84.12243,4,7516,7509,GII.P4,Den_Haag_2006b,,,,GII.4,Den_Haag_2006b,,,,
AB541275.1,85.39458,4,7510,7506,GII.P4,Apeldoorn_2007,,,,GII.4,Den_Haag_2006b,,,,
AB541278.1,84.07461,4,7516,7509,GII.P4,Den_Haag_2006b,,,,GII.4,Den_Haag_2006b,,,,
AB541280.1,84.315605,4,7516,7509,GII.P4,Den_Haag_2006b,,,,GII.4,Den_Haag_2006b,,,,
AB541282.1,84.23575,4,7516,7509,GII.P4,Den_Haag_2006b,,,,GII.4,Den_Haag_2006b,,,,
AB541284.1,85.05332,4,7519,7509,GII.P4,Den_Haag_2006b,,,,GII.4,Den_Haag_2006b,,,,
AB541286.1,83.9949,4,7516,7509,GII.P4,Den_Haag_2006b,,,,GII.4,Den_Haag_2006b,,,,
AB541288.1,83.97896,4,7516,7509,GII.P4,Den_Haag_2006b,,,,GII.4,Den_Haag_2006b,,,,
AB541290.1,84.01084,4,7516,7509,GII.P4,Den_Haag_2006b,,,,GII.4,Den_Haag_2006b,,,,
AB541292.1,84.042725,4,7516,7509,GII.P4,Den_Haag_2006b,,,,GII.4,Den_Haag_2006b,,,,
AB541294.1,83.676735,4,7516,7509,GII.P4,Den_Haag_2006b,,,,GII.4,Den_Haag_2006b,,,,
AB541296.1,83.61284,4,7516,7509,GII.P4,Den_Haag_2006b,,,,GII.4,Den_Haag_2006b,,,,
AB541298.1,84.15588,4,7516,7509,GII.P4,Den_Haag_2006b,,,,GII.4,Den_Haag_2006b,,,,
AB541301.1,85.16511,4,7519,7509,GII.P4,Den_Haag_2006b,,,,GII.4,Den_Haag_2006b,,,,
AB541303.1,83.72464,4,7516,7509,GII.P4,Den_Haag_2006b,,,,GII.4,Den_Haag_2006b,,,,
AB541305.1,84.03442,4,7516,7512,GII.P4,Den_Haag_2006b,,,,GII.4,Den_Haag_2006b,,,,
AB541307.1,84.17025,4,7516,7509,GII.P4,Den_Haag_2006b,,,,GII.4,Den_Haag_2006b,,,,
AB541309.1,85.099396,4,7519,7509,GII.P4,Den_Haag_2006b,,,,GII.4,Den_Haag_2006b,,,,
AB541311.1,84.967964,4,7519,7509,GII.P4,Den_Haag_2006b,,,,GII.4,Den_Haag_2006b,,,,
U07611.2,84.67182,0,7513,7513,GII.P1,None,,,,GII.1,None,,,,
KU557784.1,75.83783,6,7555,7555,GII.P17,None,,,,GII.17,None,,,,
KU557788.1,75.82148,6,7497,7497,GII.P17,None,,,,GII.17,None,,,,
KX356908.1,75.76105,0,7550,7556,GII.P17,None,,,,GII.17,None,,,,
LC145787.1,76.486885,4,7492,7485,GII.P16,None,,,,GII.2,None,,,,
LC145789.1,76.17801,4,7492,7482,GII.P16,None,,,,GII.2,None,,,,
LC145791.1,76.21073,4,7492,7482,GII.P16,None,,,,GII.2,None,,,,
LC145793.1,76.2271,4,7492,7482,GII.P16,None,,,,GII.2,None,,,,
LC145795.1,76.27869,4,7492,7482,GII.P16,None,,,,GII.2,None,,,,
LC145797.1,76.06782,4,7492,7482,GII.P16,None,,,,GII.2,None,,,,
LC145799.1,76.21311,4,7492,7482,GII.P16,None,,,,GII.2,None,,,,
LC145801.1,76.2623,4,7492,7482,GII.P16,None,,,,GII.2,None,,,,
LC145803.1,76.31148,4,7492,7482,GII.P16,None,,,,GII.2,None,,,,
LC145805.1,76.409836,4,7492,7482,GII.P16,None,,,,GII.2,None,,,,
LC145807.1,76.2279,4,7492,7482,GII.P16,None,,,,GII.2,None,,,,
KJ194504.1,75.809975,0,7526,7535,GII.P3,None,,,,GII.3,None,,,,
AB541314.1,84.12243,4,7516,7509,GII.P4,Den_Haag_2006b,,,,GII.4,Den_Haag_2006b,,,,
AB541316.1,84.090546,4,7516,7509,GII.P4,Den_Haag_2006b,,,,GII.4,Den_Haag_2006b,,,,
AB541318.1,84.86788,4,7519,7509,GII.P4,Apeldoorn_2007,,,,GII.4,Apeldoorn_2007,,,,
AB541320.1,85.01559,4,7519,7509,GII.P4,Apeldoorn_2007,,,,GII.4,Apeldoorn_2007,,,,
AB541322.1,85.081245,4,7519,7509,GII.P4,Apeldoorn_2007,,,,GII.4,Apeldoorn_2007,,,,
AB541325.1,86.50431,4,7513,7509,GII.P31,None,,,,GII.4,Osaka_2007,,,,
AB541327.1,84.23575,4,7516,7509,GII.P4,Den_Haag_2006b,,,,GII.4,Den_Haag_2006b,,,,
AB541329.1,84.07603,4,7516,7509,GII.P4,Den_Haag_2006b,,,,GII.4,Den_Haag_2006b,,,,
AB541331.1,83.91519,4,7516,7509,GII.P4,Den_Haag_2006b,,,,GII.4,Den_Haag_2006b,,,,
AB541333.1,84.02679,4,7516,7509,GII.P4,Den_Haag_2006b,,,,GII.4,Den_Haag_2006b,,,,
AB541335.1,84.21977,4,7516,7509,GII.P4,Den_Haag_2006b,,,,GII.4,Den_Haag_2006b,,,,
AB541337.1,84.05867,4,7516,7509,GII.P4,Den_Haag_2006b,,,,GII.4,Den_Haag_2006b,,,,
AB541339.1,85.099396,4,7519,7509,GII.P4,Den_Haag_2006b,,,,GII.4,Den_Haag_2006b,,,,
AB541341.1,84.23575,4,7516,7509,GII.P4,Den_Haag_2006b,,,,GII.4,Den_Haag_2006b,,,,
AB541343.1,84.07461,4,7516,7509,GII.P4,Den_Haag_2006b,,,,GII.4,Den_Haag_2006b,,,,
AB541345.1,84.028114,4,7516,7509,GII.P4,Den_Haag_2006b,,,,GII.4,Den_Haag_2006b,,,,
AB541347.1,85.214386,4,7519,7509,GII.P4,Den_Haag_2006b,,,,GII.4,Den_Haag_2006b,,,,
AB541350.1,83.947075,4,7516,7509,GII.P4,Den_Haag_2006b,,,,GII.4,Den_Haag_2006b,,,,
AB541352.1,84.267685,4,7516,7509,GII.P4,Den_Haag_2006b,,,,GII.4,Den_Haag_2006b,,,,
AB541354.1,84.28366,4,7516,7509,GII.P4,Den_Haag_2006b,,,,GII.4,Den_Haag_2006b,,,,
AB541356.1,84.15588,4,7516,7509,GII.P4,Apeldoorn_2007,,,,GII.4,Den_Haag_2006b,,,,
AB541358.1,84.36352,4,7516,7509,GII.P4,Den_Haag_2006b,,,,GII.4,Den_Haag_2006b,,,,
AB541360.1,84.39546,4,7516,7509,GII.P4,Den_Haag_2006b,,,,GII.4,Den_Haag_2006b,,,,
AB543808.1,83.91519,4,7516,7509,GII.P4,Den_Haag_2006b,,,,GII.4,Den_Haag_2006b,,,,
EU921388.2,86.141624,0,7559,7559,GII.P31,None,,,,GII.4,Osaka_2007,,,,
AB447427.1,84.27271,2,7516,7511,GII.P4,Den_Haag_2006b,,,,GII.4,Den_Haag_2006b,,,,
AB447429.1,84.368515,2,7516,7511,GII.P4,Den_Haag_2006b,,,,GII.4,Den_Haag_2006b,,,,
AB447431.1,84.239044,2,7516,7511,GII.P4,Den_Haag_2006b,,,,GII.4,Den_Haag_2006b,,,,
AB447433.1,84.85644,2,7510,7502,GII.P4,Yerseke_2006a,,,,GII.4,Yerseke_2006a,,,,
AB447435.1,84.368515,2,7516,7511,GII.P4,Den_Haag_2006b,,,,GII.4,Den_Haag_2006b,,,,
AB447437.1,84.27271,2,7516,7511,GII.P4,Den_Haag_2006b,,,,GII.4,Den_Haag_2006b,,,,
AB447439.1,85.1864,2,7519,7511,GII.P4,Den_Haag_2006b,,,,GII.4,Den_Haag_2006b,,,,
AB447441.1,84.081116,2,7516,7511,GII.P4,Den_Haag_2006b,,,,GII.4,Den_Haag_2006b,,,,
AB447443.1,84.35255,2,7516,7511,GII.P4,Den_Haag_2006b,,,,GII.4,Den_Haag_2006b,,,,
AB972465.1,83.83548,4,7516,7509,GII.P4,Den_Haag_2006b,,,,GII.4,Den_Haag_2006b,,,,
AB972467.1,85.26177,4,7519,7509,GII.P31,None,,,,GII.4,Sydney_2012,,,,
AB972469.1,85.19613,4,7519,7509,GII.P31,None,,,,GII.4,Sydney_2012,,,,
AB972471.1,83.851425,4,7516,7509,GII.P4,Den_Haag_2006b,,,,GII.4,Den_Haag_2006b,,,,
AB972473.1,85.11407,4,7519,7509,GII.P31,None,,,,GII.4,Sydney_2012,,,,
AB972475.1,85.14689,4,7519,7509,GII.P31,None,,,,GII.4,Sydney_2012,,,,
AB972477.1,83.20434,37,7519,7476,GII.P31,None,,,,GII.4,Sydney_2012,,,,
AB972479.1,85.31101,4,7519,7509,GII.P31,None,,,,GII.4,Sydney_2012,,,,
AB972481.1,85.2946,4,7519,7509,GII.P31,None,,,,GII.4,Sydney_2012,,,,
AB972483.1,85.21254,4,7519,7509,GII.P31,None,,,,GII.4,Sydney_2012,,,,
AB972485.1,85.1633,4,7519,7509,GII.P31,None,,,,GII.4,Sydney_2012,,,,
AB972487.1,85.21254,4,7519,7509,GII.P31,None,,,,GII.4,Sydney_2012,,,,
AB972489.1,85.22895,4,7519,7509,GII.P31,None,,,,GII.4,Sydney_2012,,,,
AB972491.1,85.19613,4,7519,7509,GII.P31,None,,,,GII.4,Sydney_2012,,,,
AB972493.1,85.21254,4,7519,7509,GII.P31,None,,,,GII.4,Sydney_2012,,,,
AB972495.1,85.21254,4,7519,7509,GII.P31,None,,,,GII.4,Sydney_2012,,,,
AB972497.1,85.13048,4,7519,7509,GII.P31,None,,,,GII.4,Sydney_2012,,,,
AB972499.1,85.35378,4,7519,7509,GII.P31,None,,,,GII.4,Sydney_2012,,,,
AB972501.1,84.05867,4,7516,7509,GII.P4,Den_Haag_2006b,,,,GII.4,Den_Haag_2006b,,,,
AB972503.1,85.22895,4,7519,7509,GII.P31,None,,,,GII.4,Sydney_2012,,,,
AB972505.1,85.21254,4,7519,7509,GII.P31,None,,,,GII.4,Sydney_2012,,,,
KT992787.1,75.75955,1,7494,7499,GII.P17,None,,,,GII.17,None,,,,
KT992790.1,75.72688,0,7542,7548,GII.P17,None,,,,GII.17,None,,,,
KR154231.1,75.67479,10,7555,7551,GII.P17,None,,,,GII.17,None,,,,
KC631815.1,85.04105,7,7520,7507,GII.P4,Yerseke_2006a,,,,GII.4,Yerseke_2006a,,,,
HF952124.1,84.7466,0,7565,7559,GII.P4,New_Orleans_2009,,,,GII.4,New_Orleans_2009,,,,
HF952128.1,85.07463,0,7565,7559,GII.P4,New_Orleans_2009,,,,GII.4,New_Orleans_2009,,,,
HF952132.1,84.7466,0,7565,7559,GII.P4,New_Orleans_2009,,,,GII.4,New_Orleans_2009,,,,
HF952135.1,84.92701,0,7565,7559,GII.P4,New_Orleans_2009,,,,GII.4,New_Orleans_2009,,,,
KC517362.1,85.081245,4,7519,7509,GII.P31,None,,,,GII.4,Sydney_2012,,,,
KC517365.1,83.75578,4,7516,7509,GII.P4,Den_Haag_2006b,,,,GII.4,Den_Haag_2006b,,,,
KC517369.1,83.73984,4,7516,7509,GII.P4,Den_Haag_2006b,,,,GII.4,Den_Haag_2006b,,,,
KC517376.1,85.22895,4,7519,7509,GII.P31,None,,,,GII.4,Sydney_2012,,,,
KC517378.1,85.22895,4,7519,7509,GII.P31,None,,,,GII.4,Sydney_2012,,,,
AB447447.1,85.15356,2,7519,7511,GII.P4,Den_Haag_2006b,,,,GII.4,Den_Haag_2006b,,,,
AB447449.1,84.38448,2,7516,7511,GII.P4,Den_Haag_2006b,,,,GII.4,Den_Haag_2006b,,,,
AB447451.1,84.28868,2,7516,7511,GII.P4,Den_Haag_2006b,,,,GII.4,Den_Haag_2006b,,,,
AB447453.1,84.256744,2,7516,7511,GII.P4,Den_Haag_2006b,,,,GII.4,Den_Haag_2006b,,,,
AB447455.1,85.70227,2,7513,7511,GII.P4,Den_Haag_2006b,,,,GII.4,Den_Haag_2006b,,,,
AB447457.1,84.28868,2,7516,7511,GII.P4,Den_Haag_2006b,,,,GII.4,Den_Haag_2006b,,,,
AB447459.1,84.28868,2,7516,7511,GII.P4,Den_Haag_2006b,,,,GII.4,Den_Haag_2006b,,,,
AB447461.1,84.17691,2,7516,7511,GII.P4,Den_Haag_2006b,,,,GII.4,Den_Haag_2006b,,,,
AB447463.1,84.30465,2,7516,7511,GII.P4,Den_Haag_2006b,,,,GII.4,Den_Haag_2006b,,,,
EF187497.2,85.091034,0,7565,7559,GII.P4,Could not assign,,,,GII.4,Yerseke_2006a,,,,
DQ456824.1,78.05755,0,7536,7536,GII.P2,None,,,,GII.2,None,,,,
AB220921.1,90.33951,0,7565,7559,GII.P12,None,,,,GII.4,Asia_2003,,,,
AB447445.1,84.15936,2,7516,7511,GII.P4,Den_Haag_2006b,,,,GII.4,Den_Haag_2006b,,,,
LC384109.1,76.564804,0,7517,7517,GII.P16,None,,,,GII.2,None,,,,
LC384111.1,76.67376,0,7536,7536,GII.P16,None,,,,GII.2,None,,,,
MF421538.1,75.81304,4,7528,7530,GII.P17,None,,,,GII.17,None,,,,
MF421540.1,75.85981,4,7528,7530,GII.P17,None,,,,GII.17,None,,,,
MF421542.1,75.82706,4,7528,7530,GII.P17,None,,,,GII.17,None,,,,
MK073891.1,75.86094,4,7563,7553,GII.P16,None,,,,GII.4,Sydney_2016,,,,
MF167650.1,76.62955,4,7506,7502,GII.P16,None,,,,GII.2,None,,,,
MF167652.1,76.494675,4,7506,7502,GII.P16,None,,,,GII.2,None,,,,
KY348697.1,89.95296,3,7498,7492,GII.P12,None,,,,GII.3,None,,,,
LC066046.2,85.11444,10,7561,7545,GII.P31,None,,,,GII.4,Sydney_2012,,,,
JQ613573.1,85.02542,0,7565,7559,GII.P4,New_Orleans_2009,,,,GII.4,New_Orleans_2009,,,,
DQ369797.1,90.060684,0,7564,7558,GII.P12,None,,,,GII.4,Asia_2003,,,,
DQ078814.2,85.23864,0,7565,7559,GII.P4,Hunter_2004,,,,GII.4,Hunter_2004,,,,
AY587983.1,85.32065,0,7564,7558,GII.P4,Farmington_Hills_2002,,,,GII.4,Farmington_Hills_2002,,,,
AY587985.1,85.32065,0,7564,7558,GII.P4,Farmington_Hills_2002,,,,GII.4,Farmington_Hills_2002,,,,
AY587987.1,85.32065,0,7564,7558,GII.P4,Farmington_Hills_2002,,,,GII.4,Farmington_Hills_2002,,,,
AY587989.1,85.304245,0,7564,7558,GII.P4,Farmington_Hills_2002,,,,GII.4,Farmington_Hills_2002,,,,
AY237415.2,94.0059,0,7535,7541,GII.P12,None,,,,GII.10,None,,,,
AB039776.1,100.0,6,7573,7564,GII.P7,None,,,,GII.6,None,,,,
AB039778.1,100.0,6,7555,7546,GII.P6,None,,,,GII.6,None,,,,
AB039780.1,100.0,0,7518,7524,GII.P8,None,,,,GII.8,None,,,,
AB039782.1,75.99463,0,7532,7541,GII.P3,None,,,,GII.3,None,,,,
AY032605.1,87.35858,0,7562,7556,GII.P4,Camberwell_1994,,,,GII.4,Camberwell_1994,,,,
AF145896.1,86.86239,0,7561,7555,GII.P4,Camberwell_1994,,,,GII.4,Camberwell_1994,,,,
KY421121.1,76.608284,0,7536,7536,GII.P16,None,,,,GII.2,None,,,,
KX907727.1,75.81517,-1,7519,7514,GII.P16,None,,,,GII.4,Sydney_2016,,,,
KM198573.1,81.38128,4,7425,7421,GII.P21,None,,,,GII.3,None,,,,
AB541201.1,84.21977,4,7516,7509,GII.P4,Den_Haag_2006b,,,,GII.4,Den_Haag_2006b,,,,
AB541203.1,84.28366,4,7516,7509,GII.P4,Den_Haag_2006b,,,,GII.4,Den_Haag_2006b,,,,
AB541205.1,84.28366,4,7516,7509,GII.P4,Den_Haag_2006b,,,,GII.4,Den_Haag_2006b,,,,
AB541207.1,84.267685,4,7516,7509,GII.P4,Den_Haag_2006b,,,,GII.4,Den_Haag_2006b,,,,
AB541209.1,84.267685,4,7516,7509,GII.P4,Den_Haag_2006b,,,,GII.4,Den_Haag_2006b,,,,
AB541211.1,84.23575,4,7516,7509,GII.P4,Den_Haag_2006b,,,,GII.4,Den_Haag_2006b,,,,
AB541214.1,84.139915,4,7516,7509,GII.P4,Den_Haag_2006b,,,,GII.4,Den_Haag_2006b,,,,
AB541216.1,84.21808,4,7516,7509,GII.P4,Den_Haag_2006b,,,,GII.4,Den_Haag_2006b,,,,
AB541218.1,84.02679,4,7516,7509,GII.P4,Den_Haag_2006b,,,,GII.4,Den_Haag_2006b,,,,
AB541220.1,84.23402,4,7516,7509,GII.P4,Den_Haag_2006b,,,,GII.4,Den_Haag_2006b,,,,
AB541224.1,84.05867,4,7516,7509,GII.P4,Den_Haag_2006b,,,,GII.4,Den_Haag_2006b,,,,
AB541226.1,84.18783,4,7516,7509,GII.P4,Den_Haag_2006b,,,,GII.4,Den_Haag_2006b,,,,
AB541228.1,84.186195,4,7516,7509,GII.P4,Den_Haag_2006b,,,,GII.4,Den_Haag_2006b,,,,
AB541230.1,85.16511,4,7519,7509,GII.P4,Den_Haag_2006b,,,,GII.4,Den_Haag_2006b,,,,
AB541232.1,84.07603,4,7516,7509,GII.P4,Den_Haag_2006b,,,,GII.4,Den_Haag_2006b,,,,
AB541234.1,84.10648,4,7516,7509,GII.P4,Den_Haag_2006b,,,,GII.4,Den_Haag_2006b,,,,
AB541236.1,84.21977,4,7516,7509,GII.P4,Den_Haag_2006b,,,,GII.4,Den_Haag_2006b,,,,
AB541238.1,84.12243,4,7516,7509,GII.P4,Den_Haag_2006b,,,,GII.4,Den_Haag_2006b,,,,
AB541240.1,83.91519,4,7516,7509,GII.P4,Den_Haag_2006b,,,,GII.4,Den_Haag_2006b,,,,
AB541242.1,83.851425,4,7516,7509,GII.P4,Den_Haag_2006b,,,,GII.4,Den_Haag_2006b,,,,
AB541245.1,84.39546,4,7516,7509,GII.P4,Den_Haag_2006b,,,,GII.4,Den_Haag_2006b,,,,
AB541247.1,84.203804,4,7516,7509,GII.P4,Den_Haag_2006b,,,,GII.4,Den_Haag_2006b,,,,
AB541249.1,84.203804,4,7516,7509,GII.P4,Den_Haag_2006b,,,,GII.4,Den_Haag_2006b,,,,
AB541251.1,85.64698,4,7513,7509,GII.P4,Den_Haag_2006b,,,,GII.4,Den_Haag_2006b,,,,
AB541253.1,85.16511,4,7519,7509,GII.P4,Den_Haag_2006b,,,,GII.4,Den_Haag_2006b,,,,
AB541255.1,84.12243,4,7516,7509,GII.P4,Den_Haag_2006b,,,,GII.4,Den_Haag_2006b,,,,
AB541257.1,84.203804,4,7516,7509,GII.P4,Den_Haag_2006b,,,,GII.4,Den_Haag_2006b,,,,
AB541261.1,83.88436,4,7516,7509,GII.P4,Apeldoorn_2007,,,,GII.4,Den_Haag_2006b,,,,
AB541263.1,84.042725,4,7516,7509,GII.P4,Den_Haag_2006b,,,,GII.4,Den_Haag_2006b,,,,
AB541265.1,84.20213,4,7516,7509,GII.P4,Den_Haag_2006b,,,,GII.4,Den_Haag_2006b,,,,
AB541267.1,85.09766,4,7519,7509,GII.P4,Yerseke_2006a,,,,GII.4,Yerseke_2006a,,,,
AB541269.1,83.980194,4,7516,7509,GII.P4,Den_Haag_2006b,,,,GII.4,Den_Haag_2006b,,,,
AB541272.1,84.70376,4,7519,7509,GII.P4,Apeldoorn_2007,,,,GII.4,Apeldoorn_2007,,,,
AB541274.1,84.85147,4,7519,7509,GII.P4,Apeldoorn_2007,,,,GII.4,Apeldoorn_2007,,,,
AB541276.1,85.00082,4,7519,7509,GII.P4,Den_Haag_2006b,,,,GII.4,Den_Haag_2006b,,,,
AB541279.1,84.186195,4,7516,7509,GII.P4,Den_Haag_2006b,,,,GII.4,Den_Haag_2006b,,,,
AB541281.1,84.18783,4,7516,7509,GII.P4,Den_Haag_2006b,,,,GII.4,Den_Haag_2006b,,,,
AB541283.1,84.15588,4,7516,7509,GII.P4,Den_Haag_2006b,,,,GII.4,Den_Haag_2006b,,,,
AB541285.1,84.02679,4,7516,7509,GII.P4,Den_Haag_2006b,,,,GII.4,Den_Haag_2006b,,,,
AB541287.1,84.01084,4,7516,7509,GII.P4,Den_Haag_2006b,,,,GII.4,Den_Haag_2006b,,,,
AB541289.1,85.13225,4,7519,7509,GII.P4,Den_Haag_2006b,,,,GII.4,Den_Haag_2006b,,,,
AB541291.1,85.14868,4,7519,7509,GII.P4,Den_Haag_2006b,,,,GII.4,Den_Haag_2006b,,,,
AB541293.1,85.099396,4,7519,7509,GII.P4,Den_Haag_2006b,,,,GII.4,Den_Haag_2006b,,,,
AB541295.1,85.14868,4,7519,7509,GII.P4,Den_Haag_2006b,,,,GII.4,Den_Haag_2006b,,,,
AB541297.1,85.13225,4,7519,7509,GII.P4,Den_Haag_2006b,,,,GII.4,Den_Haag_2006b,,,,
AB541299.1,84.05867,4,7516,7509,GII.P4,Den_Haag_2006b,,,,GII.4,Den_Haag_2006b,,,,
AB541302.1,83.96302,4,7516,7509,GII.P4,Den_Haag_2006b,,,,GII.4,Den_Haag_2006b,,,,
AB541304.1,84.07461,4,7516,7509,GII.P4,Den_Haag_2006b,,,,GII.4,Den_Haag_2006b,,,,
AB541306.1,83.9949,4,7516,7509,GII.P4,Den_Haag_2006b,,,,GII.4,Den_Haag_2006b,,,,
AB541308.1,84.090546,4,7516,7509,GII.P4,Den_Haag_2006b,,,,GII.4,Den_Haag_2006b,,,,
AB541310.1,84.76941,4,7519,7509,GII.P4,Apeldoorn_2007,,,,GII.4,Apeldoorn_2007,,,,
X86557.1,86.915886,0,7561,7555,GII.P4,Bristol_1993,,,,GII.4,Bristol_1993,,,,
KU557783.1,75.80513,6,7555,7555,GII.P17,None,,,,GII.17,None,,,,
KU557785.1,75.78879,6,7496,7496,GII.P17,None,,,,GII.17,None,,,,
KU557790.1,75.77244,6,7504,7504,GII.P17,None,,,,GII.17,None,,,,
LC145786.1,76.196724,4,7492,7482,GII.P16,None,,,,GII.2,None,,,,
LC145788.1,76.31148,4,7492,7482,GII.P16,None,,,,GII.2,None,,,,
LC145790.1,76.21073,4,7492,7482,GII.P16,None,,,,GII.2,None,,,,
LC145792.1,76.19437,4,7492,7482,GII.P16,None,,,,GII.2,None,,,,
LC145794.1,76.327866,4,7492,7482,GII.P16,None,,,,GII.2,None,,,,
LC145796.1,76.327866,4,7492,7482,GII.P16,None,,,,GII.2,None,,,,
LC145798.1,76.0,4,7492,7482,GII.P16,None,,,,GII.2,None,,,,
LC145800.1,76.196724,4,7492,7482,GII.P16,None,,,,GII.2,None,,,,
LC145802.1,76.39071,4,7492,7482,GII.P16,None,,,,GII.2,None,,,,
LC145804.1,76.34426,4,7492,7482,GII.P16,None,,,,GII.2,None,,,,
LC145806.1,76.36066,4,7492,7482,GII.P16,None,,,,GII.2,None,,,,
LC145808.1,76.325264,4,7492,7482,GII.P16,None,,,,GII.2,None,,,,
AB541313.1,83.740616,4,7516,7509,GII.P4,Den_Haag_2006b,,,,GII.4,Den_Haag_2006b,,,,
AB541315.1,83.676735,4,7516,7509,GII.P4,Den_Haag_2006b,,,,GII.4,Den_Haag_2006b,,,,
AB541317.1,84.203804,4,7516,7509,GII.P4,Den_Haag_2006b,,,,GII.4,Den_Haag_2006b,,,,
AB541319.1,86.487404,4,7513,7509,GII.P31,None,,,,GII.4,Osaka_2007,,,,
AB541321.1,86.521225,4,7513,7509,GII.P31,None,,,,GII.4,Osaka_2007,,,,
AB541323.1,86.53814,4,7513,7509,GII.P31,None,,,,GII.4,Osaka_2007,,,,
AB541326.1,84.13837,4,7516,7509,GII.P4,Den_Haag_2006b,,,,GII.4,Den_Haag_2006b,,,,
AB541328.1,83.851425,4,7516,7509,GII.P4,Den_Haag_2006b,,,,GII.4,Den_Haag_2006b,,,,
AB541330.1,84.090546,4,7516,7509,GII.P4,Den_Haag_2006b,,,,GII.4,Den_Haag_2006b,,,,
AB541332.1,84.91868,4,7519,7509,GII.P4,Den_Haag_2006b,,,,GII.4,Den_Haag_2006b,,,,
AB541334.1,84.25172,4,7516,7509,GII.P4,Den_Haag_2006b,,,,GII.4,Den_Haag_2006b,,,,
AB541336.1,84.07461,4,7516,7509,GII.P4,Den_Haag_2006b,,,,GII.4,Den_Haag_2006b,,,,
AB541338.1,85.11582,4,7519,7509,GII.P4,Den_Haag_2006b,,,,GII.4,Den_Haag_2006b,,,,
AB541340.1,85.01725,4,7519,7509,GII.P4,Den_Haag_2006b,,,,GII.4,Den_Haag_2006b,,,,
AB541342.1,84.139915,4,7516,7509,GII.P4,Den_Haag_2006b,,,,GII.4,Den_Haag_2006b,,,,
AB541344.1,84.042725,4,7516,7509,GII.P4,Den_Haag_2006b,,,,GII.4,Den_Haag_2006b,,,,
AB541346.1,85.11582,4,7519,7509,GII.P4,Den_Haag_2006b,,,,GII.4,Den_Haag_2006b,,,,
AB541349.1,84.04408,4,7516,7509,GII.P4,Den_Haag_2006b,,,,GII.4,Den_Haag_2006b,,,,
AB541351.1,84.23575,4,7516,7509,GII.P4,Den_Haag_2006b,,,,GII.4,Den_Haag_2006b,,,,
AB541353.1,84.07461,4,7516,7509,GII.P4,Den_Haag_2006b,,,,GII.4,Den_Haag_2006b,,,,
AB541355.1,84.12243,4,7516,7509,GII.P4,Den_Haag_2006b,,,,GII.4,Den_Haag_2006b,,,,
AB541357.1,84.050354,4,7516,7512,GII.P4,Den_Haag_2006b,,,,GII.4,Den_Haag_2006b,,,,
AB541359.1,85.099396,4,7519,7509,GII.P4,Den_Haag_2006b,,,,GII.4,Den_Haag_2006b,,,,
AB541361.1,84.12394,4,7516,7509,GII.P4,Den_Haag_2006b,,,,GII.4,Den_Haag_2006b,,,,
EU921344.2,85.892044,0,7559,7559,GII.P4,Could not assign,,,,GII.4,Hunter_2004,,,,
EU921389.2,81.42737,0,7547,7547,GII.P21,None,,,,GII.3,None,,,,
AB447428.1,84.14498,2,7516,7511,GII.P4,Den_Haag_2006b,,,,GII.4,Den_Haag_2006b,,,,
AB447430.1,84.30465,2,7516,7511,GII.P4,Den_Haag_2006b,,,,GII.4,Den_Haag_2006b,,,,
AB447432.1,84.85644,2,7510,7502,GII.P4,Yerseke_2006a,,,,GII.4,Yerseke_2006a,,,,
AB447434.1,84.256744,2,7516,7511,GII.P4,Den_Haag_2006b,,,,GII.4,Den_Haag_2006b,,,,
AB447436.1,84.368515,2,7516,7511,GII.P4,Den_Haag_2006b,,,,GII.4,Den_Haag_2006b,,,,
AB447438.1,85.005745,2,7519,7511,GII.P4,Den_Haag_2006b,,,,GII.4,Den_Haag_2006b,,,,
AB447440.1,85.23567,2,7519,7511,GII.P4,Den_Haag_2006b,,,,GII.4,Den_Haag_2006b,,,,
AB447442.1,84.25498,2,7516,7511,GII.P4,Den_Haag_2006b,,,,GII.4,Den_Haag_2006b,,,,
AB447444.1,84.20717,2,7516,7511,GII.P4,Den_Haag_2006b,,,,GII.4,Den_Haag_2006b,,,,
ON595846.1,71.66362,-188,7635,7826,,None,,,,,None,,,,
NC_029646.1,100.0,0,7518,7518,GII.P12,None,,,,GII.12,None,,,,
AB972466.1,85.09766,4,7519,7509,GII.P31,None,,,,GII.4,Sydney_2012,,,,
AB972468.1,85.21254,4,7519,7509,GII.P31,None,,,,GII.4,Sydney_2012,,,,
AB972470.1,85.14689,4,7519,7509,GII.P31,None,,,,GII.4,Sydney_2012,,,,
AB972472.1,83.25123,61,7519,7452,GII.P31,None,,,,GII.4,Sydney_2012,,,,
AB972474.1,83.86736,4,7516,7509,GII.P4,Den_Haag_2006b,,,,GII.4,Den_Haag_2006b,,,,
AB972476.1,83.97896,4,7516,7509,GII.P4,Den_Haag_2006b,,,,GII.4,Den_Haag_2006b,,,,
AB972478.1,85.17972,4,7519,7509,GII.P31,None,,,,GII.4,Sydney_2012,,,,
AB972480.1,85.31101,4,7519,7509,GII.P31,None,,,,GII.4,Sydney_2012,,,,
AB972482.1,85.2946,4,7519,7509,GII.P31,None,,,,GII.4,Sydney_2012,,,,
AB972484.1,85.31101,4,7519,7509,GII.P31,None,,,,GII.4,Sydney_2012,,,,
AB972486.1,83.75578,4,7516,7509,GII.P4,Den_Haag_2006b,,,,GII.4,Den_Haag_2006b,,,,
AB972488.1,85.21254,4,7519,7509,GII.P31,None,,,,GII.4,Sydney_2012,,,,
AB972490.1,85.19613,4,7519,7509,GII.P31,None,,,,GII.4,Sydney_2012,,,,
AB972492.1,85.26177,4,7519,7509,GII.P31,None,,,,GII.4,Sydney_2012,,,,
AB972494.1,85.26177,4,7519,7509,GII.P31,None,,,,GII.4,Sydney_2012,,,,
AB972496.1,85.31101,4,7519,7509,GII.P31,None,,,,GII.4,Sydney_2012,,,,
AB972498.1,85.1633,4,7519,7509,GII.P31,None,,,,GII.4,Sydney_2012,,,,
AB972500.1,84.67093,4,7519,7509,GII.P4,New_Orleans_2009,,,,GII.4,New_Orleans_2009,,,,
AB972502.1,85.26177,4,7519,7509,GII.P31,None,,,,GII.4,Sydney_2012,,,,
AB972504.1,85.27819,4,7519,7509,GII.P31,None,,,,GII.4,Sydney_2012,,,,
KT992785.1,75.743225,1,7493,7498,GII.P17,None,,,,GII.17,None,,,,
KT992788.1,75.743225,1,7493,7498,GII.P17,None,,,,GII.17,None,,,,
KR154230.1,75.642075,10,7556,7552,GII.P17,None,,,,GII.17,None,,,,
KC631814.1,85.07463,0,7581,7575,GII.P4,Yerseke_2006a,,,,GII.4,Yerseke_2006a,,,,
HF952122.1,84.7466,0,7565,7559,GII.P4,New_Orleans_2009,,,,GII.4,New_Orleans_2009,,,,
HF952125.1,84.910614,0,7565,7559,GII.P4,New_Orleans_2009,,,,GII.4,New_Orleans_2009,,,,
HF952130.1,84.07023,0,7562,7559,GII.P4,New_Orleans_2009,,,,GII.4,New_Orleans_2009,,,,
HF952133.1,84.97622,0,7565,7559,GII.P4,New_Orleans_2009,,,,GII.4,New_Orleans_2009,,,,
KC517361.1,85.19613,4,7519,7509,GII.P31,None,,,,GII.4,Sydney_2012,,,,
KC517364.1,85.24536,4,7519,7509,GII.P31,None,,,,GII.4,Sydney_2012,,,,
KC517368.1,83.58042,4,7516,7509,GII.P4,Den_Haag_2006b,,,,GII.4,Den_Haag_2006b,,,,
KC517372.1,85.39458,4,7513,7509,GII.P4,Den_Haag_2006b,,,,GII.4,Den_Haag_2006b,,,,
KC517377.1,85.22895,4,7519,7509,GII.P31,None,,,,GII.4,Sydney_2012,,,,
AB447446.1,85.13714,2,7519,7511,GII.P4,Den_Haag_2006b,,,,GII.4,Den_Haag_2006b,,,,
AB447448.1,91.034485,2,7513,7511,GII.P12,None,,,,GII.4,Asia_2003,,,,
AB447450.1,84.32061,2,7516,7511,GII.P4,Den_Haag_2006b,,,,GII.4,Den_Haag_2006b,,,,
AB447452.1,84.27092,2,7516,7511,GII.P4,Den_Haag_2006b,,,,GII.4,Den_Haag_2006b,,,,
AB447454.1,84.28685,2,7516,7511,GII.P4,Den_Haag_2006b,,,,GII.4,Den_Haag_2006b,,,,
AB447456.2,84.389465,0,7562,7559,GII.P4,Den_Haag_2006b,,,,GII.4,Den_Haag_2006b,,,,
AB447458.1,84.87285,2,7519,7511,GII.P4,Yerseke_2006a,,,,GII.4,Yerseke_2006a,,,,
AB447460.1,84.27271,2,7516,7511,GII.P4,Den_Haag_2006b,,,,GII.4,Den_Haag_2006b,,,,
AB447462.1,84.32061,2,7516,7511,GII.P4,Den_Haag_2006b,,,,GII.4,Den_Haag_2006b,,,,
AB365435.1,81.29303,0,7627,7627,GII.P21,None,,,,GII.3,None,,,,
EF684915.2,84.336,0,7563,7560,GII.P4,Den_Haag_2006b,,,,GII.4,Den_Haag_2006b,,,,
DQ415279.1,85.33705,0,7565,7559,GII.P4,Farmington_Hills_2002,,,,GII.4,Farmington_Hills_2002,,,,
AB541312.1,84.73659,4,7519,7509,GII.P4,Apeldoorn_2007,,,,GII.4,Apeldoorn_2007,,,,
