accession,not_gii,duplicated,ambiguous,missing_required_region
AB067536.1,True,False,False,True
AB067537.1,True,False,False,True
AB067538.1,True,False,False,True
AB067539.1,True,False,False,True
AB067540.1,True,False,False,True
AB067541.1,True,False,False,True
AB067542.1,True,False,False,True
AB067543.1,True,False,False,True
AB220922.1,True,False,False,True
AB220923.1,True,False,False,True
AB541190.1,True,False,False,False
AB541192.1,True,False,False,False
AB541195.1,True,False,False,False
AB541212.1,True,False,False,False
AB541221.1,True,False,False,False
AB541348.1,True,False,False,False
AB983218.1,True,False,False,False
AF414407.1,True,False,False,True
AF414408.1,True,False,False,True
AF414409.1,True,False,False,True
AF414410.1,True,False,False,True
AF414411.1,True,False,False,True
AF414412.1,True,False,False,True
AF414413.1,True,False,False,True
AF414414.1,True,False,False,True
AF414415.1,True,False,False,True
AF414416.1,True,False,False,True
AF414417.1,True,False,False,True
AF414418.1,True,False,False,True
AF414419.1,True,False,False,True
AF414420.1,True,False,False,True
AF414421.1,True,False,False,True
AF414422.1,True,False,False,True
AF414423.1,True,False,False,True
AF414424.1,True,False,False,True
AF414425.1,True,False,False,True
AF539439.1,True,False,False,False
AF539440.1,True,False,False,False
AJ583672.2,True,False,False,True
AY038599.2,True,False,False,True
AY038600.3,True,False,False,True
AY587990.1,True,False,False,True
AY587991.1,True,False,False,True
AY587992.1,True,False,False,True
AY587993.1,True,False,False,True
AY587994.1,True,False,False,True
AY587995.1,True,False,False,True
AY587996.1,True,False,False,True
AY587997.1,True,False,False,True
AY587998.1,True,False,False,True
AY587999.1,True,False,False,True
AY588000.1,True,False,False,True
AY588001.1,True,False,False,True
AY588002.1,True,False,False,True
AY588003.1,True,False,False,True
AY588004.1,True,False,False,True
AY588005.1,True,False,False,True
AY588006.1,True,False,False,True
AY588007.1,True,False,False,True
AY588008.1,True,False,False,True
AY588009.1,True,False,False,True
AY588010.1,True,False,False,True
AY588011.1,True,False,False,True
AY588012.1,True,False,False,True
AY588013.1,True,False,False,True
AY588014.1,True,False,False,True
AY588015.1,True,False,False,True
AY588016.1,True,False,False,True
AY588017.1,True,False,False,True
AY588018.1,True,False,False,True
AY588019.1,True,False,False,True
AY588020.1,True,False,False,True
AY588021.1,True,False,False,True
AY588022.1,True,False,False,True
AY588023.1,True,False,False,True
AY588024.1,True,False,False,True
AY588025.1,True,False,False,True
AY588026.1,True,False,False,True
AY588027.1,True,False,False,True
AY588028.1,True,False,False,True
AY588029.1,True,False,False,True
AY588030.1,True,False,False,True
AY652979.1,True,False,False,False
AY823303.1,True,False,False,False
AY823304.1,True,False,False,False
AY823306.1,True,False,False,False
AY823307.1,True,False,False,False
DQ364459.1,False,False,False,True
DQ379713.1,True,False,False,True
DQ379714.1,True,False,False,True
DQ379715.1,True,False,False,True
EF202567.1,True,False,False,True
EF202568.1,True,False,False,False
EF450827.1,True,False,False,True
EF670649.2,True,False,False,True
EF670650.2,True,False,False,True
EU424333.1,True,False,False,False
EU448333.1,True,False,False,True
HF952129.1,True,False,False,False
HM346627.1,True,False,False,False
KP244313.1,True,False,False,False
KP244314.1,True,False,False,False
KP244315.1,True,False,False,False
KP244316.1,True,False,False,False
KP244317.1,True,False,False,False
KP244318.1,True,False,False,False
KP244319.1,True,False,False,False
KP244320.1,True,False,False,False
KP244321.1,True,False,False,False
KP244322.1,True,False,False,False
KX592170.1,True,False,False,False
KX592171.1,True,False,False,False
KX592172.1,True,False,False,False
LC037415.1,True,False,False,False
LC043167.1,True,False,False,False
LC043168.1,True,False,False,False
LC209431.1,True,False,False,False
LC209432.1,True,False,False,False
LC209433.1,True,False,False,False
LC209434.1,True,False,False,False
LC209435.1,True,False,False,False
LC209436.1,True,False,False,False
LC209437.1,True,False,False,False
LC209438.1,True,False,False,False
LC209440.1,True,False,False,False
LC209441.1,True,False,False,False
LC209444.1,True,False,False,False
LC209446.1,True,False,False,False
LC209447.1,True,False,False,False
LC209448.1,True,False,False,False
LC209450.1,True,False,False,False
LC209451.1,True,False,False,False
LC209452.1,True,False,False,False
LC209453.1,True,False,False,False
LC209454.1,True,False,False,False
LC209455.1,True,False,False,False
LC209456.1,True,False,False,False
LC209457.1,True,False,False,False
LC209458.1,True,False,False,False
LC209459.1,True,False,False,False
LC209460.1,True,False,False,False
LC209461.1,True,False,False,False
LC209462.1,True,False,False,False
LC209464.1,True,False,False,False
LC209465.1,True,False,False,False
LC209466.1,True,False,False,False
LC209468.1,True,False,False,False
LC209469.1,True,False,False,False
LC209470.1,True,False,False,False
LC209471.1,True,False,False,False
LC209472.1,True,False,False,False
LC209473.1,True,False,False,False
LC209474.1,True,False,False,False
LC209475.1,True,False,False,False
LC209476.1,True,False,False,False
LC209477.1,True,False,False,False
LC209478.1,True,False,False,False
LC209479.1,True,False,False,False
LC509011.1,True,False,False,False
LC644992.1,True,False,False,False
LC644993.1,True,False,False,False
LC646332.1,True,False,False,False
LC646333.1,True,False,False,False
LC699526.1,True,False,False,False
LC699527.1,True,False,False,False
LC699528.1,True,False,False,False
LC699529.1,True,False,False,False
LC699530.1,True,False,False,False
LC699531.1,True,False,False,False
LC699532.1,True,False,False,False
LC699533.1,True,False,False,False
LC699534.1,True,False,False,False
LC699535.1,True,False,False,False
LC699536.1,True,False,False,False
LC699537.1,True,False,False,False
LC699538.1,True,False,False,False
LC699539.1,True,False,False,False
LC699540.1,True,False,False,False
LC699541.1,True,False,False,False
LC790052.1,True,False,False,False
LC790053.1,True,False,False,False
LC790054.1,True,False,False,False
LC790056.1,True,False,False,False
LC790057.1,True,False,False,False
LC790058.1,True,False,False,False
LC790059.1,True,False,False,False
LC790060.1,True,False,False,False
LC790061.1,True,False,False,False
LC790062.1,True,False,False,False
LC790063.1,True,False,False,False
LC790064.1,True,False,False,False
LC790065.1,True,False,False,False
LC790066.1,True,False,False,False
LC790067.1,True,False,False,False
LC790068.1,True,False,False,False
LC790069.1,True,False,False,False
LC790070.1,True,False,False,False
LC877021.1,True,False,False,False
LC877022.1,True,False,False,False
LC877023.1,True,False,False,False
LC877024.1,True,False,False,False
LC877025.1,True,False,False,False
LC877026.1,True,False,False,False
LC877027.1,True,False,False,False
LC877028.1,True,False,False,False
LC877029.1,True,False,False,False
LC877030.1,True,False,False,False
LC877031.1,True,False,False,False
LC877032.1,True,False,False,False
LC877034.1,True,False,False,False
MG572715.1,True,False,False,True
MG572716.1,True,False,False,True
MG601448.1,False,False,False,True
MG601449.1,False,False,False,True
MG601450.1,False,False,False,True
MG601451.1,False,False,False,True
MG601452.1,False,False,False,True
MG601453.1,False,False,False,True
OM480530.1,True,False,False,False
PV087407.1,True,False,False,False
PV087408.1,True,False,False,False
PZ043826.1,True,False,False,False
U02030.1,True,False,False,True
U46500.1,True,False,False,True
X81879.1,True,False,False,True
