Genome	Primer	Amplification	Pairing and Strand direction ((+)/(-))	Strand direction	Strand check	Mismatch	Distance	Location
OX387704.1	forward_primer_var4	lin	forward_primer_var4 (-)	-	pass	M3	D	51342520:51342542:-
OX387704.1	forward_primer_var4	lin	forward_primer_var4 (-)	-	pass	M3	D	51342586:51342608:-
OX387704.1	forward_primer_var4	lin	forward_primer_var4 (-)	-	pass	M3	D	51342778:51342800:-
OX387704.1	forward_primer_var4	lin	forward_primer_var4 (-)	-	pass	M3	D	51342844:51342866:-
OX387704.1	forward_primer_var4	lin	forward_primer_var4 (-)	-	pass	M3	D	51343162:51343184:-
OX387704.1	forward_primer_var8	lin	forward_primer_var8 (-)	-	pass	M3	D	51342520:51342542:-
OX387704.1	forward_primer_var8	lin	forward_primer_var8 (-)	-	pass	M3	D	51342586:51342608:-
OX387704.1	forward_primer_var8	lin	forward_primer_var8 (-)	-	pass	M3	D	51342778:51342800:-
OX387704.1	forward_primer_var8	lin	forward_primer_var8 (-)	-	pass	M3	D	51342844:51342866:-
OX387704.1	forward_primer_var8	lin	forward_primer_var8 (-)	-	pass	M3	D	51343162:51343184:-
OX387704.1	reverse_primer_var1,reverse_primer_var5	lin	reverse_primer_var1 (+)	+	pass	M3*	D	3028546:3028563:+
OX387704.1	reverse_primer_var1,reverse_primer_var5	lin	reverse_primer_var1 (+)	+	pass	M3*	D	4572930:4572945:+
OX387704.1	reverse_primer_var1,reverse_primer_var5	lin	reverse_primer_var1 (+)	+	pass	M3	D	6906889:6906907:+
OX387704.1	reverse_primer_var1,reverse_primer_var5	lin	reverse_primer_var1 (+)	+	pass	M3*	D	45359496:45359513:+
OX387704.1	reverse_primer_var1,reverse_primer_var5	lin	reverse_primer_var1 (+)	+	pass	M3*	D	54773706:54773721:+
OX387704.1	reverse_primer_var1,reverse_primer_var5	lin	reverse_primer_var1 (-)	-	pass	M3	D	64161586:64161604:-
OX387704.1	reverse_primer_var1,reverse_primer_var5	lin	reverse_primer_var1 (-)	-	pass	M3	D	66753720:66753738:-
OX387704.1	reverse_primer_var3	lin	reverse_primer_var3 (+)	+	pass	M3	D	95039946:95039964:+
OX387704.1	reverse_primer_var4,reverse_primer_var4	lin	reverse_primer_var4 (+)	+	pass	M3	D	16267683:16267701:+
OX387704.1	reverse_primer_var4,reverse_primer_var4	lin	reverse_primer_var4 (+)	+	pass	M3*	D	43368837:43368854:+
OX387704.1	reverse_primer_var4,reverse_primer_var4	lin	reverse_primer_var4 (+)	+	pass	M3*	D	66421973:66421990:+
OX387704.1	reverse_primer_var1,reverse_primer_var5	lin	reverse_primer_var5 (-)	-	pass	M3*	D	24238740:24238757:-
OX387704.1	reverse_primer_var1,reverse_primer_var5	lin	reverse_primer_var5 (-)	-	pass	M3	D	33575019:33575037:-
OX387704.1	reverse_primer_var1,reverse_primer_var5	lin	reverse_primer_var5 (-)	-	pass	M3*	D	58290276:58290293:-
OX387704.1	reverse_primer_var1,reverse_primer_var5	lin	reverse_primer_var5 (-)	-	pass	M3	D	68171518:68171536:-
OX387704.1	reverse_primer_var1,reverse_primer_var5	lin	reverse_primer_var5 (-)	-	pass	M3*	D	69750466:69750483:-
OX387704.1	reverse_primer_var1,reverse_primer_var5	lin	reverse_primer_var5 (+)	+	pass	M3	D	93077555:93077572:+
OX387704.1	reverse_primer_var1,reverse_primer_var5	lin	reverse_primer_var5 (+)	+	pass	M3	D	98922230:98922247:+
OX387704.1	reverse_primer_var1,reverse_primer_var5	lin	reverse_primer_var5 (-)	-	pass	M3	D	109441083:109441100:-
OX387704.1	reverse_primer_var1,reverse_primer_var7	lin	reverse_primer_var7 (-)	-	pass	M3	D	3198780:3198798:-
OX387704.1	reverse_primer_var1,reverse_primer_var7	lin	reverse_primer_var7 (-)	-	pass	M3	D	33123209:33123227:-
OX387704.1	reverse_primer_var1,reverse_primer_var7	lin	reverse_primer_var7 (+)	+	pass	M3	D	52802204:52802222:+
OX387704.1	reverse_primer_var1,reverse_primer_var7	lin	reverse_primer_var7 (+)	+	pass	M3	D	65767564:65767582:+
OX387705.1	reverse_primer_var1,reverse_primer_var5	lin	reverse_primer_var1 (-)	-	pass	M3	D	3406127:3406144:-
OX387705.1	reverse_primer_var1,reverse_primer_var5	lin	reverse_primer_var1 (-)	-	pass	M3	D	3437421:3437438:-
OX387705.1	reverse_primer_var1,reverse_primer_var5	lin	reverse_primer_var1 (-)	-	pass	M3	D	3459970:3459987:-
OX387705.1	reverse_primer_var1,reverse_primer_var5	lin	reverse_primer_var1 (+)	+	pass	M3*	D	26230702:26230719:+
OX387705.1	reverse_primer_var1,reverse_primer_var5	lin	reverse_primer_var1 (+)	+	pass	M3	D	67672601:67672619:+
OX387705.1	reverse_primer_var1,reverse_primer_var5	lin	reverse_primer_var1 (-)	-	pass	M3	D	85347160:85347178:-
OX387705.1	reverse_primer_var1,reverse_primer_var5	lin	reverse_primer_var1 (+)	+	pass	M3	D	89611115:89611132:+
OX387705.1	reverse_primer_var1,reverse_primer_var5	lin	reverse_primer_var1 (-)	-	pass	M3	D	106733766:106733784:-
OX387705.1	reverse_primer_var1,reverse_primer_var5	lin	reverse_primer_var1 (+),reverse_primer_var5 (+)	++	FAIL	M2,3	D0	1031296:1031313:+,1031297:1031313:+
OX387705.1	reverse_primer_var2	lin	reverse_primer_var2 (-)	-	pass	M3	D	38962791:38962809:-
OX387705.1	reverse_primer_var2	lin	reverse_primer_var2 (-)	-	pass	M3	D	83633136:83633154:-
OX387705.1	reverse_primer_var3	lin	reverse_primer_var3 (+)	+	pass	M3	D	58055298:58055316:+
OX387705.1	reverse_primer_var3	lin	reverse_primer_var3 (-)	-	pass	M3	D	66784859:66784877:-
OX387705.1	reverse_primer_var3	lin	reverse_primer_var3 (-)	-	pass	M3	D	107244657:107244675:-
OX387705.1	reverse_primer_var4,reverse_primer_var4	lin	reverse_primer_var4 (-)	-	pass	M3	D	17711492:17711510:-
OX387705.1	reverse_primer_var4,reverse_primer_var4	lin	reverse_primer_var4 (+)	+	pass	M3	D	20439745:20439763:+
OX387705.1	reverse_primer_var4,reverse_primer_var4	lin	reverse_primer_var4 (-)	-	pass	M3	D	30549299:30549317:-
OX387705.1	reverse_primer_var4,reverse_primer_var4	lin	reverse_primer_var4 (-)	-	pass	M3	D	30554313:30554331:-
OX387705.1	reverse_primer_var4,reverse_primer_var4	lin	reverse_primer_var4 (-)	-	pass	M3	D	30559325:30559343:-
OX387705.1	reverse_primer_var4,reverse_primer_var4	lin	reverse_primer_var4 (-)	-	pass	M3	D	30564336:30564354:-
OX387705.1	reverse_primer_var4,reverse_primer_var4	lin	reverse_primer_var4 (-)	-	pass	M3	D	30569339:30569357:-
OX387705.1	reverse_primer_var4,reverse_primer_var4	lin	reverse_primer_var4 (-)	-	pass	M3	D	30574336:30574354:-
OX387705.1	reverse_primer_var4,reverse_primer_var4	lin	reverse_primer_var4 (+)	+	pass	M3	D	40474799:40474817:+
OX387705.1	reverse_primer_var4,reverse_primer_var4	lin	reverse_primer_var4 (+)	+	pass	M3	D	45386586:45386604:+
OX387705.1	reverse_primer_var4,reverse_primer_var4	lin	reverse_primer_var4 (+)	+	pass	M3*	D	101996145:101996161:+
OX387705.1	reverse_primer_var4,reverse_primer_var4	lin	reverse_primer_var4 (+),reverse_primer_var4 (+)	++	FAIL	M3,3	D5015	20434711:20434729:+,20439745:20439763:+
OX387705.1	reverse_primer_var1,reverse_primer_var5	lin	reverse_primer_var5 (+)	+	pass	M3	D	1031297:1031313:+
OX387705.1	reverse_primer_var1,reverse_primer_var5	lin	reverse_primer_var5 (-)	-	pass	M3*	D	42812269:42812286:-
OX387705.1	reverse_primer_var1,reverse_primer_var5	lin	reverse_primer_var5 (-)	-	pass	M3	D	58321894:58321911:-
OX387705.1	reverse_primer_var1,reverse_primer_var5	lin	reverse_primer_var5 (-)	-	pass	M3	D	60251325:60251342:-
OX387705.1	reverse_primer_var1,reverse_primer_var5	lin	reverse_primer_var5 (+)	+	pass	M3	D	70439337:70439354:+
OX387705.1	reverse_primer_var1,reverse_primer_var5	lin	reverse_primer_var5 (-)	-	pass	M3	D	72757462:72757480:-
OX387705.1	reverse_primer_var6	lin	reverse_primer_var6 (+)	+	pass	M3	D	10034488:10034506:+
OX387705.1	reverse_primer_var1,reverse_primer_var7	lin	reverse_primer_var7 (+)	+	pass	M3	D	71009982:71010000:+
OX387705.1	reverse_primer_var1,reverse_primer_var7	lin	reverse_primer_var7 (-)	-	pass	M3	D	72282406:72282424:-
OX387705.1	reverse_primer_var1,reverse_primer_var7	lin	reverse_primer_var7 (-)	-	pass	M3	D	82195988:82196006:-
OX387705.1	reverse_primer_var1,reverse_primer_var7	lin	reverse_primer_var7 (-)	-	pass	M3	D	107244657:107244675:-
OX387705.1	reverse_primer_var8	lin	reverse_primer_var8 (+)	+	pass	M3	D	24927175:24927192:+
OX387705.1	reverse_primer_var8	lin	reverse_primer_var8 (-)	-	pass	M3	D	104019380:104019398:-
OX387706.1	reverse_primer_var1,reverse_primer_var5	lin	reverse_primer_var1 (+)	+	pass	M3	D	18702249:18702267:+
OX387706.1	reverse_primer_var1,reverse_primer_var5	lin	reverse_primer_var1 (+)	+	pass	M3	D	20403384:20403402:+
OX387706.1	reverse_primer_var1,reverse_primer_var5	lin	reverse_primer_var1 (-)	-	pass	M3	D	21133003:21133021:-
OX387706.1	reverse_primer_var1,reverse_primer_var5	lin	reverse_primer_var1 (-)	-	pass	M3*	D	37623996:37624012:-
OX387706.1	reverse_primer_var1,reverse_primer_var5	lin	reverse_primer_var1 (+)	+	pass	M3	D	71742123:71742141:+
OX387706.1	reverse_primer_var2	lin	reverse_primer_var2 (-)	-	pass	M3	D	21133003:21133021:-
OX387706.1	reverse_primer_var2	lin	reverse_primer_var2 (-)	-	pass	M3	D	60728843:60728861:-
OX387706.1	reverse_primer_var2	lin	reverse_primer_var2 (-)	-	pass	M3	D	60728875:60728893:-
OX387706.1	reverse_primer_var2	lin	reverse_primer_var2 (-)	-	pass	M3	D	60728907:60728925:-
OX387706.1	reverse_primer_var2	lin	reverse_primer_var2 (+)	+	pass	M3	D	80839962:80839980:+
OX387706.1	reverse_primer_var3	lin	reverse_primer_var3 (-)	-	pass	M3	D	555553:555571:-
OX387706.1	reverse_primer_var3	lin	reverse_primer_var3 (-)	-	pass	M3	D	50846712:50846730:-
OX387706.1	reverse_primer_var4,reverse_primer_var4	lin	reverse_primer_var4 (+)	+	pass	M3	D	6405832:6405850:+
OX387706.1	reverse_primer_var4,reverse_primer_var4	lin	reverse_primer_var4 (+)	+	pass	M3	D	20229117:20229135:+
OX387706.1	reverse_primer_var1,reverse_primer_var5	lin	reverse_primer_var5 (+)	+	pass	M3	D	37000276:37000294:+
OX387706.1	reverse_primer_var1,reverse_primer_var5	lin	reverse_primer_var5 (-)	-	pass	M3*	D	59573173:59573190:-
OX387706.1	reverse_primer_var1,reverse_primer_var5	lin	reverse_primer_var5 (-)	-	pass	M3*	D	59787838:59787855:-
OX387706.1	reverse_primer_var1,reverse_primer_var5	lin	reverse_primer_var5 (-)	-	pass	M3*	D	59789517:59789534:-
OX387706.1	reverse_primer_var1,reverse_primer_var5	lin	reverse_primer_var5 (-)	-	pass	M3	D	75698850:75698868:-
OX387706.1	reverse_primer_var1,reverse_primer_var5	lin	reverse_primer_var5 (-)	-	pass	M3	D	75825172:75825190:-
OX387706.1	reverse_primer_var1,reverse_primer_var5	lin	reverse_primer_var5 (-)	-	pass	M3	D	76038891:76038909:-
OX387706.1	reverse_primer_var1,reverse_primer_var5	lin	reverse_primer_var5 (-)	-	pass	M3	D	76143814:76143832:-
OX387706.1	reverse_primer_var1,reverse_primer_var5	lin	reverse_primer_var5 (-)	-	pass	M3	D	88484122:88484140:-
OX387706.1	reverse_primer_var6	lin	reverse_primer_var6 (-)	-	pass	M3	D	84216555:84216573:-
OX387706.1	reverse_primer_var1,reverse_primer_var7	lin	reverse_primer_var7 (+)	+	pass	M3	D	33867745:33867763:+
OX387706.1	reverse_primer_var1,reverse_primer_var7	lin	reverse_primer_var7 (+)	+	pass	M3	D	82464010:82464028:+
OX387706.1	reverse_primer_var8	lin	reverse_primer_var8 (-)	-	pass	M3	D	85201568:85201585:-
OX387707.1	reverse_primer_var1,reverse_primer_var5	lin	reverse_primer_var1 (-)	-	pass	M3	D	19277554:19277571:-
OX387707.1	reverse_primer_var1,reverse_primer_var5	lin	reverse_primer_var1 (-)	-	pass	M3*	D	26160674:26160689:-
OX387707.1	reverse_primer_var1,reverse_primer_var5	lin	reverse_primer_var1 (-)	-	pass	M3*	D	26168268:26168283:-
OX387707.1	reverse_primer_var1,reverse_primer_var5	lin	reverse_primer_var1 (-)	-	pass	M3	D	31722750:31722768:-
OX387707.1	reverse_primer_var1,reverse_primer_var5	lin	reverse_primer_var1 (-)	-	pass	M3*	D	47403532:47403549:-
OX387707.1	reverse_primer_var2	lin	reverse_primer_var2 (-)	-	pass	M2	D	19277554:19277571:-
OX387707.1	reverse_primer_var3	lin	reverse_primer_var3 (+)	+	pass	M3	D	15746490:15746507:+
OX387707.1	reverse_primer_var4,reverse_primer_var4	lin	reverse_primer_var4 (-)	-	pass	M3	D	18579332:18579350:-
OX387707.1	reverse_primer_var4,reverse_primer_var4	lin	reverse_primer_var4 (-)	-	pass	M3	D	19277554:19277571:-
OX387707.1	reverse_primer_var1,reverse_primer_var5	lin	reverse_primer_var5 (+)	+	pass	M3	D	14637510:14637528:+
OX387707.1	reverse_primer_var1,reverse_primer_var5	lin	reverse_primer_var5 (+)	+	pass	M3	D	27184714:27184731:+
OX387707.1	reverse_primer_var1,reverse_primer_var5	lin	reverse_primer_var5 (-)	-	pass	M3	D	31722750:31722768:-
OX387707.1	reverse_primer_var1,reverse_primer_var5	lin	reverse_primer_var5 (-)	-	pass	M3	D	57301150:57301168:-
OX387707.1	reverse_primer_var1,reverse_primer_var5	lin	reverse_primer_var5 (-)	-	pass	M3	D	58731763:58731780:-
OX387707.1	reverse_primer_var6	lin	reverse_primer_var6 (-)	-	pass	M3	D	19277554:19277570:-
OX387707.1	reverse_primer_var1,reverse_primer_var7	lin	reverse_primer_var7 (-)	-	pass	M3*	D	76616055:76616072:-
OX387707.1	reverse_primer_var8	lin	reverse_primer_var8 (+)	+	pass	M3	D	17687376:17687394:+
OX387707.1	reverse_primer_var8	lin	reverse_primer_var8 (+)	+	pass	M3	D	53551194:53551212:+
OX387707.1	reverse_primer_var8	lin	reverse_primer_var8 (-)	-	pass	M3	D	74448006:74448024:-
OX387708.1	reverse_primer_var1,reverse_primer_var5	lin	reverse_primer_var1 (-)	-	pass	M3*	D	13008607:13008623:-
OX387708.1	reverse_primer_var1,reverse_primer_var5	lin	reverse_primer_var1 (+)	+	pass	M3	D	23344731:23344748:+
OX387708.1	reverse_primer_var1,reverse_primer_var5	lin	reverse_primer_var1 (+)	+	pass	M3*	D	56942036:56942053:+
OX387708.1	reverse_primer_var1,reverse_primer_var5	lin	reverse_primer_var1 (+)	+	pass	M3*	D	57017490:57017507:+
OX387708.1	reverse_primer_var1,reverse_primer_var5	lin	reverse_primer_var1 (+)	+	pass	M3*	D	57092938:57092955:+
OX387708.1	reverse_primer_var1,reverse_primer_var5	lin	reverse_primer_var1 (+)	+	pass	M3*	D	57152505:57152522:+
OX387708.1	reverse_primer_var1,reverse_primer_var5	lin	reverse_primer_var1 (+)	+	pass	M3	D	68495743:68495761:+
OX387708.1	reverse_primer_var1,reverse_primer_var5	lin	reverse_primer_var1 (-)	-	pass	M3	D	85384635:85384653:-
OX387708.1	reverse_primer_var2	lin	reverse_primer_var2 (+)	+	pass	M3*	D	67738365:67738382:+
OX387708.1	reverse_primer_var3	lin	reverse_primer_var3 (+)	+	pass	M3	D	22498527:22498544:+
OX387708.1	reverse_primer_var1,reverse_primer_var5	lin	reverse_primer_var5 (-)	-	pass	M3	D	64618061:64618078:-
OX387708.1	reverse_primer_var6	lin	reverse_primer_var6 (-)	-	pass	M3	D	10537551:10537569:-
OX387708.1	reverse_primer_var6	lin	reverse_primer_var6 (+)	+	pass	M3	D	12382461:12382479:+
OX387708.1	reverse_primer_var6	lin	reverse_primer_var6 (-)	-	pass	M3	D	64618061:64618078:-
OX387708.1	reverse_primer_var6	lin	reverse_primer_var6 (-)	-	pass	M3*	D	74752748:74752763:-
OX387708.1	reverse_primer_var1,reverse_primer_var7	lin	reverse_primer_var7 (+)	+	pass	M3	D	48826018:48826036:+
OX387708.1	reverse_primer_var1,reverse_primer_var7	lin	reverse_primer_var7 (-)	-	pass	M3	D	50071623:50071641:-
OX387708.1	reverse_primer_var1,reverse_primer_var7	lin	reverse_primer_var7 (+)	+	pass	M3	D	66268732:66268750:+
OX387708.1	reverse_primer_var1,reverse_primer_var7	lin	reverse_primer_var7 (-)	-	pass	M3	D	75374648:75374666:-
OX387708.1	reverse_primer_var1,reverse_primer_var7	lin	reverse_primer_var7 (-)	-	pass	M3	D	93197139:93197157:-
OX387708.1	reverse_primer_var8	lin	reverse_primer_var8 (-)	-	pass	M3	D	50071623:50071641:-
OX387709.1	forward_primer_var3	lin	forward_primer_var3 (-)	-	pass	M3	D	22595527:22595549:-
OX387709.1	reverse_primer_var1,reverse_primer_var5	lin	reverse_primer_var1 (-)	-	pass	M2	D	28257758:28257776:-
OX387709.1	reverse_primer_var1,reverse_primer_var5	lin	reverse_primer_var1 (-)	-	pass	M3*	D	54480380:54480397:-
OX387709.1	reverse_primer_var1,reverse_primer_var5	lin	reverse_primer_var1 (+)	+	pass	M3*	D	68768453:68768468:+
OX387709.1	reverse_primer_var1,reverse_primer_var5	lin	reverse_primer_var1 (-)	-	pass	M3	D	83840824:83840842:-
OX387709.1	reverse_primer_var1,reverse_primer_var5	lin	reverse_primer_var1 (+)	+	pass	M3	D	84117918:84117935:+
OX387709.1	reverse_primer_var2	lin	reverse_primer_var2 (-)	-	pass	M3	D	28257758:28257776:-
OX387709.1	reverse_primer_var3	lin	reverse_primer_var3 (-)	-	pass	M3	D	1849292:1849310:-
OX387709.1	reverse_primer_var3	lin	reverse_primer_var3 (+)	+	pass	M3	D	1858522:1858540:+
OX387709.1	reverse_primer_var3	lin	reverse_primer_var3 (-)	-	pass	M3	D	6458603:6458621:-
OX387709.1	reverse_primer_var3	lin	reverse_primer_var3 (-)	-	pass	M3	D	22605598:22605615:-
OX387709.1	reverse_primer_var3	lin	reverse_primer_var3 (-)	-	pass	M3	D	74219169:74219186:-
OX387709.1	reverse_primer_var4,reverse_primer_var4	lin	reverse_primer_var4 (-)	-	pass	M3	D	22605598:22605615:-
OX387709.1	reverse_primer_var1,reverse_primer_var5	lin	reverse_primer_var5 (-)	-	pass	M3	D	6458603:6458621:-
OX387709.1	reverse_primer_var1,reverse_primer_var5	lin	reverse_primer_var5 (-)	-	pass	M3	D	28257758:28257776:-
OX387709.1	reverse_primer_var1,reverse_primer_var5	lin	reverse_primer_var5 (-)	-	pass	M3	D	57808444:57808462:-
OX387709.1	reverse_primer_var1,reverse_primer_var5	lin	reverse_primer_var5 (-)	-	pass	M3	D	71893967:71893985:-
OX387709.1	reverse_primer_var1,reverse_primer_var5	lin	reverse_primer_var5 (+)	+	pass	M3	D	72814272:72814290:+
OX387709.1	reverse_primer_var1,reverse_primer_var5	lin	reverse_primer_var5 (+)	+	pass	M3	D	74693652:74693670:+
OX387709.1	reverse_primer_var1,reverse_primer_var5	lin	reverse_primer_var5 (-)	-	pass	M3	D	83840824:83840842:-
OX387709.1	reverse_primer_var6	lin	reverse_primer_var6 (-)	-	pass	M3	D	82090205:82090223:-
OX387709.1	reverse_primer_var1,reverse_primer_var7	lin	reverse_primer_var7 (-)	-	pass	M2	D	6458603:6458621:-
OX387709.1	reverse_primer_var1,reverse_primer_var7	lin	reverse_primer_var7 (-)	-	pass	M3	D	6299543:6299561:-
OX387709.1	reverse_primer_var1,reverse_primer_var7	lin	reverse_primer_var7 (-)	-	pass	M3*	D	9728634:9728651:-
OX387709.1	reverse_primer_var1,reverse_primer_var7	lin	reverse_primer_var7 (-)	-	pass	M3*	D	35524934:35524950:-
OX387709.1	reverse_primer_var1,reverse_primer_var7	lin	reverse_primer_var7 (-)	-	pass	M3	D	46943837:46943854:-
OX387709.1	reverse_primer_var1,reverse_primer_var7	lin	reverse_primer_var7 (+)	+	pass	M3	D	75043953:75043971:+
OX387709.1	reverse_primer_var1,reverse_primer_var7	lin	reverse_primer_var7 (-)	-	pass	M3	D	85769905:85769922:-
OX387709.1	reverse_primer_var8	lin	reverse_primer_var8 (-)	-	pass	M3	D	6458603:6458621:-
OX387709.1	reverse_primer_var8	lin	reverse_primer_var8 (-)	-	pass	M3	D	58488010:58488027:-
OX387709.1	reverse_primer_var8	lin	reverse_primer_var8 (-)	-	pass	M3	D	85769905:85769922:-
OX387710.1	forward_primer_var3	lin	forward_primer_var3 (-)	-	pass	M3	D	21978185:21978207:-
OX387710.1	reverse_primer_var1,reverse_primer_var5	lin	reverse_primer_var1 (+)	+	pass	M3	D	26715434:26715452:+
OX387710.1	reverse_primer_var1,reverse_primer_var5	lin	reverse_primer_var1 (-)	-	pass	M3*	D	85370859:85370876:-
OX387710.1	reverse_primer_var2	lin	reverse_primer_var2 (+)	+	pass	M3	D	58169625:58169643:+
OX387710.1	reverse_primer_var3	lin	reverse_primer_var3 (-)	-	pass	M3	D	7184461:7184479:-
OX387710.1	reverse_primer_var3	lin	reverse_primer_var3 (+)	+	pass	M3	D	27673118:27673135:+
OX387710.1	reverse_primer_var3	lin	reverse_primer_var3 (-)	-	pass	M3	D	53183773:53183791:-
OX387710.1	reverse_primer_var3	lin	reverse_primer_var3 (+)	+	pass	M3	D	81193036:81193054:+
OX387710.1	reverse_primer_var4,reverse_primer_var4	lin	reverse_primer_var4 (-)	-	pass	M3	D	19646650:19646668:-
OX387710.1	reverse_primer_var1,reverse_primer_var5	lin	reverse_primer_var5 (+)	+	pass	M3	D	60999925:60999942:+
OX387710.1	reverse_primer_var1,reverse_primer_var7	lin	reverse_primer_var7 (-)	-	pass	M3	D	13076325:13076343:-
OX387710.1	reverse_primer_var1,reverse_primer_var7	lin	reverse_primer_var7 (-)	-	pass	M3	D	19324925:19324943:-
OX387710.1	reverse_primer_var1,reverse_primer_var7	lin	reverse_primer_var7 (+)	+	pass	M3	D	20080203:20080221:+
OX387710.1	reverse_primer_var1,reverse_primer_var7	lin	reverse_primer_var7 (+)	+	pass	M3	D	66084546:66084564:+
OX387710.1	reverse_primer_var1,reverse_primer_var7	lin	reverse_primer_var7 (-)	-	pass	M3*	D	80227253:80227268:-
OX387711.1	reverse_primer_var1,reverse_primer_var5	lin	reverse_primer_var1 (-)	-	pass	M3*	D	17708694:17708709:-
OX387711.1	reverse_primer_var1,reverse_primer_var5	lin	reverse_primer_var1 (-)	-	pass	M3	D	40796928:40796946:-
OX387711.1	reverse_primer_var1,reverse_primer_var5	lin	reverse_primer_var1 (-)	-	pass	M3	D	40883393:40883411:-
OX387711.1	reverse_primer_var1,reverse_primer_var5	lin	reverse_primer_var1 (+)	+	pass	M3	D	42569807:42569825:+
OX387711.1	reverse_primer_var1,reverse_primer_var5	lin	reverse_primer_var1 (-)	-	pass	M3	D	60335182:60335200:-
OX387711.1	reverse_primer_var1,reverse_primer_var5	lin	reverse_primer_var5 (-)	-	pass	M3	D	18851290:18851308:-
OX387711.1	reverse_primer_var1,reverse_primer_var5	lin	reverse_primer_var5 (-)	-	pass	M3	D	51651102:51651120:-
OX387711.1	reverse_primer_var1,reverse_primer_var5	lin	reverse_primer_var5 (-)	-	pass	M3	D	51661200:51661218:-
OX387711.1	reverse_primer_var6	lin	reverse_primer_var6 (-)	-	pass	M3	D	15094022:15094040:-
OX387711.1	reverse_primer_var1,reverse_primer_var7	lin	reverse_primer_var7 (+)	+	pass	M3*	D	4773266:4773282:+
OX387711.1	reverse_primer_var1,reverse_primer_var7	lin	reverse_primer_var7 (+)	+	pass	M3*	D	6823776:6823793:+
OX387711.1	reverse_primer_var1,reverse_primer_var7	lin	reverse_primer_var7 (+)	+	pass	M3*	D	63587267:63587284:+
OX387711.1	reverse_primer_var8	lin	reverse_primer_var8 (+)	+	pass	M3	D	36486947:36486965:+
OX387711.1	reverse_primer_var8	lin	reverse_primer_var8 (+)	+	pass	M3*	D	61216411:61216428:+
OX387712.1	forward_primer_var1	lin	forward_primer_var1 (+)	+	pass	M3*	D	40332548:40332569:+
OX387712.1	reverse_primer_var1,reverse_primer_var5	lin	reverse_primer_var1 (-)	-	pass	M3	D	31445132:31445150:-
OX387712.1	reverse_primer_var1,reverse_primer_var5	lin	reverse_primer_var1 (+)	+	pass	M3	D	50877347:50877365:+
OX387712.1	reverse_primer_var2	lin	reverse_primer_var2 (-)	-	pass	M3	D	35238417:35238435:-
OX387712.1	reverse_primer_var3	lin	reverse_primer_var3 (+)	+	pass	M3	D	6990137:6990155:+
OX387712.1	reverse_primer_var3	lin	reverse_primer_var3 (-)	-	pass	M3	D	16551427:16551445:-
OX387712.1	reverse_primer_var3	lin	reverse_primer_var3 (+)	+	pass	M3	D	71234404:71234422:+
OX387712.1	reverse_primer_var4,reverse_primer_var4	lin	reverse_primer_var4 (+)	+	pass	M3	D	39580384:39580402:+
OX387712.1	reverse_primer_var4,reverse_primer_var4	lin	reverse_primer_var4 (+)	+	pass	M3	D	53731483:53731500:+
OX387712.1	reverse_primer_var1,reverse_primer_var5	lin	reverse_primer_var5 (+)	+	pass	M3	D	17594894:17594912:+
OX387712.1	reverse_primer_var1,reverse_primer_var5	lin	reverse_primer_var5 (-)	-	pass	M3	D	32964987:32965005:-
OX387712.1	reverse_primer_var1,reverse_primer_var5	lin	reverse_primer_var5 (+)	+	pass	M3*	D	45978591:45978608:+
OX387712.1	reverse_primer_var1,reverse_primer_var5	lin	reverse_primer_var5 (+)	+	pass	M3*	D	54943792:54943809:+
OX387712.1	reverse_primer_var6	lin	reverse_primer_var6 (-)	-	pass	M3	D	32964987:32965005:-
OX387712.1	reverse_primer_var1,reverse_primer_var7	lin	reverse_primer_var7 (+)	+	pass	M3	D	33251084:33251102:+
OX387712.1	reverse_primer_var1,reverse_primer_var7	lin	reverse_primer_var7 (+)	+	pass	M3	D	46033297:46033315:+
OX387712.1	reverse_primer_var1,reverse_primer_var7	lin	reverse_primer_var7 (+)	+	pass	M3	D	50484509:50484527:+
OX387712.1	reverse_primer_var8	lin	reverse_primer_var8 (+)	+	pass	M3*	D	73587377:73587394:+
OX387713.1	forward_primer_var2	lin	forward_primer_var2 (+)	+	pass	M3	D	35453177:35453199:+
OX387713.1	forward_primer_var3	lin	forward_primer_var3 (+)	+	pass	M3	D	29362581:29362603:+
OX387713.1	reverse_primer_var1,reverse_primer_var5	lin	reverse_primer_var1 (-)	-	pass	M2	D	9914806:9914824:-
OX387713.1	reverse_primer_var1,reverse_primer_var5	lin	reverse_primer_var1 (-)	-	pass	M3	D	18360701:18360719:-
OX387713.1	reverse_primer_var2	lin	reverse_primer_var2 (-)	-	pass	M3	D	18360701:18360719:-
OX387713.1	reverse_primer_var2	lin	reverse_primer_var2 (+)	+	pass	M3	D	19444005:19444023:+
OX387713.1	reverse_primer_var3	lin	reverse_primer_var3 (-)	-	pass	M3	D	9914806:9914824:-
OX387713.1	reverse_primer_var3	lin	reverse_primer_var3 (+)	+	pass	M3	D	12353131:12353149:+
OX387713.1	reverse_primer_var3	lin	reverse_primer_var3 (+)	+	pass	M3	D	16640643:16640661:+
OX387713.1	reverse_primer_var4,reverse_primer_var4	lin	reverse_primer_var4 (+)	+	pass	M3	D	33236762:33236780:+
OX387713.1	reverse_primer_var1,reverse_primer_var5	lin	reverse_primer_var5 (-)	-	pass	M3	D	9914806:9914824:-
OX387713.1	reverse_primer_var1,reverse_primer_var5	lin	reverse_primer_var5 (-)	-	pass	M3*	D	45358634:45358651:-
OX387713.1	reverse_primer_var1,reverse_primer_var7	lin	reverse_primer_var7 (-)	-	pass	M3	D	17614255:17614273:-
OX387713.1	reverse_primer_var1,reverse_primer_var7	lin	reverse_primer_var7 (-)	-	pass	M3	D	22273153:22273171:-
OX387713.1	reverse_primer_var8	lin	reverse_primer_var8 (+)	+	pass	M3*	D	3725108:3725125:+
CANOQP010000001.1		none				M	D	
CANOQP010000002.1		none				M	D	
CANOQP010000003.1		none				M	D	
CANOQP010000004.1		none				M	D	
CANOQP010000005.1		none				M	D	
CANOQP010000006.1		none				M	D	
CANOQP010000007.1		none				M	D	
CANOQP010000008.1		none				M	D	
CANOQP010000009.1		none				M	D	
CANOQP010000010.1		none				M	D	
CANOQP010000011.1		none				M	D	
CANOQP010000012.1		none				M	D	
CANOQP010000013.1		none				M	D	
CANOQP010000014.1		none				M	D	
CANOQP010000015.1		none				M	D	
CANOQP010000016.1		none				M	D	
CANOQP010000017.1		none				M	D	
CANOQP010000018.1		none				M	D	
CANOQP010000019.1		none				M	D	
CANOQP010000020.1		none				M	D	
CANOQP010000021.1		none				M	D	
CANOQP010000022.1		none				M	D	
CANOQP010000023.1		none				M	D	
CANOQP010000024.1		none				M	D	
CANOQP010000025.1		none				M	D	
CANOQP010000026.1		none				M	D	
CANOQP010000027.1		none				M	D	
CANOQP010000028.1		none				M	D	
CANOQP010000029.1		none				M	D	
CANOQP010000030.1		none				M	D	
CANOQP010000031.1		none				M	D	
CANOQP010000032.1		none				M	D	
CANOQP010000033.1		none				M	D	
CANOQP010000034.1		none				M	D	
CANOQP010000035.1		none				M	D	
CANOQP010000036.1		none				M	D	
CANOQP010000037.1		none				M	D	
CANOQP010000038.1		none				M	D	
CANOQP010000039.1		none				M	D	
CANOQP010000040.1		none				M	D	
CANOQP010000041.1		none				M	D	
CANOQP010000042.1		none				M	D	
OX387714.1		none				M	D	
lcl|L22089.1_cds_AAA46547.1_1		none				M	D	
OY970745.1	forward_primer_var1	lin	forward_primer_var1 (-)	-	pass	M3	D	33731274:33731296:-
OY970745.1	forward_primer_var2	lin	forward_primer_var2 (+)	+	pass	M3	D	33792236:33792258:+
OY970745.1	forward_primer_var3	lin	forward_primer_var3 (-)	-	pass	M3	D	6289018:6289039:-
OY970745.1	forward_primer_var3	lin	forward_primer_var3 (+)	+	pass	M3	D	30968495:30968516:+
OY970745.1	forward_primer_var3	lin	forward_primer_var3 (+)	+	pass	M3	D	62795594:62795615:+
OY970745.1	reverse_primer_var1,reverse_primer_var5	lin	reverse_primer_var1 (+)	+	pass	M3	D	32068360:32068378:+
OY970745.1	reverse_primer_var1,reverse_primer_var5	lin	reverse_primer_var1 (+)	+	pass	M3	D	33599989:33600007:+
OY970745.1	reverse_primer_var2	lin	reverse_primer_var2 (-)	-	pass	M3	D	52153995:52154013:-
OY970745.1	reverse_primer_var3	lin	reverse_primer_var3 (-)	-	pass	M3	D	16572962:16572980:-
OY970745.1	reverse_primer_var4,reverse_primer_var4	lin	reverse_primer_var4 (-)	-	pass	M3	D	43510140:43510157:-
OY970745.1	reverse_primer_var4,reverse_primer_var4	lin	reverse_primer_var4 (-)	-	pass	M3	D	52153995:52154013:-
OY970745.1	reverse_primer_var4,reverse_primer_var4	lin	reverse_primer_var4 (-)	-	pass	M3	D	57205743:57205760:-
OY970745.1	reverse_primer_var1,reverse_primer_var5	lin	reverse_primer_var5 (-)	-	pass	M3*	D	12170032:12170048:-
OY970745.1	reverse_primer_var1,reverse_primer_var5	lin	reverse_primer_var5 (-)	-	pass	M3*	D	35585984:35586001:-
OY970745.1	reverse_primer_var1,reverse_primer_var5	lin	reverse_primer_var5 (+)	+	pass	M3	D	71442585:71442602:+
OY970745.1	reverse_primer_var1,reverse_primer_var7	lin	reverse_primer_var7 (+)	+	pass	M3	D	13858374:13858392:+
OY970745.1	reverse_primer_var1,reverse_primer_var7	lin	reverse_primer_var7 (+)	+	pass	M3	D	14364618:14364636:+
OY970745.1	reverse_primer_var1,reverse_primer_var7	lin	reverse_primer_var7 (-)	-	pass	M3	D	56135018:56135036:-
OY970746.1	forward_primer_var2	lin	forward_primer_var2 (-)	-	pass	M3	D	23440357:23440379:-
OY970746.1	forward_primer_var2	lin	forward_primer_var2 (+)	+	pass	M3	D	37186314:37186336:+
OY970746.1	forward_primer_var2	lin	forward_primer_var2 (-)	-	pass	M3	D	57396356:57396378:-
OY970746.1	forward_primer_var3	lin	forward_primer_var3 (-)	-	pass	M3	D	59148679:59148700:-
OY970746.1	forward_primer_var5	lin	forward_primer_var5 (-)	-	pass	M3	D	57396356:57396378:-
OY970746.1	forward_primer_var6	lin	forward_primer_var6 (-)	-	pass	M2	D	57396356:57396378:-
OY970746.1	forward_primer_var8	lin	forward_primer_var8 (-)	-	pass	M3	D	57396356:57396378:-
OY970746.1	reverse_primer_var1,reverse_primer_var5	lin	reverse_primer_var1 (-)	-	pass	M3	D	5732357:5732375:-
OY970746.1	reverse_primer_var1,reverse_primer_var5	lin	reverse_primer_var1 (+)	+	pass	M3	D	23335998:23336015:+
OY970746.1	reverse_primer_var1,reverse_primer_var5	lin	reverse_primer_var1 (+)	+	pass	M3	D	37044622:37044639:+
OY970746.1	reverse_primer_var1,reverse_primer_var5	lin	reverse_primer_var1 (+)	+	pass	M3	D	59432546:59432564:+
OY970746.1	reverse_primer_var2	lin	reverse_primer_var2 (-)	-	pass	M3*	D	22366667:22366684:-
OY970746.1	reverse_primer_var4,reverse_primer_var4	lin	reverse_primer_var4 (+)	+	pass	M3	D	3309451:3309469:+
OY970746.1	reverse_primer_var4,reverse_primer_var4	lin	reverse_primer_var4 (+)	+	pass	M3	D	3353383:3353401:+
OY970746.1	reverse_primer_var4,reverse_primer_var4	lin	reverse_primer_var4 (+)	+	pass	M3	D	42731338:42731356:+
OY970746.1	reverse_primer_var4,reverse_primer_var4	lin	reverse_primer_var4 (+)	+	pass	M3*	D	45718508:45718525:+
OY970746.1	reverse_primer_var4,reverse_primer_var4	lin	reverse_primer_var4 (+),reverse_primer_var4 (+)	++	FAIL	M3,3	D3245	3302171:3302189:+,3305435:3305453:+
OY970746.1	reverse_primer_var4,reverse_primer_var4	lin	reverse_primer_var4 (+),reverse_primer_var4 (+)	++	FAIL	M3,3	D3996	3333305:3333323:+,3337320:3337338:+
OY970746.1	reverse_primer_var4,reverse_primer_var4	lin	reverse_primer_var4 (+),reverse_primer_var4 (+)	++	FAIL	M3,3	D3996	3337320:3337338:+,3341335:3341353:+
OY970746.1	reverse_primer_var4,reverse_primer_var4	lin	reverse_primer_var4 (+),reverse_primer_var4 (+)	++	FAIL	M3,3	D3997	3305435:3305453:+,3309451:3309469:+
OY970746.1	reverse_primer_var4,reverse_primer_var4	lin	reverse_primer_var4 (+),reverse_primer_var4 (+)	++	FAIL	M3,3	D3997	3341335:3341353:+,3345351:3345369:+
OY970746.1	reverse_primer_var4,reverse_primer_var4	lin	reverse_primer_var4 (+),reverse_primer_var4 (+)	++	FAIL	M3,3	D3997	3345351:3345369:+,3349367:3349385:+
OY970746.1	reverse_primer_var4,reverse_primer_var4	lin	reverse_primer_var4 (+),reverse_primer_var4 (+)	++	FAIL	M3,3	D3997	3349367:3349385:+,3353383:3353401:+
OY970746.1	reverse_primer_var4,reverse_primer_var4	lin	reverse_primer_var4 (+),reverse_primer_var4 (+)	++	FAIL	M3,3	D3998	3321353:3321371:+,3325370:3325388:+
OY970746.1	reverse_primer_var4,reverse_primer_var4	lin	reverse_primer_var4 (+),reverse_primer_var4 (+)	++	FAIL	M3,3	D7261	3302171:3302189:+,3309451:3309469:+
OY970746.1	reverse_primer_var4,reverse_primer_var4	lin	reverse_primer_var4 (+),reverse_primer_var4 (+)	++	FAIL	M3,3	D7916	3325370:3325388:+,3333305:3333323:+
OY970746.1	reverse_primer_var1,reverse_primer_var5	lin	reverse_primer_var5 (+)	+	pass	M3	D	28765309:28765327:+
OY970746.1	reverse_primer_var1,reverse_primer_var5	lin	reverse_primer_var5 (+)	+	pass	M3*	D	52702643:52702660:+
OY970746.1	reverse_primer_var1,reverse_primer_var5	lin	reverse_primer_var5 (-)	-	pass	M3	D	52905073:52905091:-
OY970746.1	reverse_primer_var6	lin	reverse_primer_var6 (-)	-	pass	M3	D	52905073:52905091:-
OY970746.1	reverse_primer_var6	lin	reverse_primer_var6 (-)	-	pass	M3	D	60404723:60404741:-
OY970746.1	reverse_primer_var1,reverse_primer_var7	lin	reverse_primer_var7 (-)	-	pass	M3	D	11225354:11225372:-
OY970746.1	reverse_primer_var1,reverse_primer_var7	lin	reverse_primer_var7 (+)	+	pass	M3	D	47392195:47392213:+
OY970746.1	reverse_primer_var1,reverse_primer_var7	lin	reverse_primer_var7 (-)	-	pass	M3	D	48152014:48152032:-
OY970746.1	reverse_primer_var1,reverse_primer_var7	lin	reverse_primer_var7 (+)	+	pass	M3*	D	53456196:53456213:+
OY970746.1	reverse_primer_var8	lin	reverse_primer_var8 (+)	+	pass	M3	D	37565639:37565656:+
OY970747.1	reverse_primer_var1,reverse_primer_var5	lin	reverse_primer_var1 (-)	-	pass	M2	D	8684315:8684333:-
OY970747.1	reverse_primer_var1,reverse_primer_var5	lin	reverse_primer_var1 (+)	+	pass	M3	D	7134880:7134898:+
OY970747.1	reverse_primer_var1,reverse_primer_var5	lin	reverse_primer_var1 (-)	-	pass	M3	D	8741692:8741709:-
OY970747.1	reverse_primer_var1,reverse_primer_var5	lin	reverse_primer_var1 (-)	-	pass	M3*	D	10111588:10111604:-
OY970747.1	reverse_primer_var1,reverse_primer_var5	lin	reverse_primer_var1 (-)	-	pass	M3	D	47845592:47845610:-
OY970747.1	reverse_primer_var1,reverse_primer_var5	lin	reverse_primer_var1 (+)	+	pass	M3*	D	60258876:60258893:+
OY970747.1	reverse_primer_var1,reverse_primer_var7	lin	reverse_primer_var1 (+),reverse_primer_var7 (+)	++	FAIL	M3,3	D0	34699425:34699442:+,34699426:34699442:+
OY970747.1	reverse_primer_var2	lin	reverse_primer_var2 (+)	+	pass	M3*	D	30847341:30847358:+
OY970747.1	reverse_primer_var2	lin	reverse_primer_var2 (-)	-	pass	M3	D	47845592:47845610:-
OY970747.1	reverse_primer_var3	lin	reverse_primer_var3 (-)	-	pass	M3	D	8684315:8684333:-
OY970747.1	reverse_primer_var3	lin	reverse_primer_var3 (+)	+	pass	M3	D	14592869:14592887:+
OY970747.1	reverse_primer_var3	lin	reverse_primer_var3 (-)	-	pass	M3*	D	14981788:14981804:-
OY970747.1	reverse_primer_var3	lin	reverse_primer_var3 (-)	-	pass	M3	D	21767919:21767937:-
OY970747.1	reverse_primer_var3	lin	reverse_primer_var3 (-)	-	pass	M3	D	40277319:40277337:-
OY970747.1	reverse_primer_var3	lin	reverse_primer_var3 (-)	-	pass	M3	D	46266498:46266516:-
OY970747.1	reverse_primer_var4,reverse_primer_var4	lin	reverse_primer_var4 (-)	-	pass	M3	D	9369603:9369621:-
OY970747.1	reverse_primer_var4,reverse_primer_var4	lin	reverse_primer_var4 (-)	-	pass	M3	D	40277319:40277337:-
OY970747.1	reverse_primer_var4,reverse_primer_var4	lin	reverse_primer_var4 (+)	+	pass	M3	D	50172610:50172628:+
OY970747.1	reverse_primer_var1,reverse_primer_var5	lin	reverse_primer_var5 (-)	-	pass	M3	D	27778882:27778899:-
OY970747.1	reverse_primer_var1,reverse_primer_var5	lin	reverse_primer_var5 (+)	+	pass	M3	D	30457768:30457786:+
OY970747.1	reverse_primer_var1,reverse_primer_var5	lin	reverse_primer_var5 (+)	+	pass	M3*	D	37427706:37427723:+
OY970747.1	reverse_primer_var1,reverse_primer_var5	lin	reverse_primer_var5 (+)	+	pass	M3	D	54544846:54544864:+
OY970747.1	reverse_primer_var1,reverse_primer_var5	lin	reverse_primer_var5 (-)	-	pass	M3*	D	58035535:58035552:-
OY970747.1	reverse_primer_var1,reverse_primer_var7	lin	reverse_primer_var7 (+)	+	pass	M3	D	28465380:28465398:+
OY970747.1	reverse_primer_var1,reverse_primer_var7	lin	reverse_primer_var7 (+)	+	pass	M3	D	34699426:34699442:+
OY970747.1	reverse_primer_var1,reverse_primer_var7	lin	reverse_primer_var7 (-)	-	pass	M3	D	36488988:36489005:-
OY970747.1	reverse_primer_var1,reverse_primer_var7	lin	reverse_primer_var7 (+)	+	pass	M3	D	59866751:59866769:+
OY970747.1	reverse_primer_var8	lin	reverse_primer_var8 (-)	-	pass	M3	D	12118666:12118683:-
OY970748.1	forward_primer_var3	lin	forward_primer_var3 (-)	-	pass	M3	D	22224767:22224788:-
OY970748.1	forward_primer_var3	lin	forward_primer_var3 (-)	-	pass	M3	D	23355906:23355928:-
OY970748.1	forward_primer_var3	lin	forward_primer_var3 (+)	+	pass	M3	D	54627709:54627730:+
OY970748.1	forward_primer_var4	lin	forward_primer_var4 (-)	-	pass	M3	D	23355906:23355928:-
OY970748.1	forward_primer_var7	lin	forward_primer_var7 (-)	-	pass	M3	D	15667540:15667561:-
OY970748.1	reverse_primer_var1,reverse_primer_var5	lin	reverse_primer_var1 (+)	+	pass	M3	D	8336801:8336819:+
OY970748.1	reverse_primer_var1,reverse_primer_var5	lin	reverse_primer_var1 (-)	-	pass	M3	D	10893352:10893369:-
OY970748.1	reverse_primer_var1,reverse_primer_var5	lin	reverse_primer_var1 (-)	-	pass	M3*	D	10987077:10987094:-
OY970748.1	reverse_primer_var2	lin	reverse_primer_var2 (+)	+	pass	M3	D	19325129:19325147:+
OY970748.1	reverse_primer_var2	lin	reverse_primer_var2 (+)	+	pass	M3*	D	34367673:34367690:+
OY970748.1	reverse_primer_var3	lin	reverse_primer_var3 (-)	-	pass	M3	D	39101577:39101594:-
OY970748.1	reverse_primer_var3	lin	reverse_primer_var3 (-)	-	pass	M3	D	43127194:43127212:-
OY970748.1	reverse_primer_var4,reverse_primer_var4	lin	reverse_primer_var4 (-)	-	pass	M3	D	16114766:16114783:-
OY970748.1	reverse_primer_var1,reverse_primer_var5	lin	reverse_primer_var5 (+)	+	pass	M3*	D	1084465:1084482:+
OY970748.1	reverse_primer_var1,reverse_primer_var5	lin	reverse_primer_var5 (-)	-	pass	M3	D	49362785:49362803:-
OY970748.1	reverse_primer_var1,reverse_primer_var5	lin	reverse_primer_var5 (+)	+	pass	M3*	D	51663661:51663678:+
OY970748.1	reverse_primer_var1,reverse_primer_var5	lin	reverse_primer_var5 (-)	-	pass	M3	D	54554891:54554909:-
OY970748.1	reverse_primer_var1,reverse_primer_var5	lin	reverse_primer_var5 (-)	-	pass	M3	D	54809739:54809757:-
OY970748.1	reverse_primer_var1,reverse_primer_var5	lin	reverse_primer_var5 (-)	-	pass	M3	D	54829610:54829628:-
OY970748.1	reverse_primer_var1,reverse_primer_var5	lin	reverse_primer_var5 (-)	-	pass	M3	D	54829907:54829925:-
OY970748.1	reverse_primer_var1,reverse_primer_var5	lin	reverse_primer_var5 (-)	-	pass	M3	D	54955805:54955823:-
OY970748.1	reverse_primer_var1,reverse_primer_var5	lin	reverse_primer_var5 (-)	-	pass	M3	D	55093979:55093997:-
OY970748.1	reverse_primer_var1,reverse_primer_var5	lin	reverse_primer_var5 (-)	-	pass	M3	D	55094276:55094294:-
OY970748.1	reverse_primer_var1,reverse_primer_var5	lin	reverse_primer_var5 (-)	-	pass	M3	D	55187587:55187605:-
OY970748.1	reverse_primer_var1,reverse_primer_var7	lin	reverse_primer_var7 (-)	-	pass	M3	D	6424755:6424773:-
OY970748.1	reverse_primer_var1,reverse_primer_var7	lin	reverse_primer_var7 (+)	+	pass	M3	D	25319207:25319224:+
OY970748.1	reverse_primer_var1,reverse_primer_var7	lin	reverse_primer_var7 (-)	-	pass	M3	D	46615601:46615618:-
OY970748.1	reverse_primer_var1,reverse_primer_var7	lin	reverse_primer_var7 (-)	-	pass	M3	D	49362785:49362803:-
OY970749.1	forward_primer_var5	lin	forward_primer_var5 (+)	+	pass	M3*	D	50439523:50439544:+
OY970749.1	reverse_primer_var1,reverse_primer_var5	lin	reverse_primer_var1 (+)	+	pass	M3	D	18426871:18426889:+
OY970749.1	reverse_primer_var1,reverse_primer_var5	lin	reverse_primer_var1 (+)	+	pass	M3	D	21257229:21257247:+
OY970749.1	reverse_primer_var1,reverse_primer_var5	lin	reverse_primer_var1 (-)	-	pass	M3	D	27575629:27575647:-
OY970749.1	reverse_primer_var2	lin	reverse_primer_var2 (+)	+	pass	M3	D	47844712:47844730:+
OY970749.1	reverse_primer_var2	lin	reverse_primer_var2 (+)	+	pass	M3*	D	50204062:50204079:+
OY970749.1	reverse_primer_var1,reverse_primer_var5	lin	reverse_primer_var5 (-)	-	pass	M3	D	357610:357628:-
OY970749.1	reverse_primer_var1,reverse_primer_var5	lin	reverse_primer_var5 (-)	-	pass	M3	D	20451347:20451365:-
OY970749.1	reverse_primer_var1,reverse_primer_var5	lin	reverse_primer_var5 (+)	+	pass	M3*	D	22754988:22755003:+
OY970749.1	reverse_primer_var6	lin	reverse_primer_var6 (+)	+	pass	M3*	D	9436447:9436464:+
OY970749.1	reverse_primer_var1,reverse_primer_var7	lin	reverse_primer_var7 (-)	-	pass	M3*	D	27410916:27410933:-
OY970749.1	reverse_primer_var1,reverse_primer_var7	lin	reverse_primer_var7 (-)	-	pass	M3	D	39884262:39884280:-
OY970750.1	forward_primer_var1	lin	forward_primer_var1 (+)	+	pass	M3	D	6210516:6210538:+
OY970750.1	reverse_primer_var1,reverse_primer_var5	lin	reverse_primer_var1 (-)	-	pass	M3	D	46640999:46641017:-
OY970750.1	reverse_primer_var2	lin	reverse_primer_var2 (-)	-	pass	M3*	D	5506051:5506066:-
OY970750.1	reverse_primer_var2	lin	reverse_primer_var2 (-)	-	pass	M3*	D	39367171:39367188:-
OY970750.1	reverse_primer_var3	lin	reverse_primer_var3 (+)	+	pass	M3	D	26793582:26793600:+
OY970750.1	reverse_primer_var1,reverse_primer_var5	lin	reverse_primer_var5 (+)	+	pass	M3	D	14551849:14551867:+
OY970750.1	reverse_primer_var1,reverse_primer_var5	lin	reverse_primer_var5 (+)	+	pass	M3*	D	17118843:17118859:+
OY970750.1	reverse_primer_var1,reverse_primer_var5	lin	reverse_primer_var5 (-)	-	pass	M3*	D	25891376:25891393:-
OY970750.1	reverse_primer_var6	lin	reverse_primer_var6 (-)	-	pass	M3*	D	5506051:5506066:-
OY970750.1	reverse_primer_var6	lin	reverse_primer_var6 (+)	+	pass	M3	D	33394006:33394023:+
OY970750.1	reverse_primer_var1,reverse_primer_var7	lin	reverse_primer_var7 (-)	-	pass	M3	D	23808866:23808884:-
OY970750.1	reverse_primer_var1,reverse_primer_var7	lin	reverse_primer_var7 (+)	+	pass	M3*	D	32584349:32584366:+
OY970750.1	reverse_primer_var1,reverse_primer_var7	lin	reverse_primer_var7 (+)	+	pass	M3	D	55195503:55195521:+
OY970751.1	forward_primer_var2	lin	forward_primer_var2 (-)	-	pass	M3	D	21192448:21192470:-
OY970751.1	reverse_primer_var1,reverse_primer_var5	lin	reverse_primer_var1 (-)	-	pass	M3	D	5893898:5893916:-
OY970751.1	reverse_primer_var2	lin	reverse_primer_var2 (+)	+	pass	M3	D	10670028:10670046:+
OY970751.1	reverse_primer_var2	lin	reverse_primer_var2 (+)	+	pass	M3*	D	15021910:15021927:+
OY970751.1	reverse_primer_var2	lin	reverse_primer_var2 (+)	+	pass	M3	D	15256610:15256628:+
OY970751.1	reverse_primer_var2	lin	reverse_primer_var2 (+)	+	pass	M3*	D	20311763:20311780:+
OY970751.1	reverse_primer_var3	lin	reverse_primer_var3 (-)	-	pass	M3*	D	34873428:34873445:-
OY970751.1	reverse_primer_var4,reverse_primer_var4	lin	reverse_primer_var4 (+)	+	pass	M3*	D	33739123:33739140:+
OY970751.1	reverse_primer_var4,reverse_primer_var4	lin	reverse_primer_var4 (-)	-	pass	M3	D	49482525:49482543:-
OY970751.1	reverse_primer_var1,reverse_primer_var5	lin	reverse_primer_var5 (+)	+	pass	M3	D	2675880:2675897:+
OY970751.1	reverse_primer_var1,reverse_primer_var5	lin	reverse_primer_var5 (+)	+	pass	M3	D	13372138:13372155:+
OY970751.1	reverse_primer_var6	lin	reverse_primer_var6 (-)	-	pass	M3	D	24553238:24553256:-
OY970751.1	reverse_primer_var1,reverse_primer_var7	lin	reverse_primer_var7 (+)	+	pass	M3	D	41364479:41364497:+
OY970751.1	reverse_primer_var1,reverse_primer_var7	lin	reverse_primer_var7 (-)	-	pass	M3	D	44691002:44691020:-
OY970752.1	forward_primer_var3	lin	forward_primer_var3 (-)	-	pass	M3	D	40409329:40409350:-
OY970752.1	forward_primer_var8	lin	forward_primer_var8 (+)	+	pass	M3	D	32224998:32225020:+
OY970752.1	reverse_primer_var1,reverse_primer_var5	lin	reverse_primer_var1 (+)	+	pass	M3*	D	6780859:6780876:+
OY970752.1	reverse_primer_var1,reverse_primer_var5	lin	reverse_primer_var1 (-)	-	pass	M3	D	20189265:20189283:-
OY970752.1	reverse_primer_var1,reverse_primer_var5	lin	reverse_primer_var1 (+)	+	pass	M3	D	43443111:43443129:+
OY970752.1	reverse_primer_var2	lin	reverse_primer_var2 (+)	+	pass	M3*	D	5211582:5211599:+
OY970752.1	reverse_primer_var2	lin	reverse_primer_var2 (-)	-	pass	M3*	D	50088273:50088290:-
OY970752.1	reverse_primer_var1,reverse_primer_var5	lin	reverse_primer_var5 (+)	+	pass	M3*	D	4437982:4437999:+
OY970752.1	reverse_primer_var1,reverse_primer_var5	lin	reverse_primer_var5 (-)	-	pass	M3*	D	37840523:37840540:-
OY970752.1	reverse_primer_var6	lin	reverse_primer_var6 (-)	-	pass	M3	D	680497:680515:-
OY970752.1	reverse_primer_var1,reverse_primer_var7	lin	reverse_primer_var7 (+)	+	pass	M3	D	11329534:11329552:+
OY970753.1	reverse_primer_var1,reverse_primer_var5	lin	reverse_primer_var1 (-)	-	pass	M3	D	50236366:50236384:-
OY970753.1	reverse_primer_var2	lin	reverse_primer_var2 (-)	-	pass	M3*	D	25813181:25813198:-
OY970753.1	reverse_primer_var2	lin	reverse_primer_var2 (+)	+	pass	M3*	D	38054042:38054059:+
OY970753.1	reverse_primer_var3	lin	reverse_primer_var3 (+)	+	pass	M3*	D	26663176:26663193:+
OY970753.1	reverse_primer_var3	lin	reverse_primer_var3 (+)	+	pass	M3*	D	26877180:26877197:+
OY970753.1	reverse_primer_var3	lin	reverse_primer_var3 (+)	+	pass	M3*	D	27030303:27030320:+
OY970753.1	reverse_primer_var1,reverse_primer_var5	lin	reverse_primer_var5 (-)	-	pass	M3	D	4315100:4315118:-
OY970753.1	reverse_primer_var1,reverse_primer_var5	lin	reverse_primer_var5 (-)	-	pass	M3	D	4317950:4317968:-
OY970753.1	reverse_primer_var1,reverse_primer_var5	lin	reverse_primer_var5 (-)	-	pass	M3	D	4320801:4320819:-
OY970753.1	reverse_primer_var1,reverse_primer_var5	lin	reverse_primer_var5 (-)	-	pass	M3	D	4323651:4323669:-
OY970753.1	reverse_primer_var1,reverse_primer_var5	lin	reverse_primer_var5 (-)	-	pass	M3	D	4326501:4326519:-
OY970753.1	reverse_primer_var1,reverse_primer_var5	lin	reverse_primer_var5 (-)	-	pass	M3	D	4341537:4341555:-
OY970753.1	reverse_primer_var1,reverse_primer_var5	lin	reverse_primer_var5 (+)	+	pass	M3	D	23124800:23124818:+
OY970753.1	reverse_primer_var1,reverse_primer_var5	lin	reverse_primer_var5 (-)	-	pass	M3	D	49023632:49023650:-
OY970753.1	reverse_primer_var6	lin	reverse_primer_var6 (+)	+	pass	M3	D	1896541:1896559:+
OY970753.1	reverse_primer_var8	lin	reverse_primer_var8 (+)	+	pass	M3	D	16895768:16895786:+
OY970754.1	forward_primer_var5	lin	forward_primer_var5 (-)	-	pass	M3*	D	10647468:10647489:-
OY970754.1	reverse_primer_var2	lin	reverse_primer_var2 (+)	+	pass	M3	D	2170367:2170385:+
OY970754.1	reverse_primer_var3	lin	reverse_primer_var3 (-)	-	pass	M3	D	22302419:22302437:-
OY970754.1	reverse_primer_var3	lin	reverse_primer_var3 (+)	+	pass	M3*	D	32652629:32652646:+
OY970754.1	reverse_primer_var1,reverse_primer_var5	lin	reverse_primer_var5 (+)	+	pass	M3*	D	21083882:21083899:+
OY970754.1	reverse_primer_var1,reverse_primer_var5	lin	reverse_primer_var5 (+)	+	pass	M3	D	22528668:22528685:+
OY970754.1	reverse_primer_var1,reverse_primer_var7	lin	reverse_primer_var7 (-)	-	pass	M2	D	22302419:22302437:-
OY970754.1	reverse_primer_var1,reverse_primer_var7	lin	reverse_primer_var7 (+)	+	pass	M3	D	12947921:12947939:+
OY970754.1	reverse_primer_var8	lin	reverse_primer_var8 (-)	-	pass	M3	D	22302419:22302437:-
CAWKXY010000001.1		none				M	D	
CAWKXY010000002.1		none				M	D	
CAWKXY010000003.1		none				M	D	
CAWKXY010000004.1		none				M	D	
CAWKXY010000005.1		none				M	D	
CAWKXY010000006.1		none				M	D	
CAWKXY010000007.1		none				M	D	
CAWKXY010000008.1		none				M	D	
CAWKXY010000009.1		none				M	D	
CAWKXY010000010.1		none				M	D	
CAWKXY010000011.1		none				M	D	
CAWKXY010000012.1		none				M	D	
CAWKXY010000013.1		none				M	D	
CAWKXY010000014.1		none				M	D	
CAWKXY010000015.1		none				M	D	
CAWKXY010000016.1		none				M	D	
CAWKXY010000017.1		none				M	D	
CAWKXY010000018.1		none				M	D	
CAWKXY010000019.1		none				M	D	
OY970755.1		none				M	D	
