Accession,Total occurance,Amplicons,Percent of passed amplicons
PZ221915.1,4,4,100.0
PZ221917.1,4,4,100.0
PZ221922.1,4,4,100.0
PZ221927.1,4,4,100.0
PZ234772.1,8,8,100.0
PZ240487.1,8,8,100.0
PZ240506.1,8,8,100.0
PZ136053.1,4,4,100.0
PZ136058.1,4,4,100.0
PX631121.1,8,8,100.0
PX285872.1,8,8,100.0
PX285874.1,8,8,100.0
PX563327.1,8,8,100.0
PV784272.1,8,8,100.0
PV784273.1,8,8,100.0
PV784275.1,8,8,100.0
PV784277.1,8,8,100.0
PV784279.1,8,8,100.0
PV784285.1,8,8,100.0
PV784287.1,8,8,100.0
PV784296.1,8,8,100.0
PV784297.1,8,8,100.0
PV784298.1,8,8,100.0
PV784302.1,8,8,100.0
PV784303.1,8,8,100.0
PV784304.1,8,8,100.0
PV784318.1,8,8,100.0
PV784323.1,8,8,100.0
PV784324.1,8,8,100.0
PV784331.1,8,8,100.0
PV784338.1,8,8,100.0
PV784344.1,8,8,100.0
PV784345.1,8,8,100.0
PV784347.1,8,8,100.0
PV750877.1,8,8,100.0
PV750882.1,8,8,100.0
PV750891.1,8,8,100.0
PV750894.1,8,8,100.0
PV765567.1,8,8,100.0
PV765571.1,8,8,100.0
PV635313.1,8,8,100.0
PV275040.1,8,8,100.0
PV275044.1,8,8,100.0
PV275045.1,8,8,100.0
PV275046.1,8,8,100.0
PV275052.1,8,8,100.0
PV275060.1,8,8,100.0
PV275062.1,8,8,100.0
PQ213436.1,8,8,100.0
PQ213437.1,8,8,100.0
PQ215525.1,8,8,100.0
PQ215528.1,8,8,100.0
PQ215538.1,8,8,100.0
PQ215539.1,8,8,100.0
PQ215540.1,8,8,100.0
PQ215541.1,8,8,100.0
PQ215542.1,8,8,100.0
PQ215543.1,8,8,100.0
PQ215544.1,8,8,100.0
PQ215545.1,8,8,100.0
PQ215546.1,8,8,100.0
PQ215575.1,8,8,100.0
PQ215578.1,8,8,100.0
PQ215579.1,8,8,100.0
PQ218468.1,8,8,100.0
PQ273182.1,4,4,100.0
PQ273184.1,4,4,100.0
PQ273185.1,4,4,100.0
PQ273187.1,8,8,100.0
PQ273190.1,4,4,100.0
PQ273194.1,8,8,100.0
PQ273195.1,8,8,100.0
PQ273196.1,8,8,100.0
PQ273200.1,4,4,100.0
PQ304610.1,8,8,100.0
PQ304611.1,8,8,100.0
PQ304614.1,8,8,100.0
PQ304633.1,8,8,100.0
PQ310235.1,8,8,100.0
PQ310459.1,8,8,100.0
PQ310518.1,8,8,100.0
PQ310519.1,8,8,100.0
PQ310520.1,8,8,100.0
PQ310521.1,8,8,100.0
PQ310522.1,8,8,100.0
PQ373120.1,8,8,100.0
PQ373121.1,8,8,100.0
PQ373122.1,8,8,100.0
PQ373123.1,8,8,100.0
PQ373124.1,8,8,100.0
PQ373126.1,8,8,100.0
PQ373127.1,8,8,100.0
PQ373131.1,8,8,100.0
PQ373132.1,8,8,100.0
PQ373133.1,8,8,100.0
PQ373138.1,8,8,100.0
PQ373139.1,8,8,100.0
PQ373140.1,8,8,100.0
PQ373142.1,8,8,100.0
PP498986.1,8,8,100.0
PP498987.1,8,8,100.0
PP498988.1,8,8,100.0
PP549876.1,8,8,100.0
PP549877.1,8,8,100.0
PP549878.1,8,8,100.0
PP549879.1,8,8,100.0
PP549880.1,8,8,100.0
PP549881.1,8,8,100.0
PP549882.1,8,8,100.0
PP549883.1,8,8,100.0
PP549884.1,8,8,100.0
PP549885.1,8,8,100.0
PP587392.1,8,8,100.0
PP587393.1,8,8,100.0
PP658552.1,8,8,100.0
PP658553.1,8,8,100.0
PP661667.1,8,8,100.0
OR844370.1,8,8,100.0
OR844371.1,8,8,100.0
OR844372.1,8,8,100.0
OR844373.1,8,8,100.0
OR844374.1,8,8,100.0
OR844375.1,8,8,100.0
OR844376.1,8,8,100.0
OR844377.1,8,8,100.0
OR844378.1,8,8,100.0
OR844379.1,8,8,100.0
OR844380.1,8,8,100.0
OR844381.1,8,8,100.0
OR844382.1,8,8,100.0
OR844383.1,8,8,100.0
PP381824.1,8,8,100.0
OR062612.1,8,8,100.0
OR262325.1,8,8,100.0
OR536466.1,5,5,100.0
OR536467.1,4,4,100.0
OR536468.1,4,4,100.0
OR536469.1,4,4,100.0
OR536470.1,4,4,100.0
OR536472.1,4,4,100.0
OR536473.1,4,4,100.0
OR536475.1,8,8,100.0
OR536476.1,4,4,100.0
OR536477.1,4,4,100.0
OR536478.1,4,4,100.0
OR536479.1,4,4,100.0
OR536480.1,4,4,100.0
OR536481.1,4,4,100.0
OR536482.1,4,4,100.0
OR536483.1,4,4,100.0
OR536484.1,4,4,100.0
OR536485.1,4,4,100.0
OR536486.1,4,4,100.0
OR536487.1,4,4,100.0
OR536488.1,4,4,100.0
OR536489.1,4,4,100.0
OR536490.1,4,4,100.0
OR536491.1,4,4,100.0
OR536492.1,4,4,100.0
OQ940068.1,8,8,100.0
OQ940069.1,8,8,100.0
OQ940070.1,8,8,100.0
OQ940071.1,8,8,100.0
OQ940072.1,8,8,100.0
OQ940073.1,8,8,100.0
OQ940074.1,8,8,100.0
OQ940075.1,8,8,100.0
OQ940076.1,8,8,100.0
OQ940077.1,8,8,100.0
OQ940078.1,8,8,100.0
OQ940079.1,8,8,100.0
OQ940080.1,8,8,100.0
OQ940081.1,8,8,100.0
OQ940082.1,8,8,100.0
OP901692.1,8,8,100.0
OP901693.1,4,4,100.0
OP901694.1,8,8,100.0
OQ342793.1,3,3,100.0
OP686903.1,9,8,88.88888888888889
OP686904.1,15,8,53.333333333333336
OP689557.1,8,8,100.0
OP689558.1,8,8,100.0
OP689689.1,8,8,100.0
OP690425.1,8,8,100.0
OP690426.1,8,8,100.0
OP690427.1,8,8,100.0
OP690505.1,3,3,100.0
OP712196.1,8,8,100.0
OP712197.1,5,5,100.0
OP712198.1,8,8,100.0
OP712199.1,8,8,100.0
OP037976.1,8,8,100.0
OP037977.1,8,8,100.0
OP037978.1,8,8,100.0
OP037979.1,8,8,100.0
OP037980.1,8,8,100.0
OP037981.1,8,8,100.0
OP037982.1,8,8,100.0
OP037983.1,8,8,100.0
ON329737.1,8,8,100.0
ON569431.1,4,4,100.0
OK376253.1,8,8,100.0
OK376254.1,8,8,100.0
OK376255.1,8,8,100.0
OK376256.1,8,8,100.0
OK376258.1,8,8,100.0
OK376259.1,8,8,100.0
OK376260.1,8,8,100.0
OK376261.1,8,8,100.0
OK376262.1,8,8,100.0
OK376263.1,8,8,100.0
OK376264.1,8,8,100.0
OL451532.1,3,3,100.0
OL451533.1,3,3,100.0
OL898506.1,8,8,100.0
OL898507.1,8,8,100.0
OL898508.1,8,8,100.0
OL898509.1,8,8,100.0
OL898510.1,8,8,100.0
OL898511.1,8,8,100.0
OL898512.1,8,8,100.0
OL898513.1,8,8,100.0
OL898514.1,8,8,100.0
OL898515.1,8,8,100.0
OL898516.1,8,8,100.0
OL913975.1,4,4,100.0
OL913976.1,8,8,100.0
OL913977.1,8,8,100.0
OL943799.1,8,8,100.0
OL943800.1,8,8,100.0
OL943801.1,4,4,100.0
OL943802.1,8,8,100.0
NC_039477.1,8,8,100.0
NC_040876.1,8,8,100.0
NC_044932.1,3,3,100.0
MZ291631.1,8,8,100.0
MZ312111.1,8,8,100.0
MW981327.1,8,8,100.0
MZ233536.1,8,8,100.0
MZ268408.1,9,8,88.88888888888889
MW661246.1,8,8,100.0
MW661253.1,8,8,100.0
MW661264.1,8,8,100.0
MW661266.1,8,8,100.0
MW661271.1,8,8,100.0
MW661272.1,8,8,100.0
MW661273.1,8,8,100.0
MW661274.1,8,8,100.0
MW661275.1,8,8,100.0
MW661278.1,8,8,100.0
MW661281.1,8,8,100.0
MW661282.1,8,8,100.0
MW661284.1,8,8,100.0
MW243610.2,8,8,100.0
MW305737.1,8,8,100.0
MT712130.1,8,8,100.0
MT712147.1,8,8,100.0
MT712157.1,8,8,100.0
MT720841.1,9,8,88.88888888888889
MT724793.1,9,8,88.88888888888889
MT725762.1,8,8,100.0
MT726225.1,8,8,100.0
MT729788.1,8,8,100.0
MT729791.1,8,8,100.0
MT731279.1,8,8,100.0
MT731332.1,8,8,100.0
MT738527.1,8,8,100.0
MT755733.1,4,4,100.0
MN853414.1,8,8,100.0
MN897754.1,4,4,100.0
MN897755.1,8,8,100.0
MN897756.1,8,8,100.0
MT026582.1,8,8,100.0
MT028542.1,8,8,100.0
MT029316.1,8,8,100.0
MT031761.1,8,8,100.0
MT031821.1,8,8,100.0
MT032004.1,8,8,100.0
MT232050.1,8,8,100.0
MT238671.1,8,8,100.0
MN400355.2,8,8,100.0
MN447470.1,4,4,100.0
MN447471.1,4,4,100.0
MN525276.1,8,8,100.0
MK752935.1,8,8,100.0
MK752936.1,8,8,100.0
MK752938.1,8,8,100.0
MK753015.1,6,6,100.0
MK753032.1,8,8,100.0
MK762621.1,8,8,100.0
MK762624.1,8,8,100.0
MK762635.1,8,8,100.0
MK762638.1,8,8,100.0
MK764016.1,8,8,100.0
MK764040.1,8,8,100.0
MK773584.1,8,8,100.0
MK789432.1,8,8,100.0
MK789435.1,8,8,100.0
MK934772.1,8,8,100.0
MK629457.1,8,8,100.0
MK641589.1,8,8,100.0
MK483908.2,4,4,100.0
MK483909.2,8,8,100.0
MH979229.1,8,8,100.0
MK282256.1,8,8,100.0
MK282257.1,8,8,100.0
MK282258.1,8,8,100.0
MH413070.1,8,8,100.0
MH671553.1,8,8,100.0
MH218570.1,4,4,100.0
MH218571.1,8,8,100.0
MH218572.1,4,4,100.0
MH218573.1,4,4,100.0
MH218574.1,4,4,100.0
MH218575.1,4,4,100.0
MH218576.1,4,4,100.0
MH218577.1,4,4,100.0
MH218578.1,4,4,100.0
MH218579.1,4,4,100.0
MH218580.1,4,4,100.0
MH218581.1,4,4,100.0
MH218582.1,4,4,100.0
MH218583.1,4,4,100.0
MH218584.1,4,4,100.0
MH218585.1,4,4,100.0
MH218586.1,4,4,100.0
MH218587.1,4,4,100.0
MH218588.1,4,4,100.0
MH218589.1,4,4,100.0
MH218590.1,4,4,100.0
MH218591.1,8,8,100.0
MH218592.1,4,4,100.0
MH218593.1,4,4,100.0
MH218594.1,4,4,100.0
MH218595.1,4,4,100.0
MH218596.1,4,4,100.0
MH218597.1,4,4,100.0
MH218598.1,4,4,100.0
MH218599.1,1,1,100.0
MH218600.1,4,4,100.0
MH218601.1,4,4,100.0
MH218602.1,4,4,100.0
MH218603.1,4,4,100.0
MH218604.1,4,4,100.0
MH218605.1,8,8,100.0
MH218606.1,8,8,100.0
MH218607.1,8,8,100.0
MH218608.1,8,8,100.0
MH218609.1,8,8,100.0
MH218610.1,8,8,100.0
MH218611.1,8,8,100.0
MH218612.1,8,8,100.0
MH218613.1,8,8,100.0
MH218614.1,8,8,100.0
MH218615.1,8,8,100.0
MH218616.1,8,8,100.0
MH218617.1,8,8,100.0
MH218618.1,4,4,100.0
MH218619.1,8,8,100.0
MH218620.1,8,8,100.0
MH218621.1,8,8,100.0
MH218622.1,8,8,100.0
MH218623.1,8,8,100.0
MH218624.1,8,8,100.0
MH218625.1,8,8,100.0
MH218626.1,8,8,100.0
MH218627.1,8,8,100.0
MH218628.1,8,8,100.0
MH218629.1,8,8,100.0
MH218630.1,4,4,100.0
MH218631.1,8,8,100.0
MH218632.1,8,8,100.0
MH218633.1,8,8,100.0
MH218634.1,8,8,100.0
MH218635.1,8,8,100.0
MH218636.1,8,8,100.0
MH218637.1,8,8,100.0
MH218638.1,8,8,100.0
MH218639.1,8,8,100.0
MH218640.1,8,8,100.0
MH218641.1,9,8,88.88888888888889
MH218642.1,8,8,100.0
MH218643.1,8,8,100.0
MH218644.1,8,8,100.0
MH218645.1,8,8,100.0
MH218646.1,4,4,100.0
MH218650.1,8,8,100.0
MH218651.1,9,8,88.88888888888889
MH218652.1,8,8,100.0
MH218653.1,4,4,100.0
MH218654.1,4,4,100.0
MH218655.1,8,8,100.0
MH218657.1,8,8,100.0
MH218660.1,4,4,100.0
MH218662.1,8,8,100.0
MH218663.1,8,8,100.0
MH218665.1,8,8,100.0
MH218666.1,8,8,100.0
MH218667.1,8,8,100.0
MH218668.1,4,4,100.0
MH218669.1,4,4,100.0
MH218670.1,8,8,100.0
MH218671.1,4,4,100.0
MH218672.1,4,4,100.0
MH218673.1,8,8,100.0
MH218674.1,8,8,100.0
MH218675.1,4,4,100.0
MH218676.1,4,4,100.0
MH218677.1,4,4,100.0
MH218678.1,4,4,100.0
MH218679.1,4,4,100.0
MH218680.1,4,4,100.0
MH218681.1,4,4,100.0
MH218682.1,4,4,100.0
MH218683.1,4,4,100.0
MH218684.1,8,8,100.0
MH218685.1,8,8,100.0
MH218686.1,4,4,100.0
MH218687.1,8,8,100.0
MH218688.1,4,4,100.0
MH218689.1,8,8,100.0
MH218690.1,4,4,100.0
MH218691.1,8,8,100.0
MH218692.1,8,8,100.0
MH218693.1,4,4,100.0
MH218694.1,8,8,100.0
MH218695.1,8,8,100.0
MH218696.1,4,4,100.0
MH218697.1,8,8,100.0
MH218698.1,8,8,100.0
MH218699.1,8,8,100.0
MH218700.1,8,8,100.0
MH218701.1,8,8,100.0
MH218702.1,8,8,100.0
MH218703.1,8,8,100.0
MH218704.1,8,8,100.0
MH218705.1,8,8,100.0
MH218706.1,8,8,100.0
MH218707.1,8,8,100.0
MH218708.1,8,8,100.0
MH218709.1,8,8,100.0
MH218710.1,8,8,100.0
MH218711.1,8,8,100.0
MH218712.1,4,4,100.0
MH218713.1,8,8,100.0
MH218714.1,8,8,100.0
MH218715.1,8,8,100.0
MH218716.1,8,8,100.0
MH218717.1,4,4,100.0
MH218718.1,8,8,100.0
MH218719.1,8,8,100.0
MH218731.1,8,8,100.0
MH218732.1,4,4,100.0
MH218733.1,8,8,100.0
MH218734.1,8,8,100.0
MH218735.1,8,8,100.0
MH218736.1,8,8,100.0
MH218737.1,8,8,100.0
MH218738.1,4,4,100.0
MH321825.1,8,8,100.0
MG892908.3,9,8,88.88888888888889
MG892929.3,8,8,100.0
MG892946.3,4,4,100.0
MG892953.3,4,4,100.0
MG892974.3,8,8,100.0
MG692610.1,8,8,100.0
MG706448.1,3,3,100.0
MG745985.1,8,8,100.0
MG745986.1,8,8,100.0
MG745987.1,8,8,100.0
MG745988.1,8,8,100.0
MG745989.1,8,8,100.0
MG745990.1,8,8,100.0
MG745991.1,8,8,100.0
MG745992.1,8,8,100.0
MG745993.1,8,8,100.0
MG745994.1,8,8,100.0
MG745995.1,8,8,100.0
MG745996.1,8,8,100.0
MG745997.1,8,8,100.0
MG745998.1,8,8,100.0
MG745999.1,8,8,100.0
MG746000.1,8,8,100.0
MG746001.1,8,8,100.0
MG746002.1,8,8,100.0
MG746003.1,8,8,100.0
MG746004.1,8,8,100.0
MG746005.1,8,8,100.0
MG746006.1,8,8,100.0
MG746007.1,8,8,100.0
MG746008.1,8,8,100.0
MG746009.1,8,8,100.0
MG746010.1,8,8,100.0
MG746011.1,8,8,100.0
MG746012.1,8,8,100.0
MG746013.1,8,8,100.0
MG746014.1,8,8,100.0
MG746015.1,8,8,100.0
MG746016.1,8,8,100.0
MG746017.1,8,8,100.0
MG746018.1,8,8,100.0
MG746019.1,8,8,100.0
MG746020.1,8,8,100.0
MG746021.1,8,8,100.0
MG746022.1,8,8,100.0
MG746023.1,8,8,100.0
MG746024.1,8,8,100.0
MG746025.1,8,8,100.0
MG746026.1,8,8,100.0
MG746027.1,8,8,100.0
MG746028.1,8,8,100.0
MG746029.1,8,8,100.0
MG746030.1,8,8,100.0
MG746031.1,8,8,100.0
MG746032.1,8,8,100.0
MG746033.1,8,8,100.0
MG746034.1,8,8,100.0
MG746035.1,8,8,100.0
MG746036.1,8,8,100.0
MG746037.1,8,8,100.0
MG746038.1,8,8,100.0
MG746039.1,8,8,100.0
MG746040.1,8,8,100.0
MG746041.1,8,8,100.0
MG746042.1,8,8,100.0
MG746043.1,8,8,100.0
MG746044.1,8,8,100.0
MG746045.1,8,8,100.0
MG049692.1,8,8,100.0
MG548737.1,8,8,100.0
MG572182.1,4,4,100.0
MG572719.1,3,3,100.0
MG572730.1,3,3,100.0
MG572731.1,3,3,100.0
MG572732.1,3,3,100.0
MF352142.1,3,3,100.0
MF352143.1,3,3,100.0
MF352144.1,3,3,100.0
LC868426.1,8,8,100.0
LC868427.1,8,8,100.0
LC868428.1,8,8,100.0
LC868429.1,8,8,100.0
LC868430.1,8,8,100.0
LC868431.1,8,8,100.0
LC868432.1,8,8,100.0
LC868433.1,8,8,100.0
LC868434.1,8,8,100.0
LC868435.1,8,8,100.0
LC868436.1,8,8,100.0
LC868437.1,8,8,100.0
LC868438.1,8,8,100.0
LC918507.1,8,8,100.0
LC918508.1,8,8,100.0
LC918509.1,8,8,100.0
LC918510.1,8,8,100.0
LC918511.1,8,8,100.0
LC918512.1,8,8,100.0
LC918513.1,8,8,100.0
LC918514.1,8,8,100.0
LC918515.1,8,8,100.0
LC918516.1,8,8,100.0
LC918517.1,8,8,100.0
LC918518.1,8,8,100.0
LC918519.1,8,8,100.0
LC918520.1,8,8,100.0
LC918521.1,8,8,100.0
LC918522.1,8,8,100.0
LC918523.1,8,8,100.0
LC918524.1,8,8,100.0
LC919492.1,8,8,100.0
LC769681.1,8,8,100.0
LC769682.1,4,4,100.0
LC769683.1,8,8,100.0
LC769684.1,8,8,100.0
LC769685.1,8,8,100.0
LC769688.1,8,8,100.0
LC769689.1,4,4,100.0
LC769691.1,8,8,100.0
LC769692.1,8,8,100.0
LC769693.1,8,8,100.0
LC769694.1,8,8,100.0
LC769695.1,8,8,100.0
LC769696.1,8,8,100.0
LC769697.1,8,8,100.0
LC769698.1,8,8,100.0
LC769699.1,8,8,100.0
LC769700.1,8,8,100.0
LC769701.1,8,8,100.0
LC769702.1,4,4,100.0
LC769703.1,9,8,88.88888888888889
LC769704.1,2,2,100.0
LC769705.1,8,8,100.0
LC769706.1,4,4,100.0
LC769707.1,8,8,100.0
LC769708.1,8,8,100.0
LC769709.1,4,4,100.0
LC769712.1,4,4,100.0
LC769713.1,4,4,100.0
LC769714.1,8,8,100.0
LC769715.1,4,4,100.0
LC777250.1,8,8,100.0
LC342059.1,8,8,100.0
LC369214.1,8,8,100.0
LC369215.1,8,8,100.0
LC369216.1,8,8,100.0
LC369217.1,8,8,100.0
LC369218.1,8,8,100.0
LC369219.1,8,8,100.0
LC369220.1,8,8,100.0
LC369221.1,8,8,100.0
LC369222.1,8,8,100.0
LC369224.1,8,8,100.0
LC369225.1,8,8,100.0
LC369227.1,8,8,100.0
LC369228.1,8,8,100.0
LC369229.1,8,8,100.0
LC369230.1,8,8,100.0
LC369231.1,8,8,100.0
LC369232.1,8,8,100.0
LC369233.1,8,8,100.0
LC369234.1,8,8,100.0
LC369235.1,8,8,100.0
LC369236.1,8,8,100.0
LC369237.1,8,8,100.0
LC369238.1,8,8,100.0
LC369239.1,8,8,100.0
LC369240.1,8,8,100.0
LC369241.1,8,8,100.0
LC369242.1,8,8,100.0
LC369243.1,8,8,100.0
LC369244.1,8,8,100.0
LC369245.1,8,8,100.0
LC369246.1,8,8,100.0
LC369247.1,8,8,100.0
LC369248.1,8,8,100.0
LC369249.1,8,8,100.0
LC369251.1,8,8,100.0
LC369252.1,8,8,100.0
LC369253.1,8,8,100.0
LC369254.1,8,8,100.0
LC369255.1,8,8,100.0
LC369256.1,8,8,100.0
LC369257.1,8,8,100.0
LC369258.1,8,0,0.0
KY905331.1,8,8,100.0
KY496327.1,8,8,100.0
KY210920.3,9,8,88.88888888888889
KY210980.3,8,8,100.0
KX586330.1,8,8,100.0
KT779557.1,4,4,100.0
KF895841.2,4,4,100.0
KF920739.4,2,2,100.0
KF944110.2,4,4,100.0
KF944111.3,4,4,100.0
HM596590.4,8,8,100.0
GU292831.4,4,4,100.0
PZ136054.1,4,4,100.0
PZ136057.1,4,4,100.0
PZ059667.1,8,8,100.0
PZ059668.1,8,8,100.0
PZ059669.1,8,8,100.0
PZ059670.1,8,8,100.0
PZ059671.1,8,8,100.0
PZ059672.1,8,8,100.0
PV902474.1,8,8,100.0
PV843276.1,8,8,100.0
PV806173.1,8,8,100.0
PV806174.1,8,8,100.0
PV765565.1,8,8,100.0
PV765568.1,8,8,100.0
PV765570.1,8,8,100.0
PV746275.1,8,8,100.0
PV746276.1,8,8,100.0
PV746277.1,8,8,100.0
PV746278.1,8,8,100.0
PV655189.1,8,8,100.0
PV636607.1,4,4,100.0
PQ461161.1,4,4,100.0
PV588655.1,8,8,100.0
PV588656.1,8,8,100.0
PV588657.1,8,8,100.0
PV588658.1,8,8,100.0
PV588796.1,8,8,100.0
PV588797.1,8,8,100.0
PV553834.1,8,8,100.0
PP498989.1,8,8,100.0
OR536443.1,8,8,100.0
OR536445.1,8,8,100.0
OR536446.1,8,8,100.0
OR536448.1,8,8,100.0
OR536449.1,8,8,100.0
OR536451.1,8,8,100.0
OR536452.1,8,8,100.0
OR536453.1,8,8,100.0
OR536455.1,8,8,100.0
OR536456.1,8,8,100.0
OR536461.1,8,8,100.0
OR536463.1,8,8,100.0
OR536471.1,4,4,100.0
OR536474.1,4,4,100.0
OR536495.1,8,8,100.0
OR536496.1,8,8,100.0
OR536497.1,4,4,100.0
OR536498.1,4,4,100.0
OR536499.1,4,4,100.0
PP381831.1,8,8,100.0
PP267279.1,8,8,100.0
PP267284.1,8,8,100.0
PP267285.1,8,8,100.0
PP267298.1,8,8,100.0
OR546391.1,8,8,100.0
OR546392.1,8,8,100.0
OR546393.1,8,8,100.0
OR546394.1,15,8,53.333333333333336
OR546395.1,15,8,53.333333333333336
OR546396.1,8,8,100.0
OR546397.1,8,8,100.0
OR546398.1,8,8,100.0
OR546399.1,8,8,100.0
OR546400.1,8,8,100.0
OR397766.1,8,8,100.0
OR397767.1,8,8,100.0
OR397768.1,8,8,100.0
OR397769.1,8,8,100.0
OR397770.1,8,8,100.0
OR397771.1,8,8,100.0
OR397772.1,8,8,100.0
OR397773.1,8,8,100.0
OR397774.1,8,8,100.0
OR397775.1,8,8,100.0
OR397776.1,8,8,100.0
OR397777.1,8,8,100.0
OR397778.1,8,8,100.0
OR397779.1,8,8,100.0
OR397780.1,8,8,100.0
OR397781.1,8,8,100.0
OR397782.1,8,8,100.0
OR397783.1,8,8,100.0
OR397784.1,8,8,100.0
OR397785.1,8,8,100.0
OR397786.1,8,8,100.0
OR397787.1,8,8,100.0
OR397788.1,8,8,100.0
OP691294.1,9,8,88.88888888888889
OP691295.1,9,8,88.88888888888889
OP609644.1,9,8,88.88888888888889
OP609645.1,9,8,88.88888888888889
OP609646.1,9,8,88.88888888888889
MW581004.1,8,8,100.0
MW581005.1,8,8,100.0
MW581006.1,8,8,100.0
MW581007.1,8,8,100.0
MW581008.1,8,8,100.0
MW581009.1,8,8,100.0
MW581010.1,8,8,100.0
MW581011.1,8,8,100.0
MW581012.1,8,8,100.0
MZ292759.1,8,8,100.0
MZ292794.1,8,8,100.0
MZ291623.1,8,8,100.0
MZ291626.1,8,8,100.0
MZ291632.1,8,8,100.0
MZ291634.1,8,8,100.0
MZ268407.1,9,8,88.88888888888889
MZ272053.1,8,8,100.0
MZ272475.1,8,8,100.0
MZ265063.2,8,8,100.0
MZ265142.1,8,8,100.0
MZ265418.1,8,8,100.0
MZ265480.1,8,8,100.0
MZ233435.1,8,8,100.0
MW661247.1,8,8,100.0
MW661251.1,8,8,100.0
MW661252.1,8,8,100.0
MW661254.1,8,8,100.0
MW661255.1,4,4,100.0
MW661257.1,8,8,100.0
MW661258.1,8,8,100.0
MW661259.1,8,8,100.0
MW661260.1,8,8,100.0
MW661261.1,8,8,100.0
MW661262.1,4,4,100.0
MW661263.1,8,8,100.0
MW661265.1,4,4,100.0
MW661267.1,8,8,100.0
MW661268.1,8,8,100.0
MW661269.1,8,8,100.0
MW661270.1,8,8,100.0
MW661277.1,8,8,100.0
MW661279.1,8,8,100.0
MW661280.1,8,8,100.0
MW661283.1,8,8,100.0
MT233268.1,8,8,100.0
MT218311.1,8,8,100.0
MT242482.1,8,8,100.0
MT316122.1,4,4,100.0
MT158850.1,8,8,100.0
MT158851.1,8,8,100.0
MT158852.1,8,8,100.0
MT158853.1,8,8,100.0
MT158854.1,4,4,100.0
MT158855.1,8,8,100.0
MT158856.1,8,8,100.0
MT158857.1,8,8,100.0
MT158858.1,8,8,100.0
MT158859.1,8,8,100.0
MT158860.1,8,8,100.0
MT158861.1,8,8,100.0
MT158862.1,8,8,100.0
MN394542.1,8,8,100.0
MN307993.1,8,8,100.0
MN307995.1,8,8,100.0
MN307996.1,8,8,100.0
MN307997.1,8,8,100.0
MN307998.1,8,8,100.0
MN307999.1,8,8,100.0
MN308001.1,8,8,100.0
MN308002.1,8,8,100.0
MN308003.1,8,8,100.0
MN308008.1,8,8,100.0
MN308010.1,8,8,100.0
MN308012.1,8,8,100.0
MN308014.1,8,8,100.0
MN308015.1,8,8,100.0
MN308017.1,8,8,100.0
MN308018.1,8,8,100.0
MN308019.1,8,8,100.0
MN308020.1,8,8,100.0
MN199033.1,4,4,100.0
MK614124.1,8,8,100.0
MK614125.1,8,8,100.0
MK614126.1,8,8,100.0
MK614127.1,8,8,100.0
MK614128.1,8,8,100.0
MK614129.1,8,8,100.0
MK614130.1,8,8,100.0
MK614131.1,8,8,100.0
MK614132.1,8,8,100.0
MK614133.1,8,8,100.0
MK614134.1,8,8,100.0
MK614135.1,8,8,100.0
MK614136.1,8,8,100.0
MK614137.1,8,8,100.0
MK775029.1,8,8,100.0
MK775032.1,8,8,100.0
MK773585.1,8,8,100.0
MK773587.1,8,8,100.0
MK762558.1,8,8,100.0
MK762560.1,9,8,88.88888888888889
MK762564.1,8,8,100.0
MK762566.1,8,8,100.0
MK762568.1,8,8,100.0
MK762626.1,8,8,100.0
MK762627.1,8,8,100.0
MK762629.1,8,8,100.0
MK762632.1,8,8,100.0
MK762633.1,8,8,100.0
MK762636.1,8,8,100.0
MK762637.1,8,8,100.0
MK762745.1,9,8,88.88888888888889
MK762746.1,8,8,100.0
MK764013.1,8,8,100.0
MK764014.1,9,8,88.88888888888889
MK764015.1,8,8,100.0
MK764021.1,8,8,100.0
MK764022.1,8,8,100.0
MK764039.1,8,8,100.0
MK764041.1,8,8,100.0
MH041321.1,8,8,100.0
MH041322.1,8,8,100.0
MK752934.1,8,8,100.0
MK752937.1,8,8,100.0
MK752939.1,8,8,100.0
MK752941.1,8,8,100.0
MK752942.1,8,8,100.0
MK752946.1,9,8,88.88888888888889
MK752947.1,9,8,88.88888888888889
MK753007.1,8,8,100.0
MK753008.1,9,8,88.88888888888889
MK753009.1,9,8,88.88888888888889
MK753010.1,9,8,88.88888888888889
MK753012.1,8,8,100.0
MK753016.1,8,8,100.0
MK753033.1,8,8,100.0
MK753034.1,8,8,100.0
MK753035.1,8,8,100.0
MK753036.1,8,8,100.0
MK754442.1,8,8,100.0
MK754443.1,9,8,88.88888888888889
MK754445.1,8,8,100.0
MK754447.1,8,8,100.0
MK756034.1,8,8,100.0
MK756035.1,8,8,100.0
MK729086.1,8,8,100.0
MG214988.1,8,8,100.0
MG002632.1,8,8,100.0
MG002634.1,8,8,100.0
PQ196508.1,8,8,100.0
PQ196512.1,8,8,100.0
PQ196514.1,8,8,100.0
PQ196516.1,8,8,100.0
PQ196517.1,8,8,100.0
PQ196518.1,8,8,100.0
PQ196520.1,8,8,100.0
PQ196523.1,8,8,100.0
PQ196525.1,8,8,100.0
PQ196526.1,8,8,100.0
PQ196528.1,8,8,100.0
PQ196529.1,8,8,100.0
PQ196530.1,8,8,100.0
PQ196532.1,8,8,100.0
PQ196533.1,8,8,100.0
PQ196534.1,8,8,100.0
PQ196536.1,8,8,100.0
PQ196537.1,8,8,100.0
PQ196538.1,8,8,100.0
PQ196539.1,8,8,100.0
PQ196541.1,8,8,100.0
PQ196543.1,8,8,100.0
PQ196546.1,8,8,100.0
PQ196547.1,8,8,100.0
PQ196549.1,8,8,100.0
PQ196551.1,8,8,100.0
PQ196556.1,8,8,100.0
PQ196557.1,8,8,100.0
PQ196561.1,8,8,100.0
PQ196562.1,8,8,100.0
PQ196564.1,8,8,100.0
PQ196565.1,8,8,100.0
PQ196566.1,8,8,100.0
PQ196568.1,8,8,100.0
PV297973.1,8,8,100.0
PV275041.1,8,8,100.0
PV275048.1,8,8,100.0
PV275055.1,8,8,100.0
PV275057.1,8,8,100.0
PV275059.1,8,8,100.0
PV275064.1,8,8,100.0
PV275065.1,8,8,100.0
PV275066.1,8,8,100.0
PV275069.1,8,8,100.0
PV174239.1,8,8,100.0
PV174243.1,8,8,100.0
PV174244.1,8,8,100.0
PV174245.1,8,8,100.0
OR713748.1,9,8,88.88888888888889
OR700741.1,8,8,100.0
OR700742.1,8,8,100.0
OR700746.1,8,8,100.0
OR685283.1,8,8,100.0
OR069404.1,4,4,100.0
OR051787.1,8,8,100.0
OR051903.1,8,8,100.0
OR051927.1,8,8,100.0
OR065073.1,4,4,100.0
OR065090.1,8,8,100.0
OR069405.1,8,8,100.0
OR069406.1,8,8,100.0
MZ478140.1,8,8,100.0
OL826940.1,8,8,100.0
OL826941.1,8,8,100.0
OL826942.1,8,8,100.0
OL826943.1,8,8,100.0
OL721917.1,8,8,100.0
LC597111.1,9,8,88.88888888888889
LC597112.1,8,8,100.0
LC597113.1,9,8,88.88888888888889
LC597120.1,8,8,100.0
LC597121.1,8,8,100.0
LC597124.1,8,8,100.0
LC597126.1,9,8,88.88888888888889
LC597127.1,8,8,100.0
LC597132.1,4,4,100.0
MT735394.1,8,8,100.0
MN588299.1,8,8,100.0
MN588300.1,8,8,100.0
MN588301.1,8,8,100.0
MN588302.1,8,8,100.0
MN588303.1,8,8,100.0
MN588304.1,8,8,100.0
MN588305.1,8,8,100.0
MN588306.1,8,8,100.0
MN588307.1,8,8,100.0
MW009068.1,8,8,100.0
MW009072.1,8,8,100.0
KY865306.1,8,8,100.0
KY865307.1,8,8,100.0
KY947546.1,8,8,100.0
KY947547.1,8,8,100.0
KY947548.1,9,8,88.88888888888889
KY947549.1,8,8,100.0
KY947550.1,8,8,100.0
OR793082.1,8,8,100.0
OR793083.1,8,8,100.0
OR793084.1,8,8,100.0
OR793086.1,8,8,100.0
OR793087.1,8,8,100.0
OR793088.1,8,8,100.0
OR793089.1,8,8,100.0
OR793090.1,8,8,100.0
OR793091.1,8,8,100.0
OR793092.1,8,8,100.0
OR793093.1,8,8,100.0
OR793094.1,8,8,100.0
OR793098.1,8,8,100.0
OR793099.1,8,8,100.0
OR793100.1,8,8,100.0
OR793101.1,4,4,100.0
PV750886.1,8,8,100.0
PV750898.1,8,8,100.0
PV784278.1,8,8,100.0
PV784280.1,8,8,100.0
PQ475911.1,8,8,100.0
PQ482378.1,8,8,100.0
PQ482379.1,8,8,100.0
PQ482380.1,8,8,100.0
PQ273191.1,8,8,100.0
PQ273192.1,8,8,100.0
PQ195879.1,8,8,100.0
PQ195881.1,8,8,100.0
PQ195882.1,8,8,100.0
PQ195883.1,8,8,100.0
PQ195885.1,8,8,100.0
PQ195886.1,8,8,100.0
PQ195887.1,8,8,100.0
PQ195888.1,8,8,100.0
PQ195889.1,8,8,100.0
PQ195890.1,8,8,100.0
PQ195892.1,8,8,100.0
PQ195894.1,8,8,100.0
PQ195895.1,8,8,100.0
PQ195896.1,8,8,100.0
PQ195897.1,8,8,100.0
PQ195899.1,8,8,100.0
PQ195900.1,8,8,100.0
PQ195901.1,8,8,100.0
PQ195902.1,8,8,100.0
PQ195903.1,8,8,100.0
PQ195906.1,8,8,100.0
PQ195907.1,8,8,100.0
PQ195908.1,8,8,100.0
PQ195909.1,8,8,100.0
PQ195910.1,8,8,100.0
PQ195911.1,8,8,100.0
PQ195912.1,8,8,100.0
PQ195913.1,8,8,100.0
PQ195914.1,8,8,100.0
PQ195915.1,8,8,100.0
PQ195916.1,8,8,100.0
PQ195917.1,8,8,100.0
PQ195919.1,8,8,100.0
PQ195920.1,8,8,100.0
PQ195921.1,8,8,100.0
PQ195922.1,8,8,100.0
PQ195923.1,8,8,100.0
PQ195924.1,8,8,100.0
PQ195925.1,8,8,100.0
PQ195926.1,8,8,100.0
PQ195927.1,8,8,100.0
PQ195928.1,8,8,100.0
PQ195929.1,8,8,100.0
PQ195930.1,8,8,100.0
PQ195931.1,8,8,100.0
PQ195932.1,8,8,100.0
PQ195933.1,8,8,100.0
PQ195934.1,8,8,100.0
PQ195935.1,8,8,100.0
PQ195936.1,8,8,100.0
PQ195937.1,8,8,100.0
PQ195938.1,8,8,100.0
PQ195939.1,8,8,100.0
PQ195940.1,8,8,100.0
PQ195942.1,8,8,100.0
PQ195943.1,8,8,100.0
PQ195944.1,8,8,100.0
PQ195945.1,8,8,100.0
PQ195946.1,8,8,100.0
PQ195947.1,8,8,100.0
PQ195948.1,8,8,100.0
PQ195949.1,8,8,100.0
PQ195950.1,8,8,100.0
PQ195951.1,8,8,100.0
PQ195952.1,8,8,100.0
PQ207921.1,8,8,100.0
PQ207925.1,8,8,100.0
PQ207926.1,8,8,100.0
PQ207927.1,8,8,100.0
PQ207928.1,8,8,100.0
PQ207933.1,8,8,100.0
PQ207934.1,8,8,100.0
PQ207937.1,8,8,100.0
PQ207944.1,8,8,100.0
PQ207945.1,8,8,100.0
PQ207946.1,8,8,100.0
PQ207947.1,8,8,100.0
PQ208315.1,8,8,100.0
PQ208316.1,8,8,100.0
PQ208317.1,8,8,100.0
PQ208319.1,8,8,100.0
PQ208320.1,8,8,100.0
PQ208321.1,8,8,100.0
PQ208322.1,8,8,100.0
PQ208323.1,8,8,100.0
PQ208326.1,8,8,100.0
PQ208327.1,8,8,100.0
PQ208328.1,8,8,100.0
PQ208329.1,8,8,100.0
PQ214832.1,8,8,100.0
PQ214835.1,8,8,100.0
PQ214837.1,8,8,100.0
PQ215524.1,8,8,100.0
PQ215526.1,8,8,100.0
PQ219041.1,8,8,100.0
PQ641315.1,8,8,100.0
PQ507174.1,4,4,100.0
PQ507178.1,8,8,100.0
PQ507179.1,8,8,100.0
PQ442935.1,4,4,100.0
PQ442936.1,4,4,100.0
PQ442937.1,4,4,100.0
PQ373119.1,8,8,100.0
PQ373125.1,8,8,100.0
PQ373128.1,8,8,100.0
PQ373130.1,8,8,100.0
PQ373134.1,8,8,100.0
PQ373135.1,8,8,100.0
PQ373136.1,8,8,100.0
PQ373137.1,8,8,100.0
PQ373141.1,8,8,100.0
PQ373143.1,8,8,100.0
PQ373144.1,8,8,100.0
PQ373145.1,8,8,100.0
PQ373146.1,8,8,100.0
OP205527.1,8,8,100.0
OP205541.1,8,8,100.0
OP205566.1,8,8,100.0
OP205577.1,4,4,100.0
OP205578.1,4,4,100.0
OP205579.1,8,8,100.0
OP205580.1,8,8,100.0
OP205582.1,8,8,100.0
OR084256.1,8,8,100.0
OR084257.1,8,8,100.0
OR084258.1,8,8,100.0
OR084259.1,8,8,100.0
OR084260.1,8,8,100.0
OR084261.1,8,8,100.0
OR084262.1,8,8,100.0
OR084263.1,8,8,100.0
OR084264.1,8,8,100.0
OP805360.1,8,8,100.0
OP805361.1,8,8,100.0
OK376252.1,8,8,100.0
MT362912.1,8,8,100.0
MT409884.1,4,4,100.0
MK928496.1,8,8,100.0
MK928497.1,8,8,100.0
MK928498.1,8,8,100.0
MK928499.1,8,8,100.0
MH260483.1,8,8,100.0
MH260484.1,8,8,100.0
MH260485.1,8,8,100.0
MH260488.1,8,8,100.0
MH260490.1,8,8,100.0
MH260492.1,8,8,100.0
MH260502.1,8,8,100.0
MH260504.1,8,8,100.0
KJ710245.2,8,8,100.0
PV920370.1,8,8,100.0
PX285873.1,4,4,100.0
PQ308684.1,8,8,100.0
PQ308685.1,8,8,100.0
PQ308686.1,8,8,100.0
PQ308687.1,8,8,100.0
PQ308689.1,8,8,100.0
PQ310124.1,8,8,100.0
PQ310125.2,8,8,100.0
PQ310126.1,8,8,100.0
PQ310127.1,8,8,100.0
PQ310128.1,8,8,100.0
PQ310129.1,8,8,100.0
PQ310130.1,8,8,100.0
PQ310131.1,8,8,100.0
PQ310234.1,8,8,100.0
PQ310236.1,8,8,100.0
PQ304612.1,8,8,100.0
PQ304613.1,8,8,100.0
PQ304632.1,8,8,100.0
PP658551.1,8,8,100.0
PP658555.1,4,4,100.0
PP658557.1,4,4,100.0
PP658559.1,8,8,100.0
PP658560.1,8,8,100.0
PP658561.1,8,8,100.0
PP645199.1,8,8,100.0
PP645200.1,4,4,100.0
PP564826.1,4,4,100.0
PP564827.1,4,4,100.0
PP564828.1,4,4,100.0
PP564829.1,8,8,100.0
PP564830.1,8,8,100.0
PP564831.1,8,8,100.0
PP564832.1,8,8,100.0
PP564833.1,8,8,100.0
PP564834.1,8,8,100.0
MN525275.1,8,8,100.0
MN493873.1,8,8,100.0
KC962453.2,8,8,100.0
KC962462.3,8,8,100.0
