1065968937	completed
961902021	completed
994605678	completed
1937432858	completed
1385426277	completed
1469301538	completed
1334839459	completed
185779207	completed
287737665	completed
692693545	completed
786187528	completed
854680494	completed
1053988086	completed
1310807977	completed
2032596914	completed
521687983	completed
886052853	completed
669639259	completed
747358537	completed
655126892	completed
896172078	completed
1270348046	completed
1319788279	completed
430056448	completed
512592749	completed
752298976	completed
1521804438	completed
297725813	completed
975384379	completed
1726806643	completed
1419592309	completed
617206139	completed
1218576332	completed
1725298296	completed
812673905	completed
2022992693	completed
1974899080	completed
1669808527	completed
804308214	completed
1374898495	completed
1329505787	completed
1657319512	completed
978430078	completed
508182639	completed
