name,begin,length,end,BLAST,BLAST score,refseq,reverse complement,polymerase type,polymerase type support,polymerase subtype,polymerase subtype support,capsid type,capsid type support,capsid subtype,capsid subtype support
MH218629.1,0,7559,7565,Caliciviridae Norovirus GII,85.10743,NC_029646,False,GII.P31 (GII.Pe),100.0,,,GII.4,100.0,Sydney_2012,98.0
MH218631.1,0,7559,7565,Caliciviridae Norovirus GII,84.8122,NC_029646,False,GII.P31 (GII.Pe),100.0,,,GII.4,100.0,Sydney_2012,99.0
MH218633.1,0,7566,7566,Caliciviridae Norovirus GII,85.152176,NC_029646,False,GII.P4,100.0,New_Orleans_2009,99.0,GII.4,100.0,Sydney_2012,93.0
MH218635.1,0,7559,7565,Caliciviridae Norovirus GII,84.63179,NC_029646,False,GII.P31 (GII.Pe),100.0,,,GII.4,100.0,Could not assign,
MH218637.1,0,7559,7565,Caliciviridae Norovirus GII,84.63179,NC_029646,False,GII.P31 (GII.Pe),100.0,,,GII.4,100.0,Could not assign,
MH218639.1,6,7550,7559,Caliciviridae Norovirus GII,87.39854,NC_029646,False,GII.P7,100.0,,,GII.6,100.0,,
MH218641.1,6,7550,7559,Caliciviridae Norovirus GII,87.09248,NC_029646,False,GII.P7,100.0,,,GII.6,100.0,,
MH218643.1,6,7550,7559,Caliciviridae Norovirus GII,87.491684,NC_029646,False,GII.P7,100.0,,,GII.6,100.0,,
MH218645.1,6,7521,7530,Caliciviridae Norovirus GII,87.85345,NC_029646,False,GII.P7,100.0,,,GII.6,100.0,,
MH218650.1,6,7550,7559,Caliciviridae Norovirus GII,87.23885,NC_029646,False,GII.P7,100.0,,,GII.6,100.0,,
MH218652.1,0,7560,7560,Caliciviridae Norovirus GII,84.96721,NC_029646,False,GII.P4,100.0,New_Orleans_2009,100.0,GII.4,100.0,Could not assign,
MH218654.1,0,7548,7548,Caliciviridae Norovirus GII,81.2374,NC_029646,False,GII.P21 (GII.Pb),100.0,,,GII.3,100.0,,
MH218657.1,0,7497,7497,Caliciviridae Norovirus GII,85.87811,NC_029646,False,GII.P31 (GII.Pe),100.0,,,GII.2,100.0,,
MH218660.1,0,7548,7548,Caliciviridae Norovirus GII,80.91795,NC_029646,False,GII.P21 (GII.Pb),100.0,,,GII.3,100.0,,
MH218662.1,0,7559,7565,Caliciviridae Norovirus GII,84.992615,NC_029646,False,GII.P31 (GII.Pe),100.0,,,GII.4,100.0,Sydney_2012,89.0
MH218665.1,0,7554,7560,Caliciviridae Norovirus GII,84.34152,NC_029646,False,GII.P4,100.0,New_Orleans_2009,100.0,GII.4,100.0,Could not assign,
MH218667.1,6,7521,7530,Caliciviridae Norovirus GII,87.54812,NC_029646,False,GII.P7,100.0,,,GII.6,100.0,,
MH218669.1,0,7564,7570,Caliciviridae Norovirus GII,84.14053,NC_029646,False,GII.P4,100.0,New_Orleans_2009,91.0,GII.4,100.0,Could not assign,
MH218671.1,0,7548,7548,Caliciviridae Norovirus GII,80.93477,NC_029646,False,GII.P21 (GII.Pb),100.0,,,GII.3,100.0,,
MH218673.1,6,7521,7530,Caliciviridae Norovirus GII,87.85345,NC_029646,False,GII.P7,100.0,,,GII.6,100.0,,
MH218675.1,0,7548,7548,Caliciviridae Norovirus GII,80.93477,NC_029646,False,GII.P21 (GII.Pb),100.0,,,GII.3,100.0,,
MH218677.1,0,7548,7548,Caliciviridae Norovirus GII,80.91795,NC_029646,False,GII.P21 (GII.Pb),100.0,,,GII.3,100.0,,
MH218679.1,0,7548,7548,Caliciviridae Norovirus GII,80.91795,NC_029646,False,GII.P21 (GII.Pb),100.0,,,GII.3,100.0,,
MH218681.1,0,7548,7548,Caliciviridae Norovirus GII,80.91795,NC_029646,False,GII.P21 (GII.Pb),100.0,,,GII.3,100.0,,
MH218683.1,0,7548,7548,Caliciviridae Norovirus GII,80.901146,NC_029646,False,GII.P21 (GII.Pb),100.0,,,GII.3,100.0,,
MH218685.1,0,7559,7565,Caliciviridae Norovirus GII,75.79878,NC_029646,False,GII.P16,100.0,,,GII.4,100.0,Sydney_2016,100.0
MH218687.1,6,7546,7555,Caliciviridae Norovirus GII,87.47838,NC_029646,False,GII.P7,100.0,,,GII.6,100.0,,
MH218689.1,0,7562,7556,Caliciviridae Norovirus GII,75.646484,NC_029646,False,GII.P17,100.0,,,GII.17,100.0,,
MH218691.1,0,7550,7556,Caliciviridae Norovirus GII,84.440414,NC_029646,False,GII.P4,100.0,New_Orleans_2009,100.0,GII.4,100.0,Could not assign,
MH218693.1,0,7548,7548,Caliciviridae Norovirus GII,80.88433,NC_029646,False,GII.P21 (GII.Pb),100.0,,,GII.3,100.0,,
MH218695.1,0,7574,7580,Caliciviridae Norovirus GII,84.59898,NC_029646,False,GII.P4,100.0,New_Orleans_2009,99.0,GII.4,100.0,Could not assign,
MH218697.1,0,7545,7545,Caliciviridae Norovirus GII,85.81711,NC_029646,False,GII.P31 (GII.Pe),100.0,,,GII.2,100.0,,
MH218699.1,0,7560,7566,Caliciviridae Norovirus GII,85.10743,NC_029646,False,GII.P31 (GII.Pe),100.0,,,GII.4,100.0,Sydney_2012,98.0
MH218701.1,0,7546,7552,Caliciviridae Norovirus GII,84.992615,NC_029646,False,GII.P31 (GII.Pe),100.0,,,GII.4,100.0,Sydney_2012,86.0
MH218703.1,0,7552,7558,Caliciviridae Norovirus GII,84.68099,NC_029646,False,GII.P4,100.0,New_Orleans_2009,100.0,GII.4,100.0,Could not assign,
MH218705.1,0,7563,7569,Caliciviridae Norovirus GII,85.05823,NC_029646,False,GII.P31 (GII.Pe),100.0,,,GII.4,100.0,Sydney_2012,100.0
MH218707.1,0,7517,7523,Caliciviridae Norovirus GII,85.041824,NC_029646,False,GII.P31 (GII.Pe),100.0,,,GII.4,100.0,Sydney_2012,99.0
MH218709.1,0,7517,7523,Caliciviridae Norovirus GII,85.07463,NC_029646,False,GII.P31 (GII.Pe),100.0,,,GII.4,100.0,Sydney_2012,100.0
MH218711.1,0,7551,7557,Caliciviridae Norovirus GII,85.140236,NC_029646,False,GII.P31 (GII.Pe),100.0,,,GII.4,100.0,Sydney_2012,98.0
MH218713.1,0,7517,7523,Caliciviridae Norovirus GII,84.66459,NC_029646,False,GII.P4,100.0,New_Orleans_2009,100.0,GII.4,100.0,Could not assign,
MH218715.1,0,7566,7572,Caliciviridae Norovirus GII,85.140236,NC_029646,False,GII.P31 (GII.Pe),100.0,,,GII.4,100.0,Sydney_2012,100.0
MH218717.1,0,7548,7548,Caliciviridae Norovirus GII,81.05794,NC_029646,False,GII.P21 (GII.Pb),100.0,,,GII.3,100.0,,
MH218719.1,6,7550,7559,Caliciviridae Norovirus GII,87.43846,NC_029646,False,GII.P7,100.0,,,GII.6,100.0,,
MH218732.1,0,7548,7548,Caliciviridae Norovirus GII,81.06927,NC_029646,False,GII.P21 (GII.Pb),100.0,,,GII.3,100.0,,
MH218734.1,0,7536,7536,Caliciviridae Norovirus GII,77.90811,NC_029646,False,GII.P2,100.0,,,GII.2,100.0,,
MH218736.1,0,7537,7537,Caliciviridae Norovirus GII,78.17467,NC_029646,False,GII.P2,100.0,,,GII.2,100.0,,
MH218738.1,0,7563,7563,Caliciviridae Norovirus GII,81.2374,NC_029646,False,GII.P21 (GII.Pb),100.0,,,GII.3,100.0,,
MH413070.1,2,7558,7566,Caliciviridae Norovirus GII,85.33224,NC_029646,False,GII.P4,100.0,Hunter_2004,88.0,GII.4,100.0,Hunter_2004,100.0
MH979229.1,0,7546,7546,Caliciviridae Norovirus GII,76.48693,NC_029646,False,GII.P16,100.0,,,GII.2,100.0,,
MK282256.1,0,7601,7595,Caliciviridae Norovirus GII,75.74718,NC_029646,False,GII.P17,100.0,,,GII.17,100.0,,
MK282258.1,0,7599,7593,Caliciviridae Norovirus GII,75.79618,NC_029646,False,GII.P17,100.0,,,GII.17,100.0,,
MK483909.2,2,7584,7592,Caliciviridae Norovirus GII,75.86889,NC_029646,False,GII.P16,100.0,,,GII.4,100.0,Sydney_2016,100.0
MK641589.1,6,7529,7532,Caliciviridae Norovirus GII,87.03924,NC_029646,False,GII.P7,100.0,,,GII.14,100.0,,
MK752936.1,0,7556,7562,Caliciviridae Norovirus GII,75.712166,NC_029646,False,GII.P16,100.0,,,GII.4,100.0,Sydney_2016,100.0
MK753015.1,0,7536,7536,Caliciviridae Norovirus GII,77.82665,NC_029646,False,GII.P2,100.0,,,GII.2,100.0,,
MK762621.1,0,7565,7571,Caliciviridae Norovirus GII,75.761566,NC_029646,False,GII.P16,100.0,,,GII.4,100.0,Sydney_2016,100.0
MK762635.1,0,7568,7568,Caliciviridae Norovirus GII,76.41525,NC_029646,False,GII.P16,100.0,,,GII.4,100.0,Sydney_2016,100.0
MK764016.1,0,7555,7561,Caliciviridae Norovirus GII,75.77803,NC_029646,False,GII.P16,100.0,,,GII.4,100.0,Sydney_2016,100.0
MK773584.1,0,7559,7565,Caliciviridae Norovirus GII,75.72864,NC_029646,False,GII.P16,100.0,,,GII.4,100.0,Sydney_2016,100.0
MK789435.1,0,7569,7575,Caliciviridae Norovirus GII,84.97622,NC_029646,False,GII.P31 (GII.Pe),100.0,,,GII.4,100.0,Could not assign,
MN400355.2,0,7556,7556,Caliciviridae Norovirus GII,85.2966,NC_029646,False,GII.P31 (GII.Pe),100.0,,,GII.4,100.0,Hong_Kong_2019,100.0
MN447471.1,0,7578,7551,Caliciviridae Norovirus GII,76.397766,NC_029646,False,GII.P16,100.0,,,GII.16,100.0,,
MN453359.1,9,7523,7529,Caliciviridae Norovirus GII,68.44744,NC_029646,False,GII.P24,100.0,,,GII.24,100.0,,
MN853414.1,0,7556,7550,Caliciviridae Norovirus GII,75.82884,NC_029646,False,GII.P17,100.0,,,GII.17,100.0,,
MN897755.1,0,7580,7586,Caliciviridae Norovirus GII,75.81097,NC_029646,False,GII.P16,100.0,,,GII.4,100.0,Sydney_2016,100.0
MT026582.1,0,7557,7563,Caliciviridae Norovirus GII,84.539314,NC_029646,False,GII.P4,100.0,New_Orleans_2009,100.0,GII.4,100.0,Could not assign,
MT029316.1,0,7604,7604,Caliciviridae Norovirus GII,76.096085,NC_029646,False,GII.P16,100.0,,,GII.4,100.0,Sydney_2016,100.0
MT031821.1,0,7560,7566,Caliciviridae Norovirus GII,75.77803,NC_029646,False,GII.P16,100.0,,,GII.4,100.0,Sydney_2016,100.0
MT232050.1,0,7560,7566,Caliciviridae Norovirus GII,85.140236,NC_029646,False,GII.P31 (GII.Pe),100.0,,,GII.4,100.0,Sydney_2012,98.0
MT712130.1,0,7533,7527,Caliciviridae Norovirus GII,85.63249,NC_029646,False,GII.P33 (GII.Pg),100.0,,,GII.12,100.0,,
MT712157.1,0,7569,7575,Caliciviridae Norovirus GII,84.92701,NC_029646,False,GII.P31 (GII.Pe),100.0,,,GII.4,100.0,Could not assign,
MT724793.1,0,7536,7536,Caliciviridae Norovirus GII,78.030426,NC_029646,False,GII.P2,100.0,,,GII.2,100.0,,
MT726225.1,0,7568,7574,Caliciviridae Norovirus GII,85.140236,NC_029646,False,GII.P31 (GII.Pe),100.0,,,GII.4,100.0,Sydney_2012,76.0
MT729791.1,0,7561,7555,Caliciviridae Norovirus GII,75.84518,NC_029646,False,GII.P17,100.0,,,GII.17,100.0,,
MT731332.1,6,7553,7556,Caliciviridae Norovirus GII,86.56969,NC_029646,False,GII.P7,100.0,,,GII.7,100.0,,
MT755733.1,0,7557,7557,Caliciviridae Norovirus GII,89.23594,NC_029646,False,GII.P12,100.0,,,GII.3,100.0,,
MW305737.1,6,7556,7565,Caliciviridae Norovirus GII,89.039635,NC_029646,False,GII.P6,84.0,,,GII.6,100.0,,
MW661253.1,0,7589,7583,Caliciviridae Norovirus GII,75.564644,NC_029646,False,GII.P17,100.0,,,GII.17,100.0,,
MW661266.1,0,7511,7517,Caliciviridae Norovirus GII,77.991196,NC_029646,False,GII.P16,100.0,,,GII.1,100.0,,
MW661272.1,0,7529,7535,Caliciviridae Norovirus GII,78.03121,NC_029646,False,GII.P16,100.0,,,GII.1,100.0,,
MW661274.1,6,7550,7559,Caliciviridae Norovirus GII,87.830475,NC_029646,False,GII.P7,100.0,,,GII.6,100.0,,
MW661278.1,0,7605,7611,Caliciviridae Norovirus GII,76.00857,NC_029646,False,GII.P16,100.0,,,GII.4,100.0,Sydney_2016,100.0
MW661282.1,0,7603,7609,Caliciviridae Norovirus GII,75.97563,NC_029646,False,GII.P16,100.0,,,GII.4,100.0,Sydney_2016,100.0
MW981327.1,0,7554,7560,Caliciviridae Norovirus GII,84.885445,NC_029646,False,GII.P31 (GII.Pe),100.0,,,GII.4,100.0,Could not assign,
MZ268408.1,0,7494,7497,Caliciviridae Norovirus GII,76.405045,NC_029646,False,GII.P16,100.0,,,GII.13,100.0,,
MZ312111.1,6,7544,7550,Caliciviridae Norovirus GII,87.24809,NC_029646,False,GII.P7,100.0,,,GII.9,100.0,,
NC_040876.1,6,7521,7530,Caliciviridae Norovirus GII,87.85345,NC_029646,False,GII.P7,100.0,,,GII.6,100.0,,
OK376253.1,0,7536,7536,Caliciviridae Norovirus GII,76.67376,NC_029646,False,GII.P16,100.0,,,GII.2,100.0,,
OK376255.1,0,7536,7536,Caliciviridae Norovirus GII,76.67376,NC_029646,False,GII.P16,100.0,,,GII.2,100.0,,
OK376258.1,0,7536,7536,Caliciviridae Norovirus GII,76.67376,NC_029646,False,GII.P16,100.0,,,GII.2,100.0,,
OK376260.1,0,7536,7536,Caliciviridae Norovirus GII,76.67376,NC_029646,False,GII.P16,100.0,,,GII.2,100.0,,
OK376262.1,0,7536,7536,Caliciviridae Norovirus GII,76.67376,NC_029646,False,GII.P16,100.0,,,GII.2,100.0,,
OK376264.1,0,7536,7536,Caliciviridae Norovirus GII,76.67376,NC_029646,False,GII.P16,100.0,,,GII.2,100.0,,
OL451533.1,-36,7584,7548,Caliciviridae Norovirus GII,69.155556,NC_029646,False,GII.P25,100.0,,,GII.3,100.0,,
OL898507.1,0,7536,7536,Caliciviridae Norovirus GII,76.646515,NC_029646,False,GII.P16,100.0,,,GII.2,100.0,,
OL898509.1,0,7560,7566,Caliciviridae Norovirus GII,85.15663,NC_029646,False,GII.P31 (GII.Pe),100.0,,,GII.4,100.0,Sydney_2012,76.0
OL898511.1,0,7560,7566,Caliciviridae Norovirus GII,85.231575,NC_029646,False,GII.P31 (GII.Pe),100.0,,,GII.4,100.0,Sydney_2012,99.0
OL898513.1,6,7529,7538,Caliciviridae Norovirus GII,87.124176,NC_029646,False,GII.P7,100.0,,,GII.14,100.0,,
OL898515.1,0,7560,7566,Caliciviridae Norovirus GII,75.8439,NC_029646,False,GII.P16,100.0,,,GII.4,100.0,Sydney_2016,100.0
OL913975.1,0,7548,7548,Caliciviridae Norovirus GII,90.2267,NC_029646,False,GII.P12,100.0,,,GII.3,100.0,,
OL913977.1,0,7559,7565,Caliciviridae Norovirus GII,85.173035,NC_029646,False,GII.P31 (GII.Pe),100.0,,,GII.4,100.0,Sydney_2012,75.0
OL943800.1,0,7559,7565,Caliciviridae Norovirus GII,84.566185,NC_029646,False,GII.P4,99.0,Den_Haag_2006b,95.0,GII.4,100.0,New_Orleans_2009,100.0
OL943802.1,0,7546,7531,Caliciviridae Norovirus GII,83.7015,NC_029646,False,GII.P31 (GII.Pe),100.0,,,GII.17,100.0,,
ON569431.1,0,7556,7556,Caliciviridae Norovirus GII,89.48782,NC_029646,False,GII.P12,100.0,,,GII.3,100.0,,
OP037977.1,0,7560,7566,Caliciviridae Norovirus GII,75.741196,NC_029646,False,GII.P16,100.0,,,GII.4,100.0,Sydney_2016,100.0
OP037979.1,0,7560,7566,Caliciviridae Norovirus GII,75.692055,NC_029646,False,GII.P16,100.0,,,GII.4,100.0,Sydney_2016,100.0
OP037981.1,0,7560,7566,Caliciviridae Norovirus GII,75.642914,NC_029646,False,GII.P16,100.0,,,GII.4,100.0,Sydney_2016,100.0
OP037983.1,0,7560,7566,Caliciviridae Norovirus GII,75.659294,NC_029646,False,GII.P16,100.0,,,GII.4,100.0,Sydney_2016,100.0
OP686904.1,0,7533,7527,Caliciviridae Norovirus GII,93.28815,NC_029646,False,GII.P8,100.0,,,GII.8,100.0,,
OP689558.1,0,7545,7545,Caliciviridae Norovirus GII,76.55917,NC_029646,False,GII.P16,100.0,,,GII.2,100.0,,
OP690425.1,6,7560,7569,Caliciviridae Norovirus GII,87.773796,NC_029646,False,GII.P7,100.0,,,GII.6,100.0,,
OP690427.1,0,7527,7527,Caliciviridae Norovirus GII,81.29984,NC_029646,False,GII.P16,100.0,,,GII.12,100.0,,
OP712196.1,6,7587,7596,Caliciviridae Norovirus GII,87.197235,NC_029646,False,GII.P7,100.0,,,GII.6,100.0,,
OP712198.1,0,7599,7605,Caliciviridae Norovirus GII,75.85586,NC_029646,False,GII.P16,100.0,,,GII.4,100.0,Sydney_2016,100.0
OP901692.1,6,7587,7596,Caliciviridae Norovirus GII,87.330315,NC_029646,False,GII.P7,100.0,,,GII.6,100.0,,
OP901694.1,0,7599,7605,Caliciviridae Norovirus GII,75.659294,NC_029646,False,GII.P16,100.0,,,GII.4,100.0,Sydney_2016,100.0
OQ940068.1,0,7560,7566,Caliciviridae Norovirus GII,75.82743,NC_029646,False,GII.P16,100.0,,,GII.4,100.0,Sydney_2016,100.0
OQ940070.1,0,7560,7566,Caliciviridae Norovirus GII,75.62653,NC_029646,False,GII.P16,100.0,,,GII.4,100.0,Sydney_2016,100.0
OQ940072.1,0,7560,7566,Caliciviridae Norovirus GII,75.57739,NC_029646,False,GII.P16,100.0,,,GII.4,100.0,Sydney_2016,100.0
OQ940074.1,0,7560,7566,Caliciviridae Norovirus GII,75.675674,NC_029646,False,GII.P16,100.0,,,GII.4,100.0,Sydney_2016,100.0
OQ940076.1,0,7560,7566,Caliciviridae Norovirus GII,75.708435,NC_029646,False,GII.P16,100.0,,,GII.4,100.0,Sydney_2016,100.0
OQ940078.1,0,7560,7566,Caliciviridae Norovirus GII,75.741196,NC_029646,False,GII.P16,100.0,,,GII.4,100.0,Sydney_2016,100.0
OQ940080.1,0,7560,7566,Caliciviridae Norovirus GII,75.692055,NC_029646,False,GII.P16,100.0,,,GII.4,100.0,Sydney_2016,100.0
OQ940082.1,0,7560,7566,Caliciviridae Norovirus GII,75.642914,NC_029646,False,GII.P16,100.0,,,GII.4,100.0,Sydney_2016,100.0
OR262325.1,0,7567,7570,Caliciviridae Norovirus GII,84.779396,NC_029646,False,GII.P31 (GII.Pe),100.0,,,GII.4,100.0,Could not assign,
OR536467.1,0,7542,7542,Caliciviridae Norovirus GII,80.75567,NC_029646,False,GII.P21 (GII.Pb),100.0,,,GII.3,100.0,,
OR536469.1,0,7547,7547,Caliciviridae Norovirus GII,80.570946,NC_029646,False,GII.P21 (GII.Pb),100.0,,,GII.3,100.0,,
OR536472.1,0,7547,7547,Caliciviridae Norovirus GII,80.570946,NC_029646,False,GII.P21 (GII.Pb),100.0,,,GII.3,100.0,,
OR536475.1,0,7543,7543,Caliciviridae Norovirus GII,80.769226,NC_029646,False,GII.P21 (GII.Pb),100.0,,,GII.3,100.0,,
OR536477.1,0,7547,7547,Caliciviridae Norovirus GII,80.78925,NC_029646,False,GII.P21 (GII.Pb),100.0,,,GII.3,100.0,,
OR536479.1,0,7547,7547,Caliciviridae Norovirus GII,80.53736,NC_029646,False,GII.P21 (GII.Pb),100.0,,,GII.3,100.0,,
OR536481.1,0,7547,7547,Caliciviridae Norovirus GII,80.55416,NC_029646,False,GII.P21 (GII.Pb),100.0,,,GII.3,100.0,,
OR536483.1,0,7547,7547,Caliciviridae Norovirus GII,80.722084,NC_029646,False,GII.P21 (GII.Pb),100.0,,,GII.3,100.0,,
OR536485.1,0,7547,7547,Caliciviridae Norovirus GII,80.58774,NC_029646,False,GII.P21 (GII.Pb),100.0,,,GII.3,100.0,,
OR536487.1,0,7547,7547,Caliciviridae Norovirus GII,80.75567,NC_029646,False,GII.P21 (GII.Pb),100.0,,,GII.3,100.0,,
OR536489.1,0,7547,7547,Caliciviridae Norovirus GII,80.58774,NC_029646,False,GII.P21 (GII.Pb),100.0,,,GII.3,100.0,,
OR536491.1,0,7547,7547,Caliciviridae Norovirus GII,80.76664,NC_029646,False,GII.P21 (GII.Pb),100.0,,,GII.3,100.0,,
OR844370.1,0,7559,7565,Caliciviridae Norovirus GII,85.18944,NC_029646,False,GII.P31 (GII.Pe),100.0,,,GII.4,100.0,Sydney_2012,100.0
OR844372.1,0,7559,7565,Caliciviridae Norovirus GII,85.18944,NC_029646,False,GII.P31 (GII.Pe),100.0,,,GII.4,100.0,Sydney_2012,92.0
OR844374.1,0,7559,7565,Caliciviridae Norovirus GII,85.313995,NC_029646,False,GII.P31 (GII.Pe),100.0,,,GII.4,100.0,Sydney_2012,77.0
OR844376.1,0,7559,7565,Caliciviridae Norovirus GII,85.36344,NC_029646,False,GII.P31 (GII.Pe),100.0,,,GII.4,100.0,Sydney_2012,93.0
OR844378.1,0,7559,7559,Caliciviridae Norovirus GII,85.600815,NC_029646,False,GII.P31 (GII.Pe),100.0,,,GII.4,100.0,Could not assign,
OR844380.1,0,7553,7553,Caliciviridae Norovirus GII,85.572556,NC_029646,False,GII.P31 (GII.Pe),100.0,,,GII.4,100.0,Sydney_2012,89.0
OR844382.1,0,7559,7559,Caliciviridae Norovirus GII,85.600815,NC_029646,False,GII.P31 (GII.Pe),100.0,,,GII.4,100.0,Could not assign,
PP381824.1,0,7553,7547,Caliciviridae Norovirus GII,75.84288,NC_029646,False,GII.P17,100.0,,,GII.17,100.0,,
PP498987.1,0,7556,7562,Caliciviridae Norovirus GII,85.24806,NC_029646,False,GII.P31 (GII.Pe),100.0,,,GII.4,100.0,Could not assign,
PP549876.1,0,7555,7561,Caliciviridae Norovirus GII,75.97563,NC_029646,False,GII.P16,100.0,,,GII.4,100.0,Sydney_2016,100.0
PP549878.1,0,7562,7568,Caliciviridae Norovirus GII,75.81097,NC_029646,False,GII.P16,100.0,,,GII.4,100.0,Sydney_2016,100.0
PP549880.1,0,7564,7570,Caliciviridae Norovirus GII,75.92623,NC_029646,False,GII.P16,100.0,,,GII.4,100.0,Sydney_2016,100.0
PP549882.1,0,7564,7570,Caliciviridae Norovirus GII,75.8933,NC_029646,False,GII.P16,100.0,,,GII.4,100.0,Sydney_2016,100.0
PP549884.1,0,7569,7575,Caliciviridae Norovirus GII,75.87683,NC_029646,False,GII.P16,100.0,,,GII.4,100.0,Sydney_2016,100.0
PP587392.1,0,7561,7555,Caliciviridae Norovirus GII,75.95745,NC_029646,False,GII.P17,100.0,,,GII.17,100.0,,
PP658552.1,0,7562,7565,Caliciviridae Norovirus GII,84.43497,NC_029646,False,GII.P31 (GII.Pe),100.0,,,GII.4,100.0,Could not assign,
PP661667.1,0,7571,7577,Caliciviridae Norovirus GII,75.90977,NC_029646,False,GII.P16,100.0,,,GII.4,100.0,Sydney_2016,100.0
PQ100947.1,6,7547,7550,Caliciviridae Norovirus GII,86.6678,NC_029646,False,GII.P7,100.0,,,GII.7,100.0,,
PQ100949.1,6,7547,7550,Caliciviridae Norovirus GII,86.803665,NC_029646,False,GII.P7,100.0,,,GII.7,100.0,,
PQ213437.1,0,7559,7565,Caliciviridae Norovirus GII,84.71379,NC_029646,False,GII.P4,100.0,Den_Haag_2006b,87.0,GII.4,100.0,New_Orleans_2009,87.0
PQ215528.1,0,7561,7567,Caliciviridae Norovirus GII,75.50385,NC_029646,False,GII.P16,100.0,,,GII.4,100.0,Sydney_2016,100.0
PQ215539.1,0,7566,7572,Caliciviridae Norovirus GII,75.4547,NC_029646,False,GII.P16,100.0,,,GII.4,100.0,Sydney_2016,100.0
PQ215541.1,0,7566,7572,Caliciviridae Norovirus GII,75.47108,NC_029646,False,GII.P16,100.0,,,GII.4,100.0,Sydney_2016,100.0
PQ215543.1,0,7566,7572,Caliciviridae Norovirus GII,75.53662,NC_029646,False,GII.P16,100.0,,,GII.4,100.0,Sydney_2016,100.0
PQ215545.1,0,7566,7572,Caliciviridae Norovirus GII,75.58578,NC_029646,False,GII.P16,100.0,,,GII.4,100.0,Sydney_2016,100.0
PQ215575.1,0,7567,7570,Caliciviridae Norovirus GII,83.63868,NC_029646,False,GII.P4,100.0,New_Orleans_2009,100.0,GII.4,100.0,Sydney_2012,73.0
PQ215579.1,0,7564,7570,Caliciviridae Norovirus GII,84.55579,NC_029646,False,GII.P4,100.0,New_Orleans_2009,100.0,GII.4,100.0,Could not assign,
PQ273182.1,0,7613,7613,Caliciviridae Norovirus GII,89.118385,NC_029646,False,GII.P12,100.0,,,GII.3,100.0,,
PQ273185.1,0,7577,7577,Caliciviridae Norovirus GII,89.118385,NC_029646,False,GII.P12,100.0,,,GII.3,100.0,,
PQ273190.1,0,7552,7552,Caliciviridae Norovirus GII,89.0848,NC_029646,False,GII.P12,100.0,,,GII.3,100.0,,
PQ273195.1,0,7570,7570,Caliciviridae Norovirus GII,76.55917,NC_029646,False,GII.P16,100.0,,,GII.2,100.0,,
PQ273200.1,0,7570,7570,Caliciviridae Norovirus GII,89.10159,NC_029646,False,GII.P12,100.0,,,GII.3,100.0,,
PQ304611.1,0,7560,7554,Caliciviridae Norovirus GII,75.740715,NC_029646,False,GII.P17,100.0,,,GII.17,100.0,,
PQ304633.1,-1,7554,7541,Caliciviridae Norovirus GII,75.49485,NC_029646,False,GII.P17,94.0,,,GII.17,100.0,,
PQ310459.1,0,7548,7536,Caliciviridae Norovirus GII,75.57664,NC_029646,False,GII.P17,96.0,,,GII.17,100.0,,
PQ310519.1,0,7555,7549,Caliciviridae Norovirus GII,75.92471,NC_029646,False,GII.P17,100.0,,,GII.17,100.0,,
PQ310521.1,0,7555,7549,Caliciviridae Norovirus GII,75.99018,NC_029646,False,GII.P17,100.0,,,GII.17,100.0,,
PQ373120.1,0,7547,7541,Caliciviridae Norovirus GII,75.84518,NC_029646,False,GII.P17,100.0,,,GII.17,100.0,,
PQ373122.1,0,7549,7543,Caliciviridae Norovirus GII,75.84518,NC_029646,False,GII.P17,100.0,,,GII.17,100.0,,
PQ373124.1,0,7546,7540,Caliciviridae Norovirus GII,75.86151,NC_029646,False,GII.P17,100.0,,,GII.17,100.0,,
PQ373127.1,0,7557,7551,Caliciviridae Norovirus GII,75.74718,NC_029646,False,GII.P17,100.0,,,GII.17,100.0,,
PQ373132.1,0,7550,7544,Caliciviridae Norovirus GII,75.76105,NC_029646,False,GII.P17,100.0,,,GII.17,100.0,,
PQ373138.1,0,7551,7545,Caliciviridae Norovirus GII,75.78827,NC_029646,False,GII.P17,100.0,,,GII.17,100.0,,
PQ373140.1,0,7551,7545,Caliciviridae Norovirus GII,75.87562,NC_029646,False,GII.P17,100.0,,,GII.17,100.0,,
PV275040.1,0,7567,7570,Caliciviridae Norovirus GII,83.76251,NC_029646,False,GII.P31 (GII.Pe),100.0,,,GII.4,100.0,Could not assign,
PV275045.1,0,7567,7570,Caliciviridae Norovirus GII,83.88261,NC_029646,False,GII.P31 (GII.Pe),100.0,,,GII.4,100.0,Could not assign,
PV275052.1,0,7567,7570,Caliciviridae Norovirus GII,83.66409,NC_029646,False,GII.P31 (GII.Pe),100.0,,,GII.4,100.0,Could not assign,
PV275062.1,-18,7585,7570,Caliciviridae Norovirus GII,82.22113,NC_029646,False,GII.P4,99.0,New_Orleans_2009,96.0,GII.4,100.0,Could not assign,
PV750877.1,0,7556,7550,Caliciviridae Norovirus GII,75.90046,NC_029646,False,GII.P17,100.0,,,GII.17,100.0,,
PV750891.1,0,7555,7549,Caliciviridae Norovirus GII,75.87619,NC_029646,False,GII.P17,100.0,,,GII.17,100.0,,
PV765567.1,0,7555,7549,Caliciviridae Norovirus GII,75.859245,NC_029646,False,GII.P17,100.0,,,GII.17,100.0,,
PV784272.1,0,7555,7549,Caliciviridae Norovirus GII,75.94108,NC_029646,False,GII.P17,100.0,,,GII.17,100.0,,
PV784275.1,0,7555,7549,Caliciviridae Norovirus GII,75.84288,NC_029646,False,GII.P17,100.0,,,GII.17,100.0,,
PV784279.1,0,7549,7543,Caliciviridae Norovirus GII,75.90835,NC_029646,False,GII.P17,100.0,,,GII.17,100.0,,
PV784287.1,0,7555,7549,Caliciviridae Norovirus GII,75.77741,NC_029646,False,GII.P17,100.0,,,GII.17,100.0,,
PV784297.1,0,7540,7534,Caliciviridae Norovirus GII,75.95745,NC_029646,False,GII.P17,100.0,,,GII.17,100.0,,
PV784302.1,0,7555,7549,Caliciviridae Norovirus GII,75.90835,NC_029646,False,GII.P17,100.0,,,GII.17,100.0,,
PV784304.1,0,7555,7549,Caliciviridae Norovirus GII,76.006546,NC_029646,False,GII.P17,100.0,,,GII.17,100.0,,
PV784323.1,0,7555,7549,Caliciviridae Norovirus GII,76.039276,NC_029646,False,GII.P17,100.0,,,GII.17,100.0,,
PV784331.1,0,7555,7549,Caliciviridae Norovirus GII,75.95745,NC_029646,False,GII.P17,100.0,,,GII.17,100.0,,
PV784344.1,0,7555,7549,Caliciviridae Norovirus GII,75.973816,NC_029646,False,GII.P17,100.0,,,GII.17,100.0,,
PV784347.1,0,7555,7549,Caliciviridae Norovirus GII,75.92471,NC_029646,False,GII.P17,100.0,,,GII.17,100.0,,
PX285874.1,0,7567,7573,Caliciviridae Norovirus GII,75.85586,NC_029646,False,GII.P16,100.0,,,GII.4,100.0,Sydney_2016,99.0
PX631121.1,0,7570,7576,Caliciviridae Norovirus GII,75.708435,NC_029646,False,GII.P16,100.0,,,GII.4,100.0,Sydney_2016,100.0
PZ136058.1,0,7542,7542,Caliciviridae Norovirus GII,81.29303,NC_029646,False,GII.P21 (GII.Pb),100.0,,,GII.3,100.0,,
PZ221917.1,0,7542,7542,Caliciviridae Norovirus GII,81.29303,NC_029646,False,GII.P21 (GII.Pb),100.0,,,GII.3,100.0,,
PZ221927.1,0,7542,7542,Caliciviridae Norovirus GII,81.28674,NC_029646,False,GII.P21 (GII.Pb),100.0,,,GII.3,100.0,,
PZ240487.1,0,7557,7566,Caliciviridae Norovirus GII,75.630936,NC_029646,False,GII.P16,100.0,,,GII.4,100.0,Sydney_2016,100.0
KT202793.1,0,7513,7519,Caliciviridae Norovirus GII,85.304245,NC_029646,False,GII.P31 (GII.Pe),100.0,,,GII.4,100.0,Sydney_2012,100.0
KT202795.1,0,7513,7519,Caliciviridae Norovirus GII,85.304245,NC_029646,False,GII.P31 (GII.Pe),100.0,,,GII.4,100.0,Sydney_2012,100.0
KT202797.1,0,7513,7519,Caliciviridae Norovirus GII,85.42937,NC_029646,False,GII.P31 (GII.Pe),100.0,,,GII.4,100.0,Sydney_2012,99.0
KT779557.1,0,7549,7552,Caliciviridae Norovirus GII,76.16807,NC_029646,False,GII.P16,100.0,,,GII.3,100.0,,
KT970370.1,0,7495,7489,Caliciviridae Norovirus GII,75.77985,NC_029646,False,GII.P17,100.0,,,GII.17,100.0,,
KT970372.1,0,7495,7489,Caliciviridae Norovirus GII,75.84518,NC_029646,False,GII.P17,100.0,,,GII.17,100.0,,
KT970374.1,0,7495,7489,Caliciviridae Norovirus GII,75.82884,NC_029646,False,GII.P17,100.0,,,GII.17,100.0,,
KT970376.1,0,7495,7489,Caliciviridae Norovirus GII,75.812515,NC_029646,False,GII.P17,100.0,,,GII.17,100.0,,
KX158279.1,10,7542,7558,Caliciviridae Norovirus GII,85.19796,NC_029646,False,GII.P31 (GII.Pe),100.0,,,GII.4,100.0,Sydney_2012,100.0
KX158281.1,18,7539,7560,Caliciviridae Norovirus GII,87.49666,NC_029646,False,GII.P7,100.0,,,GII.6,100.0,,
KX158285.1,284,7356,7646,Caliciviridae Norovirus GII,84.62332,NC_029646,True,GII.P31 (GII.Pe),100.0,,,GII.4,100.0,Sydney_2012,85.0
KY210920.3,0,7506,7509,Caliciviridae Norovirus GII,76.893364,NC_029646,False,GII.P16,100.0,,,GII.13,100.0,,
KY486271.1,10,7551,7567,Caliciviridae Norovirus GII,85.3888,NC_029646,False,GII.P31 (GII.Pe),100.0,,,GII.4,100.0,Sydney_2012,92.0
KY496328.1,225,7263,7485,Caliciviridae Norovirus GII,69.802246,NC_029646,False,GII.P23,100.0,,,GII.23,100.0,,
LC342059.1,0,7557,7557,Caliciviridae Norovirus GII,86.073425,NC_029646,False,GII.PNA7 (GII.Pr),100.0,,,GII.12,100.0,,
LC369215.1,5,7576,7575,Caliciviridae Norovirus GII,75.82543,NC_029646,False,GII.P17,100.0,,,GII.17,100.0,,
LC369217.1,15,7524,7533,Caliciviridae Norovirus GII,75.78586,NC_029646,False,GII.P17,100.0,,,GII.17,100.0,,
LC369219.1,0,7562,7556,Caliciviridae Norovirus GII,75.82884,NC_029646,False,GII.P17,100.0,,,GII.17,100.0,,
LC369221.1,14,7527,7535,Caliciviridae Norovirus GII,75.822556,NC_029646,False,GII.P17,100.0,,,GII.17,100.0,,
LC369224.1,12,7554,7560,Caliciviridae Norovirus GII,75.8141,NC_029646,False,GII.P17,100.0,,,GII.17,100.0,,
LC369227.1,10,7565,7569,Caliciviridae Norovirus GII,75.83838,NC_029646,False,GII.P17,100.0,,,GII.17,100.0,,
LC369229.1,10,7551,7555,Caliciviridae Norovirus GII,75.72387,NC_029646,False,GII.P17,100.0,,,GII.17,100.0,,
LC369231.1,10,7551,7555,Caliciviridae Norovirus GII,75.65843,NC_029646,False,GII.P17,100.0,,,GII.17,100.0,,
LC369233.1,10,7595,7599,Caliciviridae Norovirus GII,75.72387,NC_029646,False,GII.P17,100.0,,,GII.17,100.0,,
LC369235.1,8,7587,7589,Caliciviridae Norovirus GII,75.74815,NC_029646,False,GII.P17,100.0,,,GII.17,100.0,,
LC369237.1,5,7608,7607,Caliciviridae Norovirus GII,75.743706,NC_029646,False,GII.P17,100.0,,,GII.17,100.0,,
LC369239.1,14,7549,7557,Caliciviridae Norovirus GII,75.70797,NC_029646,False,GII.P17,100.0,,,GII.17,100.0,,
LC369241.1,6,7554,7554,Caliciviridae Norovirus GII,75.82148,NC_029646,False,GII.P17,100.0,,,GII.17,100.0,,
LC369243.1,12,7551,7557,Caliciviridae Norovirus GII,75.732285,NC_029646,False,GII.P17,100.0,,,GII.17,100.0,,
LC369245.1,5,7555,7554,Caliciviridae Norovirus GII,75.82543,NC_029646,False,GII.P17,100.0,,,GII.17,100.0,,
LC369247.1,14,7547,7555,Caliciviridae Norovirus GII,75.75708,NC_029646,False,GII.P17,100.0,,,GII.17,100.0,,
LC369249.1,12,7549,7555,Caliciviridae Norovirus GII,75.830475,NC_029646,False,GII.P17,100.0,,,GII.17,100.0,,
LC369252.1,15,7545,7554,Caliciviridae Norovirus GII,75.78586,NC_029646,False,GII.P17,100.0,,,GII.17,100.0,,
LC369254.1,0,7547,7541,Caliciviridae Norovirus GII,75.86151,NC_029646,False,GII.P17,100.0,,,GII.17,100.0,,
LC369256.1,10,7555,7559,Caliciviridae Norovirus GII,75.7893,NC_029646,False,GII.P17,100.0,,,GII.17,100.0,,
LC369258.1,54,7484,7535,Caliciviridae Norovirus GII,75.74355,NC_029646,False,GII.P17,100.0,,,GII.17,100.0,,
LC769682.1,7,7564,7571,Caliciviridae Norovirus GII,76.27375,NC_029646,False,GII.P16,100.0,,,GII.3,100.0,,
LC769684.1,14,7538,7558,Caliciviridae Norovirus GII,75.65605,NC_029646,False,GII.P16,100.0,,,GII.4,100.0,Sydney_2016,100.0
LC769688.1,11,7565,7582,Caliciviridae Norovirus GII,75.70983,NC_029646,False,GII.P16,100.0,,,GII.4,100.0,Sydney_2016,100.0
LC769691.1,14,7558,7578,Caliciviridae Norovirus GII,75.62304,NC_029646,False,GII.P16,100.0,,,GII.4,100.0,Sydney_2016,100.0
LC769693.1,10,7543,7559,Caliciviridae Norovirus GII,75.712166,NC_029646,False,GII.P16,100.0,,,GII.4,100.0,Sydney_2016,100.0
LC769695.1,8,7548,7562,Caliciviridae Norovirus GII,75.746086,NC_029646,False,GII.P16,100.0,,,GII.4,100.0,Sydney_2016,100.0
LC769697.1,0,7575,7581,Caliciviridae Norovirus GII,75.60936,NC_029646,False,GII.P16,100.0,,,GII.4,100.0,Sydney_2016,100.0
LC769699.1,37,7522,7565,Caliciviridae Norovirus GII,75.62148,NC_029646,False,GII.P16,100.0,,,GII.4,100.0,Sydney_2016,100.0
LC769701.1,17,7567,7587,Caliciviridae Norovirus GII,84.42947,NC_029646,False,GII.P31 (GII.Pe),100.0,,,GII.4,100.0,Could not assign,
LC769703.1,10,7470,7480,Caliciviridae Norovirus GII,76.71486,NC_029646,False,GII.P16,100.0,,,GII.13,100.0,,
LC769705.1,9,7566,7581,Caliciviridae Norovirus GII,75.92715,NC_029646,False,GII.P16,100.0,,,GII.4,100.0,Sydney_2016,100.0
LC769707.1,12,7553,7571,Caliciviridae Norovirus GII,75.77957,NC_029646,False,GII.P16,100.0,,,GII.4,100.0,Sydney_2016,98.0
LC769709.1,10,7543,7553,Caliciviridae Norovirus GII,76.22813,NC_029646,False,GII.P16,100.0,,,GII.3,100.0,,
LC769713.1,6,7552,7558,Caliciviridae Norovirus GII,76.34499,NC_029646,False,GII.P16,100.0,,,GII.3,100.0,,
LC769715.1,15,7531,7546,Caliciviridae Norovirus GII,76.42701,NC_029646,False,GII.P16,100.0,,,GII.3,100.0,,
LC868426.1,15,7495,7504,Caliciviridae Norovirus GII,75.83265,NC_029646,False,GII.P17,100.0,,,GII.17,100.0,,
LC868428.1,14,7496,7504,Caliciviridae Norovirus GII,75.85302,NC_029646,False,GII.P17,100.0,,,GII.17,100.0,,
LC868430.1,14,7493,7501,Caliciviridae Norovirus GII,75.885826,NC_029646,False,GII.P17,100.0,,,GII.17,100.0,,
LC868432.1,21,7486,7501,Caliciviridae Norovirus GII,75.661026,NC_029646,False,GII.P17,100.0,,,GII.17,100.0,,
LC868434.1,14,7493,7501,Caliciviridae Norovirus GII,75.85302,NC_029646,False,GII.P17,100.0,,,GII.17,100.0,,
LC868436.1,14,7497,7505,Caliciviridae Norovirus GII,75.90223,NC_029646,False,GII.P17,100.0,,,GII.17,100.0,,
LC868438.1,21,7484,7499,Caliciviridae Norovirus GII,75.87453,NC_029646,False,GII.P17,100.0,,,GII.17,100.0,,
LC918508.1,24,7561,7579,Caliciviridae Norovirus GII,75.796906,NC_029646,False,GII.P17,100.0,,,GII.17,100.0,,
LC918510.1,0,7540,7534,Caliciviridae Norovirus GII,75.99018,NC_029646,False,GII.P17,100.0,,,GII.17,100.0,,
LC918512.1,10,7545,7549,Caliciviridae Norovirus GII,75.91803,NC_029646,False,GII.P17,100.0,,,GII.17,100.0,,
LC918514.1,10,7563,7567,Caliciviridae Norovirus GII,75.91803,NC_029646,False,GII.P17,100.0,,,GII.17,100.0,,
LC918516.1,12,7495,7501,Caliciviridae Norovirus GII,76.00853,NC_029646,False,GII.P17,100.0,,,GII.17,100.0,,
LC918518.1,4,7578,7576,Caliciviridae Norovirus GII,75.92532,NC_029646,False,GII.P17,100.0,,,GII.17,100.0,,
LC918520.1,11,7575,7580,Caliciviridae Norovirus GII,75.719894,NC_029646,False,GII.P17,100.0,,,GII.17,100.0,,
LC918522.1,15,7570,7579,Caliciviridae Norovirus GII,75.91469,NC_029646,False,GII.P17,100.0,,,GII.17,100.0,,
LC918524.1,15,7570,7579,Caliciviridae Norovirus GII,75.88187,NC_029646,False,GII.P17,100.0,,,GII.17,100.0,,
MF352142.1,31,7497,7525,Caliciviridae Norovirus GII,69.060974,NC_029646,False,GII.P26,100.0,,,GII.26,100.0,,
MF352144.1,31,7497,7525,Caliciviridae Norovirus GII,68.88809,NC_029646,False,GII.P26,100.0,,,GII.26,100.0,,
MG548737.1,0,7559,7565,Caliciviridae Norovirus GII,85.19127,NC_029646,False,GII.P4,100.0,Den_Haag_2006b,100.0,GII.4,100.0,Den_Haag_2006b,100.0
MG572719.1,31,7497,7525,Caliciviridae Norovirus GII,68.482,NC_029646,False,GII.P26,100.0,,,GII.26,100.0,,
MG572731.1,31,7497,7525,Caliciviridae Norovirus GII,68.572464,NC_029646,False,GII.P26,100.0,,,GII.26,100.0,,
MG692610.1,0,7556,7550,Caliciviridae Norovirus GII,75.84518,NC_029646,False,GII.P17,100.0,,,GII.17,100.0,,
MG745985.1,0,7536,7536,Caliciviridae Norovirus GII,76.51391,NC_029646,False,GII.P16,100.0,,,GII.2,100.0,,
MG745987.1,0,7536,7536,Caliciviridae Norovirus GII,76.53211,NC_029646,False,GII.P16,100.0,,,GII.2,100.0,,
MG745989.1,0,7536,7536,Caliciviridae Norovirus GII,76.62465,NC_029646,False,GII.P16,100.0,,,GII.2,100.0,,
MG745991.1,0,7536,7536,Caliciviridae Norovirus GII,76.564804,NC_029646,False,GII.P16,100.0,,,GII.2,100.0,,
MG745993.1,0,7536,7536,Caliciviridae Norovirus GII,76.49943,NC_029646,False,GII.P16,100.0,,,GII.2,100.0,,
MG745995.1,0,7536,7536,Caliciviridae Norovirus GII,76.61382,NC_029646,False,GII.P16,100.0,,,GII.2,100.0,,
MG745997.1,0,7536,7536,Caliciviridae Norovirus GII,76.46674,NC_029646,False,GII.P16,100.0,,,GII.2,100.0,,
MG745999.1,0,7536,7536,Caliciviridae Norovirus GII,76.44459,NC_029646,False,GII.P16,100.0,,,GII.2,100.0,,
MG746001.1,0,7536,7536,Caliciviridae Norovirus GII,76.59191,NC_029646,False,GII.P16,100.0,,,GII.2,100.0,,
MG746003.1,0,7536,7536,Caliciviridae Norovirus GII,76.66121,NC_029646,False,GII.P16,100.0,,,GII.2,100.0,,
MG746005.1,0,7536,7536,Caliciviridae Norovirus GII,76.43406,NC_029646,False,GII.P16,100.0,,,GII.2,100.0,,
MG746007.1,0,7536,7536,Caliciviridae Norovirus GII,76.42822,NC_029646,False,GII.P16,100.0,,,GII.2,100.0,,
MG746009.1,0,7536,7536,Caliciviridae Norovirus GII,76.66121,NC_029646,False,GII.P16,100.0,,,GII.2,100.0,,
MG746011.1,0,7536,7536,Caliciviridae Norovirus GII,76.62465,NC_029646,False,GII.P16,100.0,,,GII.2,100.0,,
MG746013.1,0,7536,7536,Caliciviridae Norovirus GII,76.62465,NC_029646,False,GII.P16,100.0,,,GII.2,100.0,,
MG746015.1,0,7536,7536,Caliciviridae Norovirus GII,76.51577,NC_029646,False,GII.P16,100.0,,,GII.2,100.0,,
MG746017.1,0,7536,7536,Caliciviridae Norovirus GII,76.51577,NC_029646,False,GII.P16,100.0,,,GII.2,100.0,,
MG746019.1,0,7536,7536,Caliciviridae Norovirus GII,76.73924,NC_029646,False,GII.P16,100.0,,,GII.2,100.0,,
MG746021.1,0,7536,7536,Caliciviridae Norovirus GII,76.49943,NC_029646,False,GII.P16,100.0,,,GII.2,100.0,,
MG746023.1,0,7536,7536,Caliciviridae Norovirus GII,76.59575,NC_029646,False,GII.P16,100.0,,,GII.2,100.0,,
MG746025.1,0,7536,7536,Caliciviridae Norovirus GII,76.57554,NC_029646,False,GII.P16,100.0,,,GII.2,100.0,,
MG746027.1,0,7536,7536,Caliciviridae Norovirus GII,76.53028,NC_029646,False,GII.P16,100.0,,,GII.2,100.0,,
MG746029.1,0,7536,7536,Caliciviridae Norovirus GII,76.62848,NC_029646,False,GII.P16,100.0,,,GII.2,100.0,,
MG746031.1,0,7536,7536,Caliciviridae Norovirus GII,76.57554,NC_029646,False,GII.P16,100.0,,,GII.2,100.0,,
MG746033.1,0,7536,7536,Caliciviridae Norovirus GII,76.564804,NC_029646,False,GII.P16,100.0,,,GII.2,100.0,,
MG746035.1,0,7536,7536,Caliciviridae Norovirus GII,76.644844,NC_029646,False,GII.P16,100.0,,,GII.2,100.0,,
MG746037.1,0,7536,7536,Caliciviridae Norovirus GII,76.644844,NC_029646,False,GII.P16,100.0,,,GII.2,100.0,,
MG746039.1,0,7536,7536,Caliciviridae Norovirus GII,76.59191,NC_029646,False,GII.P16,100.0,,,GII.2,100.0,,
MG746041.1,0,7536,7536,Caliciviridae Norovirus GII,76.51006,NC_029646,False,GII.P16,100.0,,,GII.2,100.0,,
MG746043.1,0,7536,7536,Caliciviridae Norovirus GII,76.54281,NC_029646,False,GII.P16,100.0,,,GII.2,100.0,,
MG746045.1,0,7536,7536,Caliciviridae Norovirus GII,76.47733,NC_029646,False,GII.P16,100.0,,,GII.2,100.0,,
MG892929.3,0,7581,7587,Caliciviridae Norovirus GII,75.87683,NC_029646,False,GII.P16,100.0,,,GII.4,100.0,Sydney_2016,100.0
MG892953.3,0,7568,7568,Caliciviridae Norovirus GII,76.49723,NC_029646,False,GII.P16,100.0,,,GII.3,100.0,,
MH218570.1,0,7563,7563,Caliciviridae Norovirus GII,81.2374,NC_029646,False,GII.P21 (GII.Pb),100.0,,,GII.3,100.0,,
MH218572.1,0,7548,7548,Caliciviridae Norovirus GII,81.203766,NC_029646,False,GII.P21 (GII.Pb),100.0,,,GII.3,100.0,,
MH218574.1,0,7548,7548,Caliciviridae Norovirus GII,81.13652,NC_029646,False,GII.P21 (GII.Pb),100.0,,,GII.3,100.0,,
MH218576.1,0,7548,7548,Caliciviridae Norovirus GII,81.17014,NC_029646,False,GII.P21 (GII.Pb),100.0,,,GII.3,100.0,,
MH218578.1,0,7548,7548,Caliciviridae Norovirus GII,81.27102,NC_029646,False,GII.P21 (GII.Pb),100.0,,,GII.3,100.0,,
MH218580.1,0,7548,7548,Caliciviridae Norovirus GII,80.96839,NC_029646,False,GII.P21 (GII.Pb),100.0,,,GII.3,100.0,,
MH218582.1,0,7548,7548,Caliciviridae Norovirus GII,80.91795,NC_029646,False,GII.P21 (GII.Pb),100.0,,,GII.3,100.0,,
MH218584.1,0,7548,7548,Caliciviridae Norovirus GII,81.07473,NC_029646,False,GII.P21 (GII.Pb),100.0,,,GII.3,100.0,,
MH218586.1,0,7548,7548,Caliciviridae Norovirus GII,81.00756,NC_029646,False,GII.P21 (GII.Pb),100.0,,,GII.3,100.0,,
MH218588.1,0,7548,7548,Caliciviridae Norovirus GII,80.867516,NC_029646,False,GII.P21 (GII.Pb),100.0,,,GII.3,100.0,,
MH218590.1,0,7548,7548,Caliciviridae Norovirus GII,80.83389,NC_029646,False,GII.P21 (GII.Pb),100.0,,,GII.3,100.0,,
MH218592.1,0,7541,7541,Caliciviridae Norovirus GII,80.96839,NC_029646,False,GII.P21 (GII.Pb),100.0,,,GII.3,100.0,,
MH218594.1,0,7548,7548,Caliciviridae Norovirus GII,81.08608,NC_029646,False,GII.P21 (GII.Pb),100.0,,,GII.3,100.0,,
MH218596.1,0,7548,7548,Caliciviridae Norovirus GII,81.13652,NC_029646,False,GII.P21 (GII.Pb),100.0,,,GII.3,100.0,,
MH218598.1,0,7548,7548,Caliciviridae Norovirus GII,81.024345,NC_029646,False,GII.P21 (GII.Pb),100.0,,,GII.3,100.0,,
MH218600.1,0,7548,7548,Caliciviridae Norovirus GII,81.01883,NC_029646,False,GII.P21 (GII.Pb),100.0,,,GII.3,100.0,,
MH218602.1,0,7548,7548,Caliciviridae Norovirus GII,81.203766,NC_029646,False,GII.P21 (GII.Pb),100.0,,,GII.3,100.0,,
MH218604.1,0,7548,7548,Caliciviridae Norovirus GII,80.80027,NC_029646,False,GII.P21 (GII.Pb),100.0,,,GII.3,100.0,,
MH218606.1,0,7513,7519,Caliciviridae Norovirus GII,84.32016,NC_029646,False,GII.P4,100.0,New_Orleans_2009,100.0,GII.4,100.0,Could not assign,
MH218608.1,0,7559,7565,Caliciviridae Norovirus GII,85.07463,NC_029646,False,GII.P31 (GII.Pe),100.0,,,GII.4,100.0,Sydney_2012,100.0
MH218610.1,0,7513,7513,Caliciviridae Norovirus GII,85.18581,NC_029646,False,GII.P4,100.0,New_Orleans_2009,100.0,GII.4,100.0,Sydney_2012,99.0
MH218612.1,0,7564,7570,Caliciviridae Norovirus GII,84.753586,NC_029646,False,GII.P4,100.0,New_Orleans_2009,100.0,GII.4,100.0,Sydney_2012,72.0
MH218614.1,0,7560,7566,Caliciviridae Norovirus GII,84.89421,NC_029646,False,GII.P31 (GII.Pe),100.0,,,GII.4,100.0,Sydney_2012,78.0
MH218616.1,0,7559,7565,Caliciviridae Norovirus GII,85.091034,NC_029646,False,GII.P31 (GII.Pe),100.0,,,GII.4,100.0,Sydney_2012,100.0
MH218618.1,0,7548,7548,Caliciviridae Norovirus GII,81.04114,NC_029646,False,GII.P21 (GII.Pb),100.0,,,GII.3,100.0,,
MH218620.1,0,7560,7566,Caliciviridae Norovirus GII,84.992615,NC_029646,False,GII.P31 (GII.Pe),100.0,,,GII.4,100.0,Sydney_2012,99.0
MH218622.1,0,7560,7566,Caliciviridae Norovirus GII,84.992615,NC_029646,False,GII.P31 (GII.Pe),100.0,,,GII.4,100.0,Sydney_2012,99.0
MH218624.1,0,7560,7566,Caliciviridae Norovirus GII,85.25504,NC_029646,False,GII.P31 (GII.Pe),100.0,,,GII.4,100.0,Sydney_2012,78.0
MH218626.1,0,7560,7566,Caliciviridae Norovirus GII,84.959816,NC_029646,False,GII.P31 (GII.Pe),100.0,,,GII.4,100.0,Sydney_2012,89.0
GU292831.4,0,7577,7550,Caliciviridae Norovirus GII,76.53088,NC_029646,False,GII.P16,100.0,,,GII.16,100.0,,
KF895841.2,1,7551,7555,Caliciviridae Norovirus GII,76.34897,NC_029646,False,GII.P16,100.0,,,GII.3,100.0,,
KF944110.2,1,7548,7552,Caliciviridae Norovirus GII,76.28172,NC_029646,False,GII.P16,100.0,,,GII.3,100.0,,
MH218628.1,0,7559,7565,Caliciviridae Norovirus GII,84.84501,NC_029646,False,GII.P31 (GII.Pe),100.0,,,GII.4,100.0,Sydney_2012,100.0
MH218630.1,0,7542,7542,Caliciviridae Norovirus GII,80.93477,NC_029646,False,GII.P21 (GII.Pb),100.0,,,GII.3,100.0,,
MH218632.1,0,7559,7565,Caliciviridae Norovirus GII,84.992615,NC_029646,False,GII.P31 (GII.Pe),100.0,,,GII.4,100.0,Sydney_2012,96.0
MH218634.1,0,7560,7566,Caliciviridae Norovirus GII,84.63179,NC_029646,False,GII.P31 (GII.Pe),100.0,,,GII.4,100.0,Sydney_2012,73.0
MH218636.1,0,7566,7566,Caliciviridae Norovirus GII,85.152176,NC_029646,False,GII.P4,100.0,New_Orleans_2009,100.0,GII.4,100.0,Sydney_2012,89.0
MH218638.1,0,7559,7565,Caliciviridae Norovirus GII,85.12383,NC_029646,False,GII.P31 (GII.Pe),100.0,,,GII.4,100.0,Sydney_2012,99.0
MH218640.1,6,7550,7559,Caliciviridae Norovirus GII,87.65137,NC_029646,False,GII.P7,100.0,,,GII.6,100.0,,
MH218642.1,6,7524,7533,Caliciviridae Norovirus GII,88.00956,NC_029646,False,GII.P7,100.0,,,GII.6,100.0,,
MH218644.1,6,7550,7559,Caliciviridae Norovirus GII,87.41184,NC_029646,False,GII.P7,100.0,,,GII.6,100.0,,
MH218646.1,0,7548,7548,Caliciviridae Norovirus GII,81.119705,NC_029646,False,GII.P21 (GII.Pb),100.0,,,GII.3,100.0,,
MH218651.1,0,7484,7484,Caliciviridae Norovirus GII,81.04918,NC_029646,False,GII.P21 (GII.Pb),100.0,,,GII.13,100.0,,
MH218653.1,0,7548,7548,Caliciviridae Norovirus GII,81.10289,NC_029646,False,GII.P21 (GII.Pb),100.0,,,GII.3,100.0,,
MH218655.1,0,7537,7537,Caliciviridae Norovirus GII,78.11222,NC_029646,False,GII.P2,100.0,,,GII.2,100.0,,
MH218658.1,6,7542,7545,Caliciviridae Norovirus GII,87.14479,NC_029646,False,GII.P7,100.0,,,GII.7,100.0,,
MH218661.1,6,7538,7541,Caliciviridae Norovirus GII,87.21245,NC_029646,False,GII.P7,100.0,,,GII.7,100.0,,
MH218663.1,0,7559,7565,Caliciviridae Norovirus GII,84.992615,NC_029646,False,GII.P31 (GII.Pe),100.0,,,GII.4,100.0,Sydney_2012,93.0
MH218666.1,6,7521,7530,Caliciviridae Norovirus GII,87.85345,NC_029646,False,GII.P7,100.0,,,GII.6,100.0,,
MH218668.1,0,7548,7548,Caliciviridae Norovirus GII,80.91795,NC_029646,False,GII.P21 (GII.Pb),100.0,,,GII.3,100.0,,
MH218670.1,0,7550,7556,Caliciviridae Norovirus GII,84.238144,NC_029646,False,GII.P4,100.0,New_Orleans_2009,100.0,GII.4,100.0,Could not assign,
MH218672.1,0,7548,7548,Caliciviridae Norovirus GII,80.91795,NC_029646,False,GII.P21 (GII.Pb),100.0,,,GII.3,100.0,,
MH218674.1,0,7559,7565,Caliciviridae Norovirus GII,84.959816,NC_029646,False,GII.P31 (GII.Pe),100.0,,,GII.4,100.0,Sydney_2012,99.0
MH218676.1,0,7548,7548,Caliciviridae Norovirus GII,80.91795,NC_029646,False,GII.P21 (GII.Pb),100.0,,,GII.3,100.0,,
MH218678.1,0,7548,7548,Caliciviridae Norovirus GII,80.88433,NC_029646,False,GII.P21 (GII.Pb),100.0,,,GII.3,100.0,,
MH218680.1,0,7548,7548,Caliciviridae Norovirus GII,80.91795,NC_029646,False,GII.P21 (GII.Pb),100.0,,,GII.3,100.0,,
MH218682.1,0,7548,7548,Caliciviridae Norovirus GII,80.901146,NC_029646,False,GII.P21 (GII.Pb),100.0,,,GII.3,100.0,,
MH218684.1,0,7567,7573,Caliciviridae Norovirus GII,75.87683,NC_029646,False,GII.P16,100.0,,,GII.4,100.0,Sydney_2016,100.0
MH218686.1,0,7548,7548,Caliciviridae Norovirus GII,80.901146,NC_029646,False,GII.P21 (GII.Pb),100.0,,,GII.3,100.0,,
MH218688.1,0,7548,7548,Caliciviridae Norovirus GII,80.91795,NC_029646,False,GII.P21 (GII.Pb),100.0,,,GII.3,100.0,,
MH218690.1,0,7548,7548,Caliciviridae Norovirus GII,80.91795,NC_029646,False,GII.P21 (GII.Pb),100.0,,,GII.3,100.0,,
MH218692.1,6,7502,7505,Caliciviridae Norovirus GII,87.38159,NC_029646,False,GII.P7,100.0,,,GII.7,100.0,,
MH218694.1,0,7547,7553,Caliciviridae Norovirus GII,85.091034,NC_029646,False,GII.P31 (GII.Pe),100.0,,,GII.4,100.0,Sydney_2012,100.0
MH218696.1,0,7548,7548,Caliciviridae Norovirus GII,81.05794,NC_029646,False,GII.P21 (GII.Pb),100.0,,,GII.3,100.0,,
MH218698.1,0,7571,7577,Caliciviridae Norovirus GII,84.68099,NC_029646,False,GII.P4,100.0,New_Orleans_2009,100.0,GII.4,100.0,Could not assign,
MH218700.1,0,7571,7577,Caliciviridae Norovirus GII,85.12383,NC_029646,False,GII.P31 (GII.Pe),100.0,,,GII.4,100.0,Sydney_2012,98.0
MH218702.1,0,7517,7523,Caliciviridae Norovirus GII,85.173035,NC_029646,False,GII.P31 (GII.Pe),100.0,,,GII.4,100.0,Sydney_2012,99.0
MH218704.1,0,7569,7575,Caliciviridae Norovirus GII,84.61539,NC_029646,False,GII.P4,100.0,New_Orleans_2009,100.0,GII.4,100.0,Could not assign,
MH218706.1,0,7568,7574,Caliciviridae Norovirus GII,84.992615,NC_029646,False,GII.P31 (GII.Pe),100.0,,,GII.4,100.0,Sydney_2012,81.0
MH218708.1,0,7568,7574,Caliciviridae Norovirus GII,85.091034,NC_029646,False,GII.P31 (GII.Pe),100.0,,,GII.4,100.0,Sydney_2012,95.0
MH218710.1,0,7517,7523,Caliciviridae Norovirus GII,84.43497,NC_029646,False,GII.P4,100.0,New_Orleans_2009,100.0,GII.4,100.0,Could not assign,
MH218712.1,0,7555,7555,Caliciviridae Norovirus GII,81.06927,NC_029646,False,GII.P21 (GII.Pb),100.0,,,GII.3,100.0,,
MH218714.1,0,7513,7519,Caliciviridae Norovirus GII,84.35296,NC_029646,False,GII.P4,100.0,New_Orleans_2009,100.0,GII.4,100.0,Could not assign,
MH218716.1,0,7536,7542,Caliciviridae Norovirus GII,84.648186,NC_029646,False,GII.P4,100.0,New_Orleans_2009,100.0,GII.4,100.0,Could not assign,
MH218718.1,0,7546,7552,Caliciviridae Norovirus GII,84.59898,NC_029646,False,GII.P4,100.0,New_Orleans_2009,100.0,GII.4,100.0,Could not assign,
MH218731.1,0,7498,7498,Caliciviridae Norovirus GII,81.75027,NC_029646,False,GII.P33 (GII.Pg),100.0,,,GII.1,100.0,,
MH218733.1,0,7550,7550,Caliciviridae Norovirus GII,85.99279,NC_029646,False,GII.P31 (GII.Pe),100.0,,,GII.2,100.0,,
MH218735.1,0,7537,7537,Caliciviridae Norovirus GII,78.207436,NC_029646,False,GII.P2,100.0,,,GII.2,100.0,,
MH218737.1,0,7537,7537,Caliciviridae Norovirus GII,78.19401,NC_029646,False,GII.P2,100.0,,,GII.2,100.0,,
MH321825.1,0,7536,7536,Caliciviridae Norovirus GII,76.55917,NC_029646,False,GII.P16,100.0,,,GII.2,100.0,,
MH671553.1,0,7536,7536,Caliciviridae Norovirus GII,77.83412,NC_029646,False,GII.P2,100.0,,,GII.2,100.0,,
MH979230.1,0,7516,7513,Caliciviridae Norovirus GII,85.52941,NC_029646,False,GII.P31 (GII.Pe),100.0,,,GII.4,100.0,Sydney_2012,91.0
MK282257.1,0,7600,7594,Caliciviridae Norovirus GII,75.84518,NC_029646,False,GII.P17,100.0,,,GII.17,100.0,,
MK483908.2,0,7539,7539,Caliciviridae Norovirus GII,77.37905,NC_029646,False,GII.P16,100.0,,,GII.1,100.0,,
MK629457.1,0,7559,7565,Caliciviridae Norovirus GII,75.761566,NC_029646,False,GII.P16,100.0,,,GII.4,100.0,Sydney_2016,100.0
MK752935.1,0,7536,7536,Caliciviridae Norovirus GII,76.43406,NC_029646,False,GII.P16,100.0,,,GII.2,100.0,,
MK752938.1,0,7573,7579,Caliciviridae Norovirus GII,75.8439,NC_029646,False,GII.P16,100.0,,,GII.4,100.0,Sydney_2016,100.0
MK753032.1,0,7572,7578,Caliciviridae Norovirus GII,75.90977,NC_029646,False,GII.P16,100.0,,,GII.4,100.0,Sydney_2016,100.0
MK762624.1,0,7558,7564,Caliciviridae Norovirus GII,75.8439,NC_029646,False,GII.P16,100.0,,,GII.4,100.0,Sydney_2016,100.0
MK762638.1,0,7563,7569,Caliciviridae Norovirus GII,76.00857,NC_029646,False,GII.P16,100.0,,,GII.4,100.0,Sydney_2016,100.0
MK764040.1,0,7529,7532,Caliciviridae Norovirus GII,78.04678,NC_029646,False,GII.P2,100.0,,,GII.2,100.0,,
MK789432.1,0,7558,7552,Caliciviridae Norovirus GII,75.76351,NC_029646,False,GII.P17,100.0,,,GII.17,100.0,,
MK934772.1,0,7559,7565,Caliciviridae Norovirus GII,85.297516,NC_029646,False,GII.P31 (GII.Pe),100.0,,,GII.4,100.0,Sydney_2012,90.0
MN447470.1,0,7579,7552,Caliciviridae Norovirus GII,76.397766,NC_029646,False,GII.P16,100.0,,,GII.16,100.0,,
MN453358.1,9,7530,7536,Caliciviridae Norovirus GII,69.873505,NC_029646,False,GII.P23,100.0,,,GII.23,100.0,,
MN525276.1,0,7576,7582,Caliciviridae Norovirus GII,75.72864,NC_029646,False,GII.P16,100.0,,,GII.4,100.0,Sydney_2016,100.0
MN897754.1,0,7576,7582,Caliciviridae Norovirus GII,85.000824,NC_029646,False,GII.P31 (GII.Pe),100.0,,,GII.4,100.0,Could not assign,
MN897756.1,0,7563,7569,Caliciviridae Norovirus GII,75.86037,NC_029646,False,GII.P16,100.0,,,GII.4,100.0,Sydney_2016,100.0
MT028542.1,0,7560,7566,Caliciviridae Norovirus GII,84.730194,NC_029646,False,GII.P31 (GII.Pe),100.0,,,GII.4,100.0,Could not assign,
MT031761.1,0,7560,7566,Caliciviridae Norovirus GII,75.942696,NC_029646,False,GII.P16,100.0,,,GII.4,100.0,Sydney_2016,100.0
MT032004.1,0,7564,7570,Caliciviridae Norovirus GII,75.92623,NC_029646,False,GII.P16,100.0,,,GII.4,100.0,Sydney_2016,100.0
MT238671.1,0,7579,7585,Caliciviridae Norovirus GII,75.81097,NC_029646,False,GII.P16,100.0,,,GII.4,100.0,Sydney_2016,100.0
MT712147.1,0,7533,7527,Caliciviridae Norovirus GII,85.63249,NC_029646,False,GII.P33 (GII.Pg),100.0,,,GII.12,100.0,,
MT720841.1,0,7506,7509,Caliciviridae Norovirus GII,76.32312,NC_029646,False,GII.P16,100.0,,,GII.13,100.0,,
MT725762.1,0,7566,7572,Caliciviridae Norovirus GII,84.37449,NC_029646,False,GII.P4,100.0,New_Orleans_2009,100.0,GII.4,100.0,Could not assign,
MT729788.1,0,7564,7570,Caliciviridae Norovirus GII,83.94292,NC_029646,False,GII.P4,100.0,Could not assign,,GII.4,100.0,Yerseke_2006a,77.0
MT731279.1,6,7561,7570,Caliciviridae Norovirus GII,87.72419,NC_029646,False,GII.P7,100.0,,,GII.6,100.0,,
MT738527.1,0,7550,7550,Caliciviridae Norovirus GII,76.666664,NC_029646,False,GII.P16,100.0,,,GII.2,100.0,,
MW243610.2,6,7564,7570,Caliciviridae Norovirus GII,92.599976,NC_029646,False,GII.P7,100.0,,,GII.6,100.0,,
MW661246.1,0,7625,7628,Caliciviridae Norovirus GII,76.47155,NC_029646,False,GII.P16,100.0,,,GII.2,100.0,,
MW661264.1,0,7618,7624,Caliciviridae Norovirus GII,75.78497,NC_029646,False,GII.P16,100.0,,,GII.4,100.0,Sydney_2016,100.0
MW661271.1,0,7518,7524,Caliciviridae Norovirus GII,77.991196,NC_029646,False,GII.P16,100.0,,,GII.1,100.0,,
MW661273.1,0,7533,7533,Caliciviridae Norovirus GII,76.46096,NC_029646,False,GII.P16,100.0,,,GII.2,100.0,,
MW661275.1,6,7584,7593,Caliciviridae Norovirus GII,87.830475,NC_029646,False,GII.P7,100.0,,,GII.6,100.0,,
MW661281.1,0,7600,7606,Caliciviridae Norovirus GII,85.1162,NC_029646,False,GII.P31 (GII.Pe),100.0,,,GII.4,100.0,Sydney_2012,88.0
MW661284.1,6,7570,7579,Caliciviridae Norovirus GII,92.29338,NC_029646,False,GII.P7,100.0,,,GII.6,100.0,,
MZ233536.1,0,7568,7574,Caliciviridae Norovirus GII,84.85248,NC_029646,False,GII.P4,100.0,New_Orleans_2009,100.0,GII.4,100.0,New_Orleans_2009,100.0
MZ291631.1,0,7556,7550,Caliciviridae Norovirus GII,75.84518,NC_029646,False,GII.P17,100.0,,,GII.17,100.0,,
NC_039477.1,0,7567,7573,Caliciviridae Norovirus GII,75.87683,NC_029646,False,GII.P16,100.0,,,GII.4,100.0,Sydney_2016,100.0
NC_044932.1,9,7525,7531,Caliciviridae Norovirus GII,73.92179,NC_029646,False,GII.PNA2,100.0,,,GII.NA2,100.0,,
OK376254.1,0,7536,7536,Caliciviridae Norovirus GII,76.67376,NC_029646,False,GII.P16,100.0,,,GII.2,100.0,,
OK376256.1,0,7536,7536,Caliciviridae Norovirus GII,76.67376,NC_029646,False,GII.P16,100.0,,,GII.2,100.0,,
OK376259.1,0,7536,7536,Caliciviridae Norovirus GII,76.69013,NC_029646,False,GII.P16,100.0,,,GII.2,100.0,,
OK376261.1,0,7536,7536,Caliciviridae Norovirus GII,76.657394,NC_029646,False,GII.P16,100.0,,,GII.2,100.0,,
OK376263.1,0,7536,7536,Caliciviridae Norovirus GII,76.67376,NC_029646,False,GII.P16,100.0,,,GII.2,100.0,,
OL451532.1,-36,7584,7548,Caliciviridae Norovirus GII,69.155556,NC_029646,False,GII.P25,98.0,,,GII.3,100.0,,
OL898506.1,0,7520,7520,Caliciviridae Norovirus GII,81.93944,NC_029646,False,GII.P33 (GII.Pg),100.0,,,GII.1,100.0,,
OL898508.1,0,7560,7566,Caliciviridae Norovirus GII,85.304245,NC_029646,False,GII.P31 (GII.Pe),100.0,,,GII.4,100.0,Could not assign,
OL898510.1,0,7560,7566,Caliciviridae Norovirus GII,85.173035,NC_029646,False,GII.P31 (GII.Pe),100.0,,,GII.4,100.0,Sydney_2012,100.0
OL898512.1,0,7570,7576,Caliciviridae Norovirus GII,75.7451,NC_029646,False,GII.P16,100.0,,,GII.4,100.0,Sydney_2016,100.0
OL898514.1,0,7560,7566,Caliciviridae Norovirus GII,75.81097,NC_029646,False,GII.P16,100.0,,,GII.4,100.0,Sydney_2016,100.0
OL898516.1,0,7568,7568,Caliciviridae Norovirus GII,84.86632,NC_029646,False,GII.P4,100.0,New_Orleans_2009,100.0,GII.4,100.0,Sydney_2012,84.0
OL913976.1,0,7560,7566,Caliciviridae Norovirus GII,84.92701,NC_029646,False,GII.P31 (GII.Pe),100.0,,,GII.4,100.0,Sydney_2012,94.0
OL943799.1,0,7558,7564,Caliciviridae Norovirus GII,84.238144,NC_029646,False,GII.P4,100.0,Den_Haag_2006b,99.0,GII.4,100.0,Could not assign,
OL943801.1,0,7546,7549,Caliciviridae Norovirus GII,76.252106,NC_029646,False,GII.P16,100.0,,,GII.3,100.0,,
ON329737.1,0,7581,7587,Caliciviridae Norovirus GII,75.708435,NC_029646,False,GII.P16,100.0,,,GII.4,100.0,Sydney_2016,100.0
OP037976.1,0,7560,7566,Caliciviridae Norovirus GII,75.757576,NC_029646,False,GII.P16,100.0,,,GII.4,100.0,Sydney_2016,100.0
OP037978.1,0,7560,7566,Caliciviridae Norovirus GII,75.659294,NC_029646,False,GII.P16,100.0,,,GII.4,100.0,Sydney_2016,100.0
OP037980.1,0,7560,7566,Caliciviridae Norovirus GII,75.724815,NC_029646,False,GII.P16,100.0,,,GII.4,100.0,Sydney_2016,100.0
OP037982.1,0,7560,7566,Caliciviridae Norovirus GII,75.724815,NC_029646,False,GII.P16,100.0,,,GII.4,100.0,Sydney_2016,100.0
OP686903.1,0,7548,7542,Caliciviridae Norovirus GII,76.4552,NC_029646,False,GII.P16,100.0,,,GII.10,100.0,,
OP689557.1,0,7545,7545,Caliciviridae Norovirus GII,76.55917,NC_029646,False,GII.P16,100.0,,,GII.2,100.0,,
OP689689.1,0,7565,7559,Caliciviridae Norovirus GII,75.891975,NC_029646,False,GII.P17,100.0,,,GII.17,100.0,,
OP690426.1,6,7560,7569,Caliciviridae Norovirus GII,87.773796,NC_029646,False,GII.P7,100.0,,,GII.6,100.0,,
OP690505.1,-36,7573,7537,Caliciviridae Norovirus GII,69.04889,NC_029646,False,GII.P25,99.0,,,GII.3,100.0,,
OP712197.1,0,7586,7586,Caliciviridae Norovirus GII,89.118385,NC_029646,False,GII.P12,100.0,,,GII.3,100.0,,
OP712199.1,0,7581,7575,Caliciviridae Norovirus GII,75.891975,NC_029646,False,GII.P17,100.0,,,GII.17,100.0,,
OP901693.1,0,7586,7586,Caliciviridae Norovirus GII,89.40386,NC_029646,False,GII.P12,100.0,,,GII.3,100.0,,
OQ342793.1,-36,7584,7548,Caliciviridae Norovirus GII,69.58319,NC_029646,False,GII.P25,100.0,,,GII.3,100.0,,
OQ940069.1,0,7560,7566,Caliciviridae Norovirus GII,75.57739,NC_029646,False,GII.P16,100.0,,,GII.4,100.0,Sydney_2016,100.0
OQ940071.1,0,7560,7566,Caliciviridae Norovirus GII,75.757576,NC_029646,False,GII.P16,100.0,,,GII.4,100.0,Sydney_2016,100.0
OQ940073.1,0,7560,7566,Caliciviridae Norovirus GII,75.83948,NC_029646,False,GII.P16,100.0,,,GII.4,100.0,Sydney_2016,100.0
OQ940075.1,0,7560,7566,Caliciviridae Norovirus GII,75.724815,NC_029646,False,GII.P16,100.0,,,GII.4,100.0,Sydney_2016,100.0
OQ940077.1,0,7560,7566,Caliciviridae Norovirus GII,75.77396,NC_029646,False,GII.P16,100.0,,,GII.4,100.0,Sydney_2016,100.0
OQ940079.1,0,7560,7566,Caliciviridae Norovirus GII,75.77396,NC_029646,False,GII.P16,100.0,,,GII.4,100.0,Sydney_2016,100.0
OQ940081.1,0,7560,7566,Caliciviridae Norovirus GII,75.79034,NC_029646,False,GII.P16,100.0,,,GII.4,100.0,Sydney_2016,100.0
OR062612.1,0,7561,7555,Caliciviridae Norovirus GII,75.74718,NC_029646,False,GII.P17,100.0,,,GII.17,100.0,,
OR536466.1,0,7547,7547,Caliciviridae Norovirus GII,80.70529,NC_029646,False,GII.P21 (GII.Pb),100.0,,,GII.3,100.0,,
OR536468.1,0,7537,7537,Caliciviridae Norovirus GII,80.9068,NC_029646,False,GII.P21 (GII.Pb),100.0,,,GII.3,100.0,,
OR536470.1,0,7547,7547,Caliciviridae Norovirus GII,80.53736,NC_029646,False,GII.P21 (GII.Pb),100.0,,,GII.3,100.0,,
OR536473.1,0,7547,7547,Caliciviridae Norovirus GII,80.52057,NC_029646,False,GII.P21 (GII.Pb),100.0,,,GII.3,100.0,,
OR536476.1,0,7547,7547,Caliciviridae Norovirus GII,80.52057,NC_029646,False,GII.P21 (GII.Pb),100.0,,,GII.3,100.0,,
OR536478.1,0,7547,7547,Caliciviridae Norovirus GII,80.806046,NC_029646,False,GII.P21 (GII.Pb),100.0,,,GII.3,100.0,,
OR536480.1,0,7547,7547,Caliciviridae Norovirus GII,80.654915,NC_029646,False,GII.P21 (GII.Pb),100.0,,,GII.3,100.0,,
OR536482.1,0,7543,7543,Caliciviridae Norovirus GII,80.654915,NC_029646,False,GII.P21 (GII.Pb),100.0,,,GII.3,100.0,,
OR536484.1,0,7547,7547,Caliciviridae Norovirus GII,80.722084,NC_029646,False,GII.P21 (GII.Pb),100.0,,,GII.3,100.0,,
OR536486.1,0,7547,7547,Caliciviridae Norovirus GII,80.722084,NC_029646,False,GII.P21 (GII.Pb),100.0,,,GII.3,100.0,,
OR536488.1,0,7547,7547,Caliciviridae Norovirus GII,80.60454,NC_029646,False,GII.P21 (GII.Pb),100.0,,,GII.3,100.0,,
OR536490.1,0,7540,7540,Caliciviridae Norovirus GII,80.53736,NC_029646,False,GII.P21 (GII.Pb),100.0,,,GII.3,100.0,,
OR536492.1,0,7540,7540,Caliciviridae Norovirus GII,80.49765,NC_029646,False,GII.P21 (GII.Pb),100.0,,,GII.3,100.0,,
OR844371.1,0,7559,7565,Caliciviridae Norovirus GII,85.25504,NC_029646,False,GII.P31 (GII.Pe),100.0,,,GII.4,100.0,Sydney_2012,100.0
OR844373.1,0,7559,7565,Caliciviridae Norovirus GII,85.313995,NC_029646,False,GII.P31 (GII.Pe),100.0,,,GII.4,100.0,Sydney_2012,80.0
OR844375.1,0,7559,7565,Caliciviridae Norovirus GII,84.98114,NC_029646,False,GII.P31 (GII.Pe),100.0,,,GII.4,100.0,Sydney_2012,99.0
OR844377.1,0,7559,7565,Caliciviridae Norovirus GII,85.28103,NC_029646,False,GII.P31 (GII.Pe),100.0,,,GII.4,100.0,Sydney_2012,76.0
OR844379.1,0,7553,7553,Caliciviridae Norovirus GII,85.572556,NC_029646,False,GII.P31 (GII.Pe),100.0,,,GII.4,100.0,Sydney_2012,84.0
OR844381.1,0,7553,7553,Caliciviridae Norovirus GII,85.53893,NC_029646,False,GII.P31 (GII.Pe),100.0,,,GII.4,100.0,Sydney_2012,71.0
OR844383.1,0,7559,7559,Caliciviridae Norovirus GII,85.33714,NC_029646,False,GII.P31 (GII.Pe),100.0,,,GII.4,100.0,Could not assign,
PP498986.1,0,7556,7562,Caliciviridae Norovirus GII,85.24806,NC_029646,False,GII.P31 (GII.Pe),100.0,,,GII.4,100.0,Could not assign,
PP498988.1,-2,7561,7565,Caliciviridae Norovirus GII,85.27132,NC_029646,False,GII.P31 (GII.Pe),100.0,,,GII.4,100.0,Sydney_2012,74.0
PP549877.1,0,7552,7558,Caliciviridae Norovirus GII,75.81097,NC_029646,False,GII.P16,100.0,,,GII.4,100.0,Sydney_2016,100.0
PP549879.1,0,7566,7572,Caliciviridae Norovirus GII,75.942696,NC_029646,False,GII.P16,100.0,,,GII.4,100.0,Sydney_2016,100.0
PP549881.1,0,7572,7572,Caliciviridae Norovirus GII,76.19688,NC_029646,False,GII.P16,100.0,,,GII.4,100.0,Sydney_2016,100.0
PP549883.1,0,7564,7570,Caliciviridae Norovirus GII,75.8933,NC_029646,False,GII.P16,100.0,,,GII.4,100.0,Sydney_2016,100.0
PP549885.1,0,7562,7568,Caliciviridae Norovirus GII,75.90977,NC_029646,False,GII.P16,100.0,,,GII.4,100.0,Sydney_2016,100.0
PP587393.1,0,7561,7555,Caliciviridae Norovirus GII,75.94108,NC_029646,False,GII.P17,100.0,,,GII.17,100.0,,
PP658553.1,0,7559,7565,Caliciviridae Norovirus GII,85.07463,NC_029646,False,GII.P31 (GII.Pe),100.0,,,GII.4,100.0,Sydney_2012,97.0
PQ100946.1,6,7547,7550,Caliciviridae Norovirus GII,86.58288,NC_029646,False,GII.P7,100.0,,,GII.7,100.0,,
PQ100948.1,6,7547,7550,Caliciviridae Norovirus GII,86.6678,NC_029646,False,GII.P7,100.0,,,GII.7,100.0,,
PQ213436.1,0,7559,7565,Caliciviridae Norovirus GII,84.68099,NC_029646,False,GII.P4,100.0,Den_Haag_2006b,90.0,GII.4,100.0,New_Orleans_2009,86.0
PQ215525.1,0,7561,7567,Caliciviridae Norovirus GII,75.58178,NC_029646,False,GII.P16,100.0,,,GII.4,100.0,Sydney_2016,100.0
PQ215538.1,0,7566,7572,Caliciviridae Norovirus GII,75.487465,NC_029646,False,GII.P16,100.0,,,GII.4,100.0,Sydney_2016,100.0
PQ215540.1,0,7566,7572,Caliciviridae Norovirus GII,75.487465,NC_029646,False,GII.P16,100.0,,,GII.4,100.0,Sydney_2016,100.0
PQ215542.1,0,7566,7572,Caliciviridae Norovirus GII,75.50385,NC_029646,False,GII.P16,100.0,,,GII.4,100.0,Sydney_2016,100.0
PQ215544.1,0,7566,7572,Caliciviridae Norovirus GII,75.55301,NC_029646,False,GII.P16,100.0,,,GII.4,100.0,Sydney_2016,100.0
PQ215546.1,0,7566,7572,Caliciviridae Norovirus GII,75.58578,NC_029646,False,GII.P16,100.0,,,GII.4,100.0,Sydney_2016,100.0
PQ215578.1,0,7563,7569,Caliciviridae Norovirus GII,84.238144,NC_029646,False,GII.P4,100.0,New_Orleans_2009,100.0,GII.4,100.0,Could not assign,
PQ218468.1,0,7568,7574,Caliciviridae Norovirus GII,85.173035,NC_029646,False,GII.P31 (GII.Pe),100.0,,,GII.4,100.0,Could not assign,
PQ273184.1,0,7577,7577,Caliciviridae Norovirus GII,89.135185,NC_029646,False,GII.P12,100.0,,,GII.3,100.0,,
PQ273187.1,6,7556,7565,Caliciviridae Norovirus GII,87.65432,NC_029646,False,GII.P7,100.0,,,GII.6,100.0,,
PQ273194.1,0,7533,7533,Caliciviridae Norovirus GII,76.59191,NC_029646,False,GII.P16,100.0,,,GII.2,100.0,,
PQ273196.1,0,7650,7644,Caliciviridae Norovirus GII,75.84518,NC_029646,False,GII.P17,100.0,,,GII.17,100.0,,
PQ304610.1,0,7560,7554,Caliciviridae Norovirus GII,75.70797,NC_029646,False,GII.P17,100.0,,,GII.17,100.0,,
PQ304614.1,0,7560,7554,Caliciviridae Norovirus GII,75.740715,NC_029646,False,GII.P17,100.0,,,GII.17,100.0,,
PQ310235.1,0,7560,7554,Caliciviridae Norovirus GII,75.79378,NC_029646,False,GII.P17,100.0,,,GII.17,100.0,,
PQ310518.1,0,7555,7549,Caliciviridae Norovirus GII,75.973816,NC_029646,False,GII.P17,100.0,,,GII.17,100.0,,
PQ310520.1,0,7555,7549,Caliciviridae Norovirus GII,75.973816,NC_029646,False,GII.P17,100.0,,,GII.17,100.0,,
PQ310522.1,0,7555,7549,Caliciviridae Norovirus GII,75.973816,NC_029646,False,GII.P17,100.0,,,GII.17,100.0,,
PQ373121.1,0,7553,7547,Caliciviridae Norovirus GII,75.84518,NC_029646,False,GII.P17,100.0,,,GII.17,100.0,,
PQ373123.1,0,7557,7551,Caliciviridae Norovirus GII,75.812515,NC_029646,False,GII.P17,100.0,,,GII.17,100.0,,
PQ373126.1,0,7557,7551,Caliciviridae Norovirus GII,75.76351,NC_029646,False,GII.P17,100.0,,,GII.17,100.0,,
PQ373131.1,0,7550,7544,Caliciviridae Norovirus GII,75.74468,NC_029646,False,GII.P17,100.0,,,GII.17,100.0,,
PQ373133.1,0,7551,7545,Caliciviridae Norovirus GII,75.679214,NC_029646,False,GII.P17,100.0,,,GII.17,100.0,,
PQ373139.1,0,7551,7545,Caliciviridae Norovirus GII,75.87562,NC_029646,False,GII.P17,100.0,,,GII.17,100.0,,
PQ373142.1,0,7550,7544,Caliciviridae Norovirus GII,75.77741,NC_029646,False,GII.P17,100.0,,,GII.17,100.0,,
PV275044.1,0,7567,7570,Caliciviridae Norovirus GII,83.860916,NC_029646,False,GII.P31 (GII.Pe),100.0,,,GII.4,100.0,Could not assign,
PV275046.1,0,7567,7570,Caliciviridae Norovirus GII,83.94292,NC_029646,False,GII.P31 (GII.Pe),100.0,,,GII.4,100.0,Could not assign,
PV275060.1,0,7567,7570,Caliciviridae Norovirus GII,84.05773,NC_029646,False,GII.P31 (GII.Pe),100.0,,,GII.4,100.0,Could not assign,
PV635313.1,0,7551,7545,Caliciviridae Norovirus GII,75.74718,NC_029646,False,GII.P17,100.0,,,GII.17,100.0,,
PV750882.1,0,7555,7549,Caliciviridae Norovirus GII,75.90835,NC_029646,False,GII.P17,100.0,,,GII.17,100.0,,
PV750894.1,0,7555,7549,Caliciviridae Norovirus GII,75.87562,NC_029646,False,GII.P17,100.0,,,GII.17,100.0,,
PV765571.1,0,7555,7549,Caliciviridae Norovirus GII,75.859245,NC_029646,False,GII.P17,100.0,,,GII.17,100.0,,
PV784273.1,0,7555,7549,Caliciviridae Norovirus GII,75.859245,NC_029646,False,GII.P17,100.0,,,GII.17,100.0,,
PV784277.1,0,7555,7549,Caliciviridae Norovirus GII,75.87562,NC_029646,False,GII.P17,100.0,,,GII.17,100.0,,
PV784285.1,0,7555,7549,Caliciviridae Norovirus GII,75.84288,NC_029646,False,GII.P17,100.0,,,GII.17,100.0,,
PV784296.1,0,7555,7549,Caliciviridae Norovirus GII,75.95745,NC_029646,False,GII.P17,100.0,,,GII.17,100.0,,
PV784298.1,0,7555,7549,Caliciviridae Norovirus GII,75.95745,NC_029646,False,GII.P17,100.0,,,GII.17,100.0,,
PV784303.1,0,7555,7549,Caliciviridae Norovirus GII,75.99018,NC_029646,False,GII.P17,100.0,,,GII.17,100.0,,
PV784318.1,0,7557,7551,Caliciviridae Norovirus GII,75.973816,NC_029646,False,GII.P17,100.0,,,GII.17,100.0,,
PV784324.1,0,7542,7536,Caliciviridae Norovirus GII,76.02291,NC_029646,False,GII.P17,100.0,,,GII.17,100.0,,
PV784338.1,0,7555,7549,Caliciviridae Norovirus GII,75.95745,NC_029646,False,GII.P17,100.0,,,GII.17,100.0,,
PV784345.1,0,7552,7546,Caliciviridae Norovirus GII,75.859245,NC_029646,False,GII.P17,100.0,,,GII.17,100.0,,
PX285872.1,0,7538,7538,Caliciviridae Norovirus GII,76.41185,NC_029646,False,GII.P16,100.0,,,GII.2,100.0,,
PX563327.1,0,7567,7573,Caliciviridae Norovirus GII,75.942696,NC_029646,False,GII.P16,100.0,,,GII.4,100.0,Sydney_2016,100.0
PZ136053.1,0,7542,7542,Caliciviridae Norovirus GII,81.29303,NC_029646,False,GII.P21 (GII.Pb),100.0,,,GII.3,100.0,,
PZ221915.1,0,7542,7542,Caliciviridae Norovirus GII,81.29303,NC_029646,False,GII.P21 (GII.Pb),100.0,,,GII.3,100.0,,
PZ221922.1,0,7542,7542,Caliciviridae Norovirus GII,81.29303,NC_029646,False,GII.P21 (GII.Pb),100.0,,,GII.3,100.0,,
PZ234772.1,0,7556,7550,Caliciviridae Norovirus GII,75.891975,NC_029646,False,GII.P17,100.0,,,GII.17,100.0,,
PZ240506.1,0,7554,7563,Caliciviridae Norovirus GII,75.614555,NC_029646,False,GII.P16,100.0,,,GII.4,100.0,Sydney_2016,100.0
KT202794.1,0,7513,7519,Caliciviridae Norovirus GII,85.304245,NC_029646,False,GII.P31 (GII.Pe),100.0,,,GII.4,100.0,Sydney_2012,100.0
KT202796.1,0,7513,7519,Caliciviridae Norovirus GII,85.304245,NC_029646,False,GII.P31 (GII.Pe),100.0,,,GII.4,100.0,Sydney_2012,88.0
KT202798.1,0,7513,7519,Caliciviridae Norovirus GII,85.15663,NC_029646,False,GII.P31 (GII.Pe),100.0,,,GII.4,100.0,Sydney_2012,95.0
KT970369.1,0,7495,7489,Caliciviridae Norovirus GII,75.77985,NC_029646,False,GII.P17,100.0,,,GII.17,100.0,,
KT970371.1,0,7495,7489,Caliciviridae Norovirus GII,75.79618,NC_029646,False,GII.P17,100.0,,,GII.17,100.0,,
KT970373.1,0,7495,7489,Caliciviridae Norovirus GII,75.86151,NC_029646,False,GII.P17,100.0,,,GII.17,100.0,,
KT970375.1,0,7495,7489,Caliciviridae Norovirus GII,75.74718,NC_029646,False,GII.P17,100.0,,,GII.17,100.0,,
KT970377.1,0,7495,7489,Caliciviridae Norovirus GII,75.812515,NC_029646,False,GII.P17,100.0,,,GII.17,100.0,,
KX158280.1,12,7512,7530,Caliciviridae Norovirus GII,85.20953,NC_029646,False,GII.P31 (GII.Pe),100.0,,,GII.4,100.0,Sydney_2012,100.0
KX158282.1,21,7491,7515,Caliciviridae Norovirus GII,87.52335,NC_029646,True,GII.P7,100.0,,,GII.6,100.0,,
KX586330.1,4,7509,7519,Caliciviridae Norovirus GII,85.238335,NC_029646,False,GII.P31 (GII.Pe),100.0,,,GII.4,100.0,Sydney_2012,100.0
KY210980.3,4,7577,7587,Caliciviridae Norovirus GII,75.77854,NC_029646,False,GII.P16,100.0,,,GII.4,100.0,Sydney_2016,100.0
KY496327.1,0,7580,7586,Caliciviridae Norovirus GII,85.28784,NC_029646,False,GII.P31 (GII.Pe),100.0,,,GII.4,100.0,Sydney_2012,100.0
KY905331.1,-1,7546,7551,Caliciviridae Norovirus GII,84.253914,NC_029646,False,GII.P4,100.0,New_Orleans_2009,100.0,GII.4,100.0,Could not assign,
LC369214.1,0,7591,7585,Caliciviridae Norovirus GII,75.86151,NC_029646,False,GII.P17,100.0,,,GII.17,100.0,,
LC369216.1,15,7524,7533,Caliciviridae Norovirus GII,75.818596,NC_029646,False,GII.P17,100.0,,,GII.17,100.0,,
LC369218.1,8,7533,7535,Caliciviridae Norovirus GII,75.813576,NC_029646,False,GII.P17,100.0,,,GII.17,100.0,,
LC369220.1,14,7560,7568,Caliciviridae Norovirus GII,75.75708,NC_029646,False,GII.P17,100.0,,,GII.17,100.0,,
LC369222.1,12,7577,7583,Caliciviridae Norovirus GII,75.8141,NC_029646,False,GII.P17,100.0,,,GII.17,100.0,,
LC369225.1,12,7549,7555,Caliciviridae Norovirus GII,75.89592,NC_029646,False,GII.P17,100.0,,,GII.17,100.0,,
LC369228.1,10,7618,7622,Caliciviridae Norovirus GII,75.72387,NC_029646,False,GII.P17,100.0,,,GII.17,100.0,,
LC369230.1,10,7551,7555,Caliciviridae Norovirus GII,75.74023,NC_029646,False,GII.P17,100.0,,,GII.17,100.0,,
LC369232.1,10,7556,7560,Caliciviridae Norovirus GII,75.756584,NC_029646,False,GII.P17,100.0,,,GII.17,100.0,,
LC369234.1,8,7613,7615,Caliciviridae Norovirus GII,75.74815,NC_029646,False,GII.P17,100.0,,,GII.17,100.0,,
LC369236.1,0,7562,7556,Caliciviridae Norovirus GII,75.747665,NC_029646,False,GII.P17,100.0,,,GII.17,100.0,,
LC369238.1,6,7556,7556,Caliciviridae Norovirus GII,75.6907,NC_029646,False,GII.P17,100.0,,,GII.17,100.0,,
LC369240.1,12,7554,7560,Caliciviridae Norovirus GII,75.699554,NC_029646,False,GII.P17,100.0,,,GII.17,100.0,,
LC369242.1,5,7589,7588,Caliciviridae Norovirus GII,75.85812,NC_029646,False,GII.P17,100.0,,,GII.17,100.0,,
LC369244.1,0,7561,7555,Caliciviridae Norovirus GII,75.82884,NC_029646,False,GII.P17,100.0,,,GII.17,100.0,,
LC369246.1,14,7547,7555,Caliciviridae Norovirus GII,75.92078,NC_029646,False,GII.P17,100.0,,,GII.17,100.0,,
LC369248.1,14,7547,7555,Caliciviridae Norovirus GII,75.78982,NC_029646,False,GII.P17,100.0,,,GII.17,100.0,,
LC369251.1,15,7539,7536,Caliciviridae Norovirus GII,75.077835,NC_029646,False,GII.P17,100.0,,,GII.17,100.0,,
LC369253.1,15,7546,7555,Caliciviridae Norovirus GII,75.78586,NC_029646,False,GII.P17,100.0,,,GII.17,100.0,,
LC369255.1,10,7588,7592,Caliciviridae Norovirus GII,75.82202,NC_029646,False,GII.P17,100.0,,,GII.17,100.0,,
LC369257.1,5,7590,7589,Caliciviridae Norovirus GII,75.70705,NC_029646,False,GII.P17,100.0,,,GII.17,100.0,,
LC769681.1,9,7563,7575,Caliciviridae Norovirus GII,84.6798,NC_029646,False,GII.P31 (GII.Pe),100.0,,,GII.4,100.0,Could not assign,
LC769683.1,11,7558,7575,Caliciviridae Norovirus GII,75.68459,NC_029646,False,GII.P16,100.0,,,GII.4,100.0,Sydney_2016,100.0
LC769685.1,0,7565,7571,Caliciviridae Norovirus GII,75.72864,NC_029646,False,GII.P16,100.0,,,GII.4,100.0,Sydney_2016,100.0
LC769689.1,10,7542,7552,Caliciviridae Norovirus GII,76.36272,NC_029646,False,GII.P16,100.0,,,GII.3,100.0,,
LC769692.1,21,7547,7574,Caliciviridae Norovirus GII,75.693985,NC_029646,False,GII.P16,100.0,,,GII.4,100.0,Sydney_2016,100.0
LC769694.1,0,7565,7571,Caliciviridae Norovirus GII,75.67523,NC_029646,False,GII.P16,100.0,,,GII.4,100.0,Sydney_2016,100.0
LC769696.1,13,7559,7578,Caliciviridae Norovirus GII,75.726074,NC_029646,False,GII.P16,100.0,,,GII.4,100.0,Sydney_2016,100.0
LC769698.1,8,7547,7561,Caliciviridae Norovirus GII,75.71311,NC_029646,False,GII.P16,100.0,,,GII.4,100.0,Sydney_2016,100.0
LC769700.1,-36,7577,7535,Caliciviridae Norovirus GII,68.06236,NC_029646,False,GII.P38 (GII.Pn),90.0,,,GII.17,100.0,,
LC769702.1,12,7521,7518,Caliciviridae Norovirus GII,77.13642,NC_029646,False,GII.P16,100.0,,,GII.16,100.0,,
LC769704.1,1,7520,7521,Caliciviridae Norovirus GII,76.46169,NC_029646,False,GII.P16,100.0,,,GII.3,100.0,,
LC769706.1,21,7525,7546,Caliciviridae Norovirus GII,76.30204,NC_029646,False,GII.P16,100.0,,,GII.3,100.0,,
LC769708.1,0,7571,7577,Caliciviridae Norovirus GII,75.97167,NC_029646,False,GII.P16,100.0,,,GII.4,100.0,Sydney_2016,100.0
LC769712.1,5,7536,7541,Caliciviridae Norovirus GII,76.34897,NC_029646,False,GII.P16,100.0,,,GII.3,100.0,,
LC769714.1,12,7532,7550,Caliciviridae Norovirus GII,75.66408,NC_029646,False,GII.P16,100.0,,,GII.4,100.0,Sydney_2016,100.0
LC777250.1,0,7570,7576,Caliciviridae Norovirus GII,75.942696,NC_029646,False,GII.P16,100.0,,,GII.4,100.0,Sydney_2016,100.0
LC868427.1,12,7495,7501,Caliciviridae Norovirus GII,75.87734,NC_029646,False,GII.P17,100.0,,,GII.17,100.0,,
LC868429.1,14,7488,7496,Caliciviridae Norovirus GII,75.885826,NC_029646,False,GII.P17,100.0,,,GII.17,100.0,,
LC868431.1,14,7493,7501,Caliciviridae Norovirus GII,75.885826,NC_029646,False,GII.P17,100.0,,,GII.17,100.0,,
LC868433.1,19,7488,7501,Caliciviridae Norovirus GII,75.84962,NC_029646,False,GII.P17,100.0,,,GII.17,100.0,,
LC868435.1,26,7491,7511,Caliciviridae Norovirus GII,75.64102,NC_029646,False,GII.P17,100.0,,,GII.17,100.0,,
LC868437.1,12,7499,7505,Caliciviridae Norovirus GII,75.87734,NC_029646,False,GII.P17,100.0,,,GII.17,100.0,,
LC918507.1,14,7544,7552,Caliciviridae Norovirus GII,75.86942,NC_029646,False,GII.P17,100.0,,,GII.17,100.0,,
LC918509.1,10,7503,7507,Caliciviridae Norovirus GII,75.60936,NC_029646,False,GII.P17,100.0,,,GII.17,100.0,,
LC918511.1,0,7582,7576,Caliciviridae Norovirus GII,75.92471,NC_029646,False,GII.P17,100.0,,,GII.17,100.0,,
LC918513.1,17,7490,7501,Caliciviridae Norovirus GII,75.82472,NC_029646,False,GII.P17,100.0,,,GII.17,100.0,,
LC918515.1,10,7572,7576,Caliciviridae Norovirus GII,75.86885,NC_029646,False,GII.P17,100.0,,,GII.17,100.0,,
LC918517.1,10,7572,7576,Caliciviridae Norovirus GII,75.78688,NC_029646,False,GII.P17,100.0,,,GII.17,100.0,,
LC918519.1,3,7583,7580,Caliciviridae Norovirus GII,75.75163,NC_029646,False,GII.P17,100.0,,,GII.17,100.0,,
LC918521.1,21,7537,7552,Caliciviridae Norovirus GII,75.8581,NC_029646,False,GII.P17,100.0,,,GII.17,100.0,,
LC918523.1,17,7568,7579,Caliciviridae Norovirus GII,75.857544,NC_029646,False,GII.P17,100.0,,,GII.17,100.0,,
LC919492.1,16,7524,7534,Caliciviridae Norovirus GII,75.82868,NC_029646,False,GII.P17,100.0,,,GII.17,100.0,,
MF352143.1,31,7497,7525,Caliciviridae Norovirus GII,68.71721,NC_029646,False,GII.P26,100.0,,,GII.26,100.0,,
MG049692.1,4,7509,7516,Caliciviridae Norovirus GII,83.72464,NC_029646,False,GII.P4,100.0,Den_Haag_2006b,100.0,GII.4,100.0,Den_Haag_2006b,100.0
MG572182.1,0,7518,7518,Caliciviridae Norovirus GII,77.578415,NC_029646,False,GII.P16,100.0,,,GII.1,100.0,,
MG572730.1,31,7497,7525,Caliciviridae Norovirus GII,68.62675,NC_029646,False,GII.P26,100.0,,,GII.26,100.0,,
MG572732.1,31,7497,7525,Caliciviridae Norovirus GII,68.56476,NC_029646,False,GII.P26,100.0,,,GII.26,100.0,,
MG706448.1,9,7525,7531,Caliciviridae Norovirus GII,73.92179,NC_029646,False,GII.PNA2,100.0,,,GII.NA2,100.0,,
MG745986.1,0,7536,7536,Caliciviridae Norovirus GII,76.46674,NC_029646,False,GII.P16,100.0,,,GII.2,100.0,,
MG745988.1,0,7536,7536,Caliciviridae Norovirus GII,76.62465,NC_029646,False,GII.P16,100.0,,,GII.2,100.0,,
MG745990.1,0,7536,7536,Caliciviridae Norovirus GII,76.66286,NC_029646,False,GII.P16,100.0,,,GII.2,100.0,,
MG745992.1,0,7536,7536,Caliciviridae Norovirus GII,76.548454,NC_029646,False,GII.P16,100.0,,,GII.2,100.0,,
MG745994.1,0,7536,7536,Caliciviridae Norovirus GII,76.62848,NC_029646,False,GII.P16,100.0,,,GII.2,100.0,,
MG745996.1,0,7536,7536,Caliciviridae Norovirus GII,76.548454,NC_029646,False,GII.P16,100.0,,,GII.2,100.0,,
MG745998.1,0,7536,7536,Caliciviridae Norovirus GII,76.4504,NC_029646,False,GII.P16,100.0,,,GII.2,100.0,,
MG746000.1,0,7536,7536,Caliciviridae Norovirus GII,76.44459,NC_029646,False,GII.P16,100.0,,,GII.2,100.0,,
MG746002.1,0,7536,7536,Caliciviridae Norovirus GII,76.59191,NC_029646,False,GII.P16,100.0,,,GII.2,100.0,,
MG746004.1,0,7536,7536,Caliciviridae Norovirus GII,76.66121,NC_029646,False,GII.P16,100.0,,,GII.2,100.0,,
MG746006.1,0,7536,7536,Caliciviridae Norovirus GII,76.548454,NC_029646,False,GII.P16,100.0,,,GII.2,100.0,,
MG746008.1,0,7536,7536,Caliciviridae Norovirus GII,76.57938,NC_029646,False,GII.P16,100.0,,,GII.2,100.0,,
MG746010.1,0,7536,7536,Caliciviridae Norovirus GII,76.51577,NC_029646,False,GII.P16,100.0,,,GII.2,100.0,,
MG746012.1,0,7536,7536,Caliciviridae Norovirus GII,76.608284,NC_029646,False,GII.P16,100.0,,,GII.2,100.0,,
MG746014.1,0,7536,7536,Caliciviridae Norovirus GII,76.64102,NC_029646,False,GII.P16,100.0,,,GII.2,100.0,,
MG746016.1,0,7536,7536,Caliciviridae Norovirus GII,76.62848,NC_029646,False,GII.P16,100.0,,,GII.2,100.0,,
MG746018.1,0,7536,7536,Caliciviridae Norovirus GII,76.657394,NC_029646,False,GII.P16,100.0,,,GII.2,100.0,,
MG746020.1,0,7536,7536,Caliciviridae Norovirus GII,76.657394,NC_029646,False,GII.P16,100.0,,,GII.2,100.0,,
MG746022.1,0,7536,7536,Caliciviridae Norovirus GII,76.61211,NC_029646,False,GII.P16,100.0,,,GII.2,100.0,,
MG746024.1,0,7536,7536,Caliciviridae Norovirus GII,76.59191,NC_029646,False,GII.P16,100.0,,,GII.2,100.0,,
MG746026.1,0,7536,7536,Caliciviridae Norovirus GII,76.64102,NC_029646,False,GII.P16,100.0,,,GII.2,100.0,,
MG746028.1,0,7536,7536,Caliciviridae Norovirus GII,76.61211,NC_029646,False,GII.P16,100.0,,,GII.2,100.0,,
MG746030.1,0,7536,7536,Caliciviridae Norovirus GII,76.483086,NC_029646,False,GII.P16,100.0,,,GII.2,100.0,,
MG746032.1,0,7536,7536,Caliciviridae Norovirus GII,76.61382,NC_029646,False,GII.P16,100.0,,,GII.2,100.0,,
MG746034.1,0,7536,7536,Caliciviridae Norovirus GII,76.4937,NC_029646,False,GII.P16,100.0,,,GII.2,100.0,,
MG746036.1,0,7536,7536,Caliciviridae Norovirus GII,76.75941,NC_029646,False,GII.P16,100.0,,,GII.2,100.0,,
MG746038.1,0,7536,7536,Caliciviridae Norovirus GII,76.67919,NC_029646,False,GII.P16,100.0,,,GII.2,100.0,,
MG746040.1,0,7536,7536,Caliciviridae Norovirus GII,76.58114,NC_029646,False,GII.P16,100.0,,,GII.2,100.0,,
MG746042.1,0,7536,7536,Caliciviridae Norovirus GII,76.38347,NC_029646,False,GII.P16,100.0,,,GII.2,100.0,,
MG746044.1,0,7536,7536,Caliciviridae Norovirus GII,76.4937,NC_029646,False,GII.P16,100.0,,,GII.2,100.0,,
MG892908.3,0,7510,7510,Caliciviridae Norovirus GII,76.48215,NC_029646,False,GII.P16,100.0,,,GII.13,100.0,,
MG892946.3,0,7569,7569,Caliciviridae Norovirus GII,76.31844,NC_029646,False,GII.P16,100.0,,,GII.3,100.0,,
MG892974.3,4,7553,7557,Caliciviridae Norovirus GII,76.543816,NC_029646,False,GII.P16,100.0,,,GII.2,100.0,,
MH218571.1,0,7555,7555,Caliciviridae Norovirus GII,81.035645,NC_029646,False,GII.P21 (GII.Pb),100.0,,,GII.3,100.0,,
MH218573.1,0,7548,7548,Caliciviridae Norovirus GII,81.108315,NC_029646,False,GII.P21 (GII.Pb),100.0,,,GII.3,100.0,,
MH218575.1,0,7548,7548,Caliciviridae Norovirus GII,81.17014,NC_029646,False,GII.P21 (GII.Pb),100.0,,,GII.3,100.0,,
MH218577.1,0,7548,7548,Caliciviridae Norovirus GII,81.18696,NC_029646,False,GII.P21 (GII.Pb),100.0,,,GII.3,100.0,,
MH218579.1,0,7548,7548,Caliciviridae Norovirus GII,81.27102,NC_029646,False,GII.P21 (GII.Pb),100.0,,,GII.3,100.0,,
MH218581.1,0,7548,7548,Caliciviridae Norovirus GII,80.901146,NC_029646,False,GII.P21 (GII.Pb),100.0,,,GII.3,100.0,,
MH218583.1,0,7548,7548,Caliciviridae Norovirus GII,81.22058,NC_029646,False,GII.P21 (GII.Pb),100.0,,,GII.3,100.0,,
MH218585.1,0,7548,7548,Caliciviridae Norovirus GII,81.05794,NC_029646,False,GII.P21 (GII.Pb),100.0,,,GII.3,100.0,,
MH218587.1,0,7548,7548,Caliciviridae Norovirus GII,80.867516,NC_029646,False,GII.P21 (GII.Pb),100.0,,,GII.3,100.0,,
MH218589.1,0,7548,7548,Caliciviridae Norovirus GII,81.119705,NC_029646,False,GII.P21 (GII.Pb),100.0,,,GII.3,100.0,,
MH218591.1,0,7535,7523,Caliciviridae Norovirus GII,75.16257,NC_029646,False,GII.P16,100.0,,,GII.17,100.0,,
MH218593.1,0,7548,7548,Caliciviridae Norovirus GII,80.85071,NC_029646,False,GII.P21 (GII.Pb),100.0,,,GII.3,100.0,,
MH218595.1,0,7548,7548,Caliciviridae Norovirus GII,81.119705,NC_029646,False,GII.P21 (GII.Pb),100.0,,,GII.3,100.0,,
MH218597.1,0,7548,7548,Caliciviridae Norovirus GII,81.119705,NC_029646,False,GII.P21 (GII.Pb),100.0,,,GII.3,100.0,,
MH218599.1,0,7548,7548,Caliciviridae Norovirus GII,80.85071,NC_029646,False,GII.P21 (GII.Pb),100.0,,,GII.3,100.0,,
MH218601.1,0,7548,7548,Caliciviridae Norovirus GII,81.06927,NC_029646,False,GII.P21 (GII.Pb),100.0,,,GII.3,100.0,,
MH218603.1,0,7548,7548,Caliciviridae Norovirus GII,81.108315,NC_029646,False,GII.P21 (GII.Pb),100.0,,,GII.3,100.0,,
MH218605.1,0,7559,7565,Caliciviridae Norovirus GII,85.18944,NC_029646,False,GII.P31 (GII.Pe),100.0,,,GII.4,100.0,Sydney_2012,100.0
MH218607.1,0,7513,7519,Caliciviridae Norovirus GII,84.81951,NC_029646,False,GII.P4,100.0,New_Orleans_2009,99.0,GII.4,100.0,Sydney_2012,75.0
MH218609.1,0,7513,7513,Caliciviridae Norovirus GII,85.0681,NC_029646,False,GII.P4,100.0,New_Orleans_2009,99.0,GII.4,100.0,Sydney_2012,97.0
MH218611.1,0,7513,7513,Caliciviridae Norovirus GII,85.16899,NC_029646,False,GII.P4,100.0,New_Orleans_2009,98.0,GII.4,100.0,Sydney_2012,100.0
MH218613.1,0,7579,7579,Caliciviridae Norovirus GII,85.16899,NC_029646,False,GII.P4,100.0,New_Orleans_2009,100.0,GII.4,100.0,Sydney_2012,99.0
MH218615.1,0,7559,7565,Caliciviridae Norovirus GII,85.05823,NC_029646,False,GII.P31 (GII.Pe),100.0,,,GII.4,100.0,Sydney_2012,100.0
MH218617.1,0,7570,7576,Caliciviridae Norovirus GII,84.418564,NC_029646,False,GII.P4,100.0,New_Orleans_2009,100.0,GII.4,100.0,Could not assign,
MH218619.1,0,7532,7538,Caliciviridae Norovirus GII,84.53338,NC_029646,False,GII.P4,100.0,New_Orleans_2009,100.0,GII.4,100.0,Sydney_2012,100.0
MH218621.1,0,7560,7566,Caliciviridae Norovirus GII,84.992615,NC_029646,False,GII.P31 (GII.Pe),100.0,,,GII.4,100.0,Sydney_2012,97.0
MH218623.1,0,7560,7566,Caliciviridae Norovirus GII,84.992615,NC_029646,False,GII.P31 (GII.Pe),100.0,,,GII.4,100.0,Sydney_2012,96.0
MH218625.1,0,7560,7566,Caliciviridae Norovirus GII,84.94341,NC_029646,False,GII.P31 (GII.Pe),100.0,,,GII.4,100.0,Sydney_2012,79.0
MH218627.1,0,7559,7565,Caliciviridae Norovirus GII,85.10743,NC_029646,False,GII.P31 (GII.Pe),100.0,,,GII.4,100.0,Sydney_2012,99.0
HM596590.4,0,7536,7524,Caliciviridae Norovirus GII,75.44232,NC_029646,False,GII.P16,100.0,,,GII.5,100.0,,
KF920739.4,0,7580,7568,Caliciviridae Norovirus GII,77.44022,NC_029646,False,GII.P16,100.0,,,GII.16,100.0,,
KF944111.3,1,7554,7558,Caliciviridae Norovirus GII,76.264915,NC_029646,False,GII.P16,100.0,,,GII.3,100.0,,
